---- WorkLoadUnit (NetworkId, LayerId, subLayerID, numIter, tileID) [Ni x inW x inH] => [No x outW x outH] | LayerType
 LinkSubtype (Link ID) : [delay, freq, repeat, period]
     BuffType <bufDbIndex> (BuffShape,dataType)[freq,repeat,repeatOffset,period]: space(coreId), bufWidth, activeBufWidth, bufHeight, bufSize, [offset, superOffset], baseMem
     FlowInfo : [pipeup]***[pipeline]***[pipedown]***[flowUnitBoundary]

 ******************************   CORE Number = 0 ***************************
 ------------- 1( 0, 1, 0, 7, 0) [3 x 416 x  416] => [12 x 208 x  208] | TIDL_ConvolutionLayer
 LINK_X_FM_IN_FULL_TO_PART      16          :  [0,6,1,1]
    FM_FULL        <0> ( L,U8b)[ 6, 1,    0, 1]: DDR( 0),173056,173056,     3,520192,[  0,  0],     0 |||| FM_IN_PART     <2> ( C,U8b)[ 6, 1,    0, 1]:  L2( 0), 65536, 65536,     3,196736,[   128,     0],     0
     Src_Flow [     0,     1,     1,     1] [     0,     0,     0]***[ 32448,     3,     5,     1] [173056, 32448,519168]***[ 10816,     3,     1,     1] [173056, 32448,     0]***[2]
     Snk_Flow [     0,     1,     1,     1] [     0,     0,     0]***[ 32448,     3,     5,     1] [ 65536, 32448,     0]***[ 10816,     3,     1,     1] [ 65536, 32448,     0]***[2]
 LINK_X_BIAS_IN_FULL_TO_FINAL   67108880    :  [0,1,1,1]
    COEFF_BIAS_FULL <5> ( L,S8b)[ 1, 1,    0, 1]: DDR_PERSIST( 0),     6,     6,    31,   188,[  0,  0],   144 |||| COEFF_IN_BIAS  <6> ( L,S8b)[ 1, 1,    0, 1]: MSMC( 0),     6,     6,    31,   188,[     0,     0], f1f44
     Src_Flow [     0,     1,     1,     1] [     0,     0,     0]***[     6,    12,     1,     1] [     6,     6,    72]***[     0,     1,     1,     1] [     0,     0,     0]***[2]
     Snk_Flow [     0,     1,     1,     1] [     0,     0,     0]***[     6,    12,     1,     1] [     6,     6,     0]***[     0,     1,     1,     1] [     0,     0,     0]***[2]
 LINK_P                         134217744   :  [1,6,1,1]
    FM_IN_PART     <2> ( C,U8b)[ 6, 1,    0, 1]:  L2( 0), 65536, 65536,     3,196736,[128,  0],     0 |||| FM_FULL        <1> ( L,S8b)[ 6, 1,    0, 1]: MSMC( 0), 43328, 43264,    12,519936,[     0,     0],     0
    COEFF_IN_FINAL  <4> ( L,S8b)[ 1, 1,    0, 1]: MSMC( 0),    27,    27,    12,   512,[  0,  0], f1e00
    COEFF_IN_BIAS   <6> ( L,S8b)[ 1, 1,    0, 1]: MSMC( 0),     6,     6,    31,   188,[  0,  0], f1f44
     Src_Flow [ 32448,     3,     1,     1] [ 65536, 32032,     0]***[ 32864,     3,     4,     1] [ 65536, 32448,     0]***[ 11232,     3,     1,     1] [ 65536, 32448,     0]***[2]
    Src2_Flow [     0,     1,     1,     1] [     0,     0,     0]***[    27,    12,     1,     1] [    27,   324,     0]***[     0,     1,     1,     1] [     0,     0,     0]***[2]
    Src2_Flow [     0,     1,     1,     1] [     0,     0,     0]***[     6,    12,     1,     1] [     6,    72,     0]***[     0,     1,     1,     1] [     0,     0,     0]***[2]
     Snk_Flow [  8112,    12,     1,     1] [ 43328,  8112,     0]***[  8112,    12,     4,     1] [ 43328,  8112,519936]***[  2704,    12,     1,     1] [ 43328,  8112,     0]***[2]
Padding Info [Row, Col]: Actual  IN -> OUT : [ 0,  0] -> [ 0,  0],  To fill zero OUT: [ 0,  0], Virtual Pad(T,L,B,R): [ 1,  1,  1,  1]

 ------------- 2( 0, 2, 0, 7, 0) [12 x 208 x  208] => [16 x 208 x  208] | TIDL_ConvolutionLayer
 LINK_X_FM_IN_FULL_TO_PART      536870944   :  [0,6,1,1]
    FM_FULL        <1> ( L,S8b)[ 6, 1,    0, 1]: MSMC( 0), 43328, 43264,    12,519936,[  0,  0],     0 |||| FM_IN_PART     <8> ( C,S8b)[ 6, 1,    0, 1]:  L2( 0), 16384, 16384,    12,196736,[   128,     0],     0
     Src_Flow [  8177,    12,     1,     1] [ 43328,  8177,     0]***[  7968,    12,     4,     1] [ 43328,  7968,519936]***[  3215,    12,     1,     1] [ 43328,  7968,     0]***[2]
     Snk_Flow [  8177,    12,     1,     1] [ 16384,  8177,     0]***[  7968,    12,     4,     1] [ 16384,  7968,     0]***[  3215,    12,     1,     1] [ 16384,  7968,     0]***[2]
 LINK_X_COEFF_IN_ANY_TO_FINAL   587202592   :  [0,1,1,1]
    COEFF_FULL     <9> ( L,S8b)[ 1, 1,    0, 1]: DDR_PERSIST( 0),   108,   108,    16,  1920,[  0,  0],   200 |||| COEFF_IN_FINAL <10> ( L,S8b)[ 1, 1,    0, 1]: MSMC( 0),   192,   108,    16,  3200,[     0,     0], a9400
     Src_Flow [     0,     1,     1,     1] [     0,     0,     0]***[   108,    16,     1,     1] [   108,   108,  1728]***[     0,     1,     1,     1] [     0,     0,     0]***[2]
     Snk_Flow [     0,     1,     1,     1] [     0,     0,     0]***[   108,    16,     1,     1] [   192,   108,     0]***[     0,     1,     1,     1] [     0,     0,     0]***[2]
 LINK_X_BIAS_IN_FULL_TO_FINAL   603979808   :  [0,1,1,1]
    COEFF_BIAS_FULL <11> ( L,S8b)[ 1, 1,    0, 1]: DDR_PERSIST( 0),     6,     6,    32,   192,[  0,  0],   8c0 |||| COEFF_IN_BIAS  <12> ( L,S8b)[ 1, 1,    0, 1]: MSMC( 0),     6,     6,    21,   128,[     0,     0], aa000
     Src_Flow [     0,     1,     1,     1] [     0,     0,     0]***[     6,    16,     1,     1] [     6,     6,    96]***[     0,     1,     1,     1] [     0,     0,     0]***[2]
     Snk_Flow [     0,     1,     1,     1] [     0,     0,     0]***[     6,    16,     1,     1] [     6,     6,     0]***[     0,     1,     1,     1] [     0,     0,     0]***[2]
 LINK_P                         671088672   :  [1,6,1,1]
    FM_IN_PART     <8> ( C,S8b)[ 6, 1,    0, 1]:  L2( 0), 16384, 16384,    12,196736,[128,  0],     0 |||| FM_FULL        <7> ( L,U8b)[ 6, 1,    0, 1]: MSMC( 0), 43328, 43264,    16,693248,[     0,     0],     0
    COEFF_IN_FINAL  <10> ( L,S8b)[ 1, 1,    0, 1]: MSMC( 0),   192,   108,    16,  3200,[  0,  0], a9400
    COEFF_IN_BIAS   <12> ( L,S8b)[ 1, 1,    0, 1]: MSMC( 0),     6,     6,    21,   128,[  0,  0], aa000
     Src_Flow [  8177,    12,     1,     1] [ 16384,  7759,     0]***[  8386,    12,     4,     1] [ 16384,  7968,     0]***[  3633,    12,     1,     1] [ 16384,  7968,     0]***[2]
    Src2_Flow [     0,     1,     1,     1] [     0,     0,     0]***[   108,    16,     1,     1] [   192,  3072,     0]***[     0,     1,     1,     1] [     0,     0,     0]***[2]
    Src2_Flow [     0,     1,     1,     1] [     0,     0,     0]***[     6,    16,     1,     1] [     6,    96,     0]***[     0,     1,     1,     1] [     0,     0,     0]***[2]
     Snk_Flow [  7968,    16,     1,     1] [ 43328,  7968,     0]***[  7968,    16,     4,     1] [ 43328,  7968,693248]***[  3424,    16,     1,     1] [ 43328,  7968,     0]***[2]
Padding Info [Row, Col]: Actual  IN -> OUT : [ 0,  0] -> [ 0,  0],  To fill zero OUT: [ 0,  0], Virtual Pad(T,L,B,R): [ 1,  1,  1,  1]

 ------------- 3( 0, 3, 0, 11, 0) [16 x 208 x  208] => [32 x 104 x  104] | TIDL_ConvolutionLayer
 LINK_X_FM_IN_FULL_TO_PART      1073741872  :  [0,8,1,1]
    FM_FULL        <7> ( L,U8b)[ 8, 1,    0, 1]: MSMC( 0), 43328, 43264,    16,693248,[  0,  0],     0 |||| FM_IN_PART     <14> ( L,U8b)[ 8, 1,    0, 1]:  L2( 0), 11968, 11968,    16,226560,[   128,     0],     0
     Src_Flow [     0,     1,     1,     1] [     0,     0,     0]***[  5824,    16,     7,     1] [ 43328,  5824,693248]***[  2496,    16,     1,     1] [ 43328,  5824,     0]***[2]
     Snk_Flow [     0,     1,     1,     1] [     0,     0,     0]***[  5824,    16,     7,     1] [ 11968,  5824,     0]***[  2496,    16,     1,     1] [ 11968,  5824,     0]***[2]
 LINK_X_COEFF_IN_ANY_TO_FINAL   1124073520  :  [0,1,1,1]
    COEFF_FULL     <16> ( L,S8b)[ 1, 1,    0, 1]: DDR_PERSIST( 0),   144,   144,    32,  4864,[  0,  0],   980 |||| COEFF_IN_FINAL <17> ( L,S8b)[ 1, 1,    0, 1]: MSMC( 0),   192,   144,    32,  6400,[     0,     0], a9400
     Src_Flow [     0,     1,     1,     1] [     0,     0,     0]***[   144,    32,     1,     1] [   144,   144,  4608]***[     0,     1,     1,     1] [     0,     0,     0]***[2]
     Snk_Flow [     0,     1,     1,     1] [     0,     0,     0]***[   144,    32,     1,     1] [   192,   144,     0]***[     0,     1,     1,     1] [     0,     0,     0]***[2]
 LINK_X_BIAS_IN_FULL_TO_FINAL   1140850736  :  [0,1,1,1]
    COEFF_BIAS_FULL <18> ( L,S8b)[ 1, 1,    0, 1]: DDR_PERSIST( 0),     6,     6,    42,   256,[  0,  0],  1b80 |||| COEFF_IN_BIAS  <19> ( L,S8b)[ 1, 1,    0, 1]: MSMC( 0),     6,     6,    42,   256,[     0,     0], aac00
     Src_Flow [     0,     1,     1,     1] [     0,     0,     0]***[     6,    32,     1,     1] [     6,     6,   192]***[     0,     1,     1,     1] [     0,     0,     0]***[2]
     Snk_Flow [     0,     1,     1,     1] [     0,     0,     0]***[     6,    32,     1,     1] [     6,     6,     0]***[     0,     1,     1,     1] [     0,     0,     0]***[2]
 LINK_X_FM_OUT_PART_TO_FULL     1157627952  :  [2,8,1,1]
    FM_OUT_PART    <15> (PP,U8b)[ 8, 1,    0, 1]: MSMC( 0),  1472,  1456,    32, 94208,[  0,  0], aad00 |||| FM_FULL        <13> ( L,U8b)[ 8, 1,    0, 1]: DDR( 0), 13248, 10816,    32,424960,[     0,     0],     0
     Src_Flow [  1456,    32,     1,     1] [  1472, 47104,     0]***[  1456,    32,     2,     3] [  1472,-47104,     0]***[   624,    32,     1,     1] [  1472,-47104,     0]***[2]
     Snk_Flow [  1456,    32,     1,     1] [ 13248,  1456,     0]***[  1456,    32,     6,     1] [ 13248,  1456,423936]***[   624,    32,     1,     1] [ 13248,  1456,     0]***[2]
 LINK_P                         1207959600  :  [1,8,1,1]
    FM_IN_PART     <14> ( L,U8b)[ 8, 1,    0, 1]:  L2( 0), 11968, 11968,    16,226560,[128,  0],     0 |||| FM_OUT_PART    <15> (PP,U8b)[ 8, 1,    0, 1]: MSMC( 0),  1472,  1456,    32, 94208,[     0,     0], aad00
    COEFF_IN_FINAL  <17> ( L,S8b)[ 1, 1,    0, 1]: MSMC( 0),   192,   144,    32,  6400,[  0,  0], a9400
    COEFF_IN_BIAS   <19> ( L,S8b)[ 1, 1,    0, 1]: MSMC( 0),     6,     6,    42,   256,[  0,  0], aac00
     Src_Flow [  5824,    16,     1,     1] [ 11968,  5616,     0]***[  6032,    16,     6,     1] [ 11968,  5824,     0]***[  2704,    16,     1,     1] [ 11968,  5824,     0]***[2]
    Src2_Flow [     0,     1,     1,     1] [     0,     0,     0]***[   144,    32,     1,     1] [   192,  6144,     0]***[     0,     1,     1,     1] [     0,     0,     0]***[2]
    Src2_Flow [     0,     1,     1,     1] [     0,     0,     0]***[     6,    32,     1,     1] [     6,   192,     0]***[     0,     1,     1,     1] [     0,     0,     0]***[2]
     Snk_Flow [  1456,    32,     1,     1] [  1472, 47104,     0]***[  1456,    32,     2,     3] [  1472,-47104,     0]***[   624,    32,     1,     1] [  1472,-47104,     0]***[2]
Padding Info [Row, Col]: Actual  IN -> OUT : [ 0,  0] -> [ 0,  0],  To fill zero OUT: [ 0,  0], Virtual Pad(T,L,B,R): [ 1,  1,  1,  1]

 ------------- 4( 0, 5, 0, 5, 0) [32 x 104 x  104] => [16 x 104 x  104] | TIDL_ConvolutionLayer
 LINK_X_FM_IN_FULL_TO_PART      1610612816  :  [0,4,1,1]
    FM_FULL        <13> ( L,U8b)[ 4, 1,    0, 1]: DDR( 0), 13248, 10816,    32,424960,[  0,  0],     0 |||| FM_IN_PART     <21> ( L,U8b)[ 4, 1,    0, 1]:  L2( 0),  6848,  6848,    32,226176,[     0,     0],     0
     Src_Flow [     0,     1,     1,     1] [     0,     0,     0]***[  3424,    32,     3,     1] [ 13248,  3424,423936]***[   544,    32,     1,     1] [ 13248,  3424,     0]***[2]
     Snk_Flow [     0,     1,     1,     1] [     0,     0,     0]***[  3424,    32,     3,     1] [  6848,  3424,     0]***[   544,    32,     1,     1] [  6848,  3424,     0]***[2]
 LINK_X_COEFF_IN_ANY_TO_FINAL   1660944464  :  [0,1,1,1]
    COEFF_FULL     <22> ( L,S8b)[ 1, 1,    0, 1]: DDR_PERSIST( 0),    32,    32,    16,   640,[  0,  0],  1c80 |||| COEFF_IN_FINAL <23> ( L,S8b)[ 1, 1,    0, 1]: MSMC( 0),    32,    32,    16,   640,[     0,     0], 2a400
     Src_Flow [     0,     1,     1,     1] [     0,     0,     0]***[    32,    16,     1,     1] [    32,    32,   512]***[     0,     1,     1,     1] [     0,     0,     0]***[2]
     Snk_Flow [     0,     1,     1,     1] [     0,     0,     0]***[    32,    16,     1,     1] [    32,    32,     0]***[     0,     1,     1,     1] [     0,     0,     0]***[2]
 LINK_X_BIAS_IN_FULL_TO_FINAL   1677721680  :  [0,1,1,1]
    COEFF_BIAS_FULL <24> ( L,S8b)[ 1, 1,    0, 1]: DDR_PERSIST( 0),     6,     6,    21,   128,[  0,  0],  1e80 |||| COEFF_IN_BIAS  <25> ( L,S8b)[ 1, 1,    0, 1]: MSMC( 0),     6,     6,    21,   128,[     0,     0], 2a600
     Src_Flow [     0,     1,     1,     1] [     0,     0,     0]***[     6,    16,     1,     1] [     6,     6,    96]***[     0,     1,     1,     1] [     0,     0,     0]***[2]
     Snk_Flow [     0,     1,     1,     1] [     0,     0,     0]***[     6,    16,     1,     1] [     6,     6,     0]***[     0,     1,     1,     1] [     0,     0,     0]***[2]
 LINK_P                         1744830544  :  [1,4,1,1]
    FM_IN_PART     <21> ( L,U8b)[ 4, 1,    0, 1]:  L2( 0),  6848,  6848,    32,226176,[  0,  0],     0 |||| FM_FULL        <20> ( L,U8b)[ 4, 1,    0, 1]: MSMC( 0), 10816, 10816,    16,173056,[     0,     0],     0
    COEFF_IN_FINAL  <23> ( L,S8b)[ 1, 1,    0, 1]: MSMC( 0),    32,    32,    16,   640,[  0,  0], 2a400
    COEFF_IN_BIAS   <25> ( L,S8b)[ 1, 1,    0, 1]: MSMC( 0),     6,     6,    21,   128,[  0,  0], 2a600
     Src_Flow [     0,     1,     1,     1] [     0,     0,     0]***[  3424,    32,     3,     1] [  6848,  3424,     0]***[   544,    32,     1,     1] [  6848,  3424,     0]***[2]
    Src2_Flow [     0,     1,     1,     1] [     0,     0,     0]***[    32,    16,     1,     1] [    32,   512,     0]***[     0,     1,     1,     1] [     0,     0,     0]***[2]
    Src2_Flow [     0,     1,     1,     1] [     0,     0,     0]***[     6,    16,     1,     1] [     6,    96,     0]***[     0,     1,     1,     1] [     0,     0,     0]***[2]
     Snk_Flow [     0,     1,     1,     1] [     0,     0,     0]***[  3424,    16,     3,     1] [ 10816,  3424,173056]***[   544,    16,     1,     1] [ 10816,  3424,     0]***[2]
Padding Info [Row, Col]: Actual  IN -> OUT : [ 0,  0] -> [ 0,  0],  To fill zero OUT: [ 0,  0], Virtual Pad(T,L,B,R): [ 0,  0,  0,  0]

 ------------- 5( 0, 4, 0, 5, 0) [32 x 104 x  104] => [16 x 104 x  104] | TIDL_ConvolutionLayer
 LINK_X_FM_IN_FULL_TO_PART      1610612800  :  [0,4,1,1]
    FM_FULL        <13> ( L,U8b)[ 4, 1,    0, 1]: DDR( 0), 13248, 10816,    32,424960,[  0,  0],     0 |||| FM_IN_PART     <27> ( L,U8b)[ 4, 1,    0, 1]:  L2( 0),  6848,  6848,    32,226176,[     0,     0],     0
     Src_Flow [     0,     1,     1,     1] [     0,     0,     0]***[  3424,    32,     3,     1] [ 13248,  3424,423936]***[   544,    32,     1,     1] [ 13248,  3424,     0]***[2]
     Snk_Flow [     0,     1,     1,     1] [     0,     0,     0]***[  3424,    32,     3,     1] [  6848,  3424,     0]***[   544,    32,     1,     1] [  6848,  3424,     0]***[2]
 LINK_X_COEFF_IN_ANY_TO_FINAL   1660944448  :  [0,1,1,1]
    COEFF_FULL     <28> ( L,S8b)[ 1, 1,    0, 1]: DDR_PERSIST( 0),    32,    32,    16,   640,[  0,  0],  1f00 |||| COEFF_IN_FINAL <29> ( L,S8b)[ 1, 1,    0, 1]: MSMC( 0),    32,    32,    16,   640,[     0,     0], 54800
     Src_Flow [     0,     1,     1,     1] [     0,     0,     0]***[    32,    16,     1,     1] [    32,    32,   512]***[     0,     1,     1,     1] [     0,     0,     0]***[2]
     Snk_Flow [     0,     1,     1,     1] [     0,     0,     0]***[    32,    16,     1,     1] [    32,    32,     0]***[     0,     1,     1,     1] [     0,     0,     0]***[2]
 LINK_X_BIAS_IN_FULL_TO_FINAL   1677721664  :  [0,1,1,1]
    COEFF_BIAS_FULL <30> ( L,S8b)[ 1, 1,    0, 1]: DDR_PERSIST( 0),     6,     6,    21,   128,[  0,  0],  2100 |||| COEFF_IN_BIAS  <31> ( L,S8b)[ 1, 1,    0, 1]: MSMC( 0),     6,     6,    21,   128,[     0,     0], 54a00
     Src_Flow [     0,     1,     1,     1] [     0,     0,     0]***[     6,    16,     1,     1] [     6,     6,    96]***[     0,     1,     1,     1] [     0,     0,     0]***[2]
     Snk_Flow [     0,     1,     1,     1] [     0,     0,     0]***[     6,    16,     1,     1] [     6,     6,     0]***[     0,     1,     1,     1] [     0,     0,     0]***[2]
 LINK_P                         1744830528  :  [1,4,1,1]
    FM_IN_PART     <27> ( L,U8b)[ 4, 1,    0, 1]:  L2( 0),  6848,  6848,    32,226176,[  0,  0],     0 |||| FM_FULL        <26> ( L,U8b)[ 4, 1,    0, 1]: MSMC( 0), 10816, 10816,    16,173056,[     0,     0], 2a400
    COEFF_IN_FINAL  <29> ( L,S8b)[ 1, 1,    0, 1]: MSMC( 0),    32,    32,    16,   640,[  0,  0], 54800
    COEFF_IN_BIAS   <31> ( L,S8b)[ 1, 1,    0, 1]: MSMC( 0),     6,     6,    21,   128,[  0,  0], 54a00
     Src_Flow [     0,     1,     1,     1] [     0,     0,     0]***[  3424,    32,     3,     1] [  6848,  3424,     0]***[   544,    32,     1,     1] [  6848,  3424,     0]***[2]
    Src2_Flow [     0,     1,     1,     1] [     0,     0,     0]***[    32,    16,     1,     1] [    32,   512,     0]***[     0,     1,     1,     1] [     0,     0,     0]***[2]
    Src2_Flow [     0,     1,     1,     1] [     0,     0,     0]***[     6,    16,     1,     1] [     6,    96,     0]***[     0,     1,     1,     1] [     0,     0,     0]***[2]
     Snk_Flow [     0,     1,     1,     1] [     0,     0,     0]***[  3424,    16,     3,     1] [ 10816,  3424,173056]***[   544,    16,     1,     1] [ 10816,  3424,     0]***[2]
Padding Info [Row, Col]: Actual  IN -> OUT : [ 0,  0] -> [ 0,  0],  To fill zero OUT: [ 0,  0], Virtual Pad(T,L,B,R): [ 0,  0,  0,  0]

 ------------- 6( 0, 6, 0, 3, 0) [16 x 104 x  104] => [16 x 104 x  104] | TIDL_ConvolutionLayer
 LINK_X_FM_IN_FULL_TO_PART      2147483744  :  [0,2,1,1]
    FM_FULL        <26> ( L,U8b)[ 2, 1,    0, 1]: MSMC( 0), 10816, 10816,    16,173056,[  0,  0], 2a400 |||| FM_IN_PART     <33> ( L,U8b)[ 2, 1,    0, 1]:  L2( 0), 14144, 14144,    16,226432,[     0,     0],     0
     Src_Flow [     0,     1,     1,     1] [     0,     0,     0]***[  7072,    16,     1,     1] [ 10816,  7072,173056]***[  3744,    16,     1,     1] [ 10816,  7072,     0]***[2]
     Snk_Flow [     0,     1,     1,     1] [     0,     0,     0]***[  7072,    16,     1,     1] [ 14144,  7072,     0]***[  3744,    16,     1,     1] [ 14144,  7072,     0]***[2]
 LINK_X_COEFF_IN_ANY_TO_FINAL   2197815392  :  [0,1,1,1]
    COEFF_FULL     <34> ( L,S8b)[ 1, 1,    0, 1]: DDR_PERSIST( 0),    16,    16,    16,   384,[  0,  0],  2180 |||| COEFF_IN_FINAL <35> ( L,S8b)[ 1, 1,    0, 1]: MSMC( 0),    16,    16,    16,   384,[     0,     0], 54800
     Src_Flow [     0,     1,     1,     1] [     0,     0,     0]***[    16,    16,     1,     1] [    16,    16,   256]***[     0,     1,     1,     1] [     0,     0,     0]***[2]
     Snk_Flow [     0,     1,     1,     1] [     0,     0,     0]***[    16,    16,     1,     1] [    16,    16,     0]***[     0,     1,     1,     1] [     0,     0,     0]***[2]
 LINK_X_BIAS_IN_FULL_TO_FINAL   2214592608  :  [0,1,1,1]
    COEFF_BIAS_FULL <36> ( L,S8b)[ 1, 1,    0, 1]: DDR_PERSIST( 0),     6,     6,    21,   128,[  0,  0],  2280 |||| COEFF_IN_BIAS  <37> ( L,S8b)[ 1, 1,    0, 1]: MSMC( 0),     6,     6,    21,   128,[     0,     0], 54900
     Src_Flow [     0,     1,     1,     1] [     0,     0,     0]***[     6,    16,     1,     1] [     6,     6,    96]***[     0,     1,     1,     1] [     0,     0,     0]***[2]
     Snk_Flow [     0,     1,     1,     1] [     0,     0,     0]***[     6,    16,     1,     1] [     6,     6,     0]***[     0,     1,     1,     1] [     0,     0,     0]***[2]
 LINK_P                         2281701472  :  [1,2,1,1]
    FM_IN_PART     <33> ( L,U8b)[ 2, 1,    0, 1]:  L2( 0), 14144, 14144,    16,226432,[  0,  0],     0 |||| FM_FULL        <32> ( L,U8b)[ 2, 1,    0, 1]: MSMC( 0), 10816, 10816,    16,173056,[     0,     0], 55480
    COEFF_IN_FINAL  <35> ( L,S8b)[ 1, 1,    0, 1]: MSMC( 0),    16,    16,    16,   384,[  0,  0], 54800
    COEFF_IN_BIAS   <37> ( L,S8b)[ 1, 1,    0, 1]: MSMC( 0),     6,     6,    21,   128,[  0,  0], 54900
     Src_Flow [     0,     1,     1,     1] [     0,     0,     0]***[  7072,    16,     1,     1] [ 14144,  7072,     0]***[  3744,    16,     1,     1] [ 14144,  7072,     0]***[2]
    Src2_Flow [     0,     1,     1,     1] [     0,     0,     0]***[    16,    16,     1,     1] [    16,   256,     0]***[     0,     1,     1,     1] [     0,     0,     0]***[2]
    Src2_Flow [     0,     1,     1,     1] [     0,     0,     0]***[     6,    16,     1,     1] [     6,    96,     0]***[     0,     1,     1,     1] [     0,     0,     0]***[2]
     Snk_Flow [     0,     1,     1,     1] [     0,     0,     0]***[  7072,    16,     1,     1] [ 10816,  7072,173056]***[  3744,    16,     1,     1] [ 10816,  7072,     0]***[2]
Padding Info [Row, Col]: Actual  IN -> OUT : [ 0,  0] -> [ 0,  0],  To fill zero OUT: [ 0,  0], Virtual Pad(T,L,B,R): [ 0,  0,  0,  0]

 ------------- 7( 0, 7, 0, 3, 0) [16 x 104 x  104] => [16 x 104 x  104] | TIDL_ConvolutionLayer
 LINK_X_FM_IN_FULL_TO_PART      3221225584  :  [0,2,1,1]
    FM_FULL        <32> ( L,U8b)[ 2, 1,    0, 1]: MSMC( 0), 10816, 10816,    16,173056,[  0,  0], 55480 |||| FM_IN_PART     <39> ( L,U8b)[ 2, 1,    0, 1]:  L2( 0), 14144, 14144,    16,226432,[   128,     0],     0
     Src_Flow [  7049,    16,     1,     1] [ 10816,  7049,     0]***[  3767,    16,     1,     1] [ 10816,  6944,     0]***[     0,     1,     1,     1] [     1,     1,     1]***[2]
     Snk_Flow [  7049,    16,     1,     1] [ 14144,  7049,     0]***[  3767,    16,     1,     1] [ 14144,  6944,     0]***[     0,     1,     1,     1] [     1,     1,     1]***[2]
 LINK_X_BIAS_IN_FULL_TO_FINAL   3288334448  :  [0,1,1,1]
    COEFF_BIAS_FULL <42> ( L,S8b)[ 1, 1,    0, 1]: DDR_PERSIST( 0),     6,     6,    21,   128,[  0,  0],  2c00 |||| COEFF_IN_BIAS  <43> ( L,S8b)[ 1, 1,    0, 1]: MSMC( 0),     6,     6,    21,   128,[     0,     0], f1d80
     Src_Flow [     0,     1,     1,     1] [     0,     0,     0]***[     6,    16,     1,     1] [     6,     6,    96]***[     0,     1,     1,     1] [     0,     0,     0]***[2]
     Snk_Flow [     0,     1,     1,     1] [     0,     0,     0]***[     6,    16,     1,     1] [     6,     6,     0]***[     0,     1,     1,     1] [     0,     0,     0]***[2]
 LINK_P                         3355443312  :  [1,2,1,1]
    FM_IN_PART     <39> ( L,U8b)[ 2, 1,    0, 1]:  L2( 0), 14144, 14144,    16,226432,[128,  0],     0 |||| FM_FULL        <38> ( L,U8b)[ 2, 1,    0, 1]: MSMC( 0), 10816, 10816,    16,173056,[     0,     0], 55480
    COEFF_IN_FINAL  <41> ( L,S8b)[ 1, 1,    0, 1]: MSMC( 0),   192,   144,    16,  3200,[  0,  0], f1180
    COEFF_IN_BIAS   <43> ( L,S8b)[ 1, 1,    0, 1]: MSMC( 0),     6,     6,    21,   128,[  0,  0], f1d80
     Src_Flow [  7049,    16,     1,     1] [ 14144,  6839,     0]***[  3977,    16,     1,     1] [ 14144,  6944,     0]***[     0,     1,     1,     1] [     1,     1,     1]***[2]
    Src2_Flow [     0,     1,     1,     1] [     0,     0,     0]***[   144,    16,     1,     1] [   192,  3072,     0]***[     0,     1,     1,     1] [     0,     0,     0]***[2]
    Src2_Flow [     0,     1,     1,     1] [     0,     0,     0]***[     6,    16,     1,     1] [     6,    96,     0]***[     0,     1,     1,     1] [     0,     0,     0]***[2]
     Snk_Flow [  6944,    16,     1,     1] [ 10816,  6944,     0]***[  3872,    16,     1,     1] [ 10816,  6944,     0]***[     0,     1,     1,     1] [     1,     1,     1]***[2]
Padding Info [Row, Col]: Actual  IN -> OUT : [ 0,  0] -> [ 0,  0],  To fill zero OUT: [ 0,  0], Virtual Pad(T,L,B,R): [ 1,  1,  1,  1]

 ------------- 8( 0, 8, 0, 5, 0) [32 x 104 x  104] => [16 x 104 x  104] | TIDL_EltWiseLayer
 LINK_X_FM_IN_FULL_TO_PART      3758096512  :  [0,4,1,1]
    FM_FULL        <38> ( L,U8b)[ 4, 1,    0, 1]: MSMC( 0), 10816, 10816,    16,173056,[  0,  0], 55480 |||| FM_IN_PART     <45> (PP,U8b)[ 4, 1,    0, 1]:  L2( 0), 10816, 10816,    16,173056,[     0,     0],     0
     Src_Flow [     0,     1,     1,     1] [     0,     0,     0]***[ 10816,     4,     4,     1] [ 10816, 43264, 43264]***[     0,     1,     1,     1] [     0,     0,     0]***[2]
     Snk_Flow [     0,     1,     1,     1] [     0,     0,     0]***[ 10816,     4,     2,     2] [ 10816, 86528,     0]***[     0,     1,     1,     1] [     0,     0,     0]***[2]
 LINK_X_FM_IN_FULL_TO_PART      2147483776  :  [0,4,1,1]
    FM_FULL        <26> ( L,U8b)[ 4, 1,    0, 1]: MSMC( 0), 10816, 10816,    16,173056,[  0,  0], 2a400 |||| FM_IN_PART     <45> (PP,U8b)[ 4, 1,    0, 1]:  L2( 0), 10816, 10816,    16,173056,[ 43264,     0],     0
     Src_Flow [     0,     1,     1,     1] [     0,     0,     0]***[ 10816,     4,     4,     1] [ 10816, 43264, 43264]***[     0,     1,     1,     1] [     0,     0,     0]***[2]
     Snk_Flow [     0,     1,     1,     1] [     0,     0,     0]***[ 10816,     4,     2,     2] [ 10816, 86528,     0]***[     0,     1,     1,     1] [     0,     0,     0]***[2]
 LINK_P                         35183969435776:  [1,4,1,1]
    FM_IN_PART     <45> (PP,U8b)[ 4, 1,    0, 1]:  L2( 0), 10816, 10816,    16,173056,[  0,  0],     0 |||| FM_FULL        <44> ( L,U8b)[ 4, 1,    0, 1]: MSMC( 0), 10816, 10816,    16,173056,[     0,     0], 2a400
    FM_IN_PART      <45> (PP,U8b)[ 4, 1,    0, 1]:  L2( 0), 10816, 10816,    16,173056,[43264,  0],     0
     Src_Flow [     0,     1,     1,     1] [     0,     0,     0]***[ 10816,     4,     2,     2] [ 10816, 86528,     0]***[     0,     1,     1,     1] [     0,     0,     0]***[2]
    Src2_Flow [     0,     1,     1,     1] [     0,     0,     0]***[ 10816,     4,     2,     2] [ 10816, 86528,     0]***[     0,     1,     1,     1] [     0,     0,     0]***[2]
     Snk_Flow [     0,     1,     1,     1] [     0,     0,     0]***[ 10816,     4,     4,     1] [ 10816, 43264, 43264]***[     0,     1,     1,     1] [     0,     0,     0]***[2]
Padding Info [Row, Col]: Actual  IN -> OUT : [ 0,  0] -> [ 0,  0],  To fill zero OUT: [ 0,  0], Virtual Pad(T,L,B,R): [ 0,  0,  0,  0]

 ------------- 9( 0, 9, 0, 5, 0) [32 x 104 x  104] => [32 x 104 x  104] | TIDL_ConcatLayer
 LINK_X_FM_IN_FULL_TO_PART      4294967440  :  [0,2,1,1]
    FM_FULL        <44> ( L,U8b)[ 2, 1,    0, 1]: MSMC( 0), 10816, 10816,    16,173056,[  0,  0], 2a400 |||| FM_IN_PART     <47> (PP,U8b)[ 2, 1,    0, 1]:  L2( 0), 10816, 10816,    16,173056,[     0,     0],     0
     Src_Flow [     0,     1,     1,     1] [     0,     0,     0]***[ 10816,     8,     2,     1] [ 10816, 86528, 86528]***[     0,     1,     1,     1] [     0,     0,     0]***[2]
     Snk_Flow [     0,     1,     1,     1] [     0,     0,     0]***[ 10816,     8,     2,     1] [ 10816, 86528,     0]***[     0,     1,     1,     1] [     0,     0,     0]***[2]
 LINK_X_FM_IN_FULL_TO_PART      2684354704  :  [2,2,1,1]
    FM_FULL        <20> ( L,U8b)[ 2, 1,    0, 1]: MSMC( 0), 10816, 10816,    16,173056,[  0,  0],     0 |||| FM_IN_PART     <47> (PP,U8b)[ 2, 1,    0, 1]:  L2( 0), 10816, 10816,    16,173056,[     0,     0],     0
     Src_Flow [     0,     1,     1,     1] [     0,     0,     0]***[ 10816,     8,     2,     1] [ 10816, 86528, 86528]***[     0,     1,     1,     1] [     0,     0,     0]***[2]
     Snk_Flow [     0,     1,     1,     1] [     0,     0,     0]***[ 10816,     8,     2,     1] [ 10816, 86528,     0]***[     0,     1,     1,     1] [     0,     0,     0]***[2]
 LINK_P                         4429185168  :  [1,2,1,1]
    FM_IN_PART     <47> (PP,U8b)[ 2, 1,    0, 1]:  L2( 0), 10816, 10816,    16,173056,[  0,  0],     0 |||| FM_FULL        <46> ( L,S8b)[ 2, 1,    0, 1]: MSMC( 0), 10816, 10816,    32,346112,[     0,     0], 2a400
     Src_Flow [     0,     1,     1,     1] [     0,     0,     0]***[ 10816,     8,     2,     1] [ 10816, 86528,     0]***[     0,     1,     1,     1] [     0,     0,     0]***[2]
     Snk_Flow [     0,     1,     1,     1] [     0,     0,     0]***[ 10816,     8,     2,     1] [ 10816, 86528, 86528]***[     0,     1,     1,     1] [     0,     0,     0]***[2]
 LINK_P                         2818572432  :  [3,2,1,1]
    FM_IN_PART     <47> (PP,U8b)[ 2, 1,    0, 1]:  L2( 0), 10816, 10816,    16,173056,[  0,  0],     0 |||| FM_FULL        <46> ( L,S8b)[ 2, 1,    0, 1]: MSMC( 0), 10816, 10816,    32,346112,[173056,     0], 2a400
     Src_Flow [     0,     1,     1,     1] [     0,     0,     0]***[ 10816,     8,     2,     1] [ 10816, 86528,     0]***[     0,     1,     1,     1] [     0,     0,     0]***[2]
     Snk_Flow [     0,     1,     1,     1] [     0,     0,     0]***[ 10816,     8,     2,     1] [ 10816, 86528, 86528]***[     0,     1,     1,     1] [     0,     0,     0]***[2]
Padding Info [Row, Col]: Actual  IN -> OUT : [ 0,  0] -> [ 0,  0],  To fill zero OUT: [ 0,  0], Virtual Pad(T,L,B,R): [ 0,  0,  0,  0]

 ------------- 10( 0, 10, 0, 5, 0) [32 x 104 x  104] => [32 x 104 x  104] | TIDL_ConvolutionLayer
 LINK_X_FM_IN_FULL_TO_PART      4831838368  :  [0,4,1,1]
    FM_FULL        <46> ( L,S8b)[ 4, 1,    0, 1]: MSMC( 0), 10816, 10816,    32,346112,[  0,  0], 2a400 |||| FM_IN_PART     <49> ( L,S8b)[ 4, 1,    0, 1]:  L2( 0),  6848,  6848,    32,226176,[     0,     0],     0
     Src_Flow [     0,     1,     1,     1] [     0,     0,     0]***[  3424,    32,     3,     1] [ 10816,  3424,346112]***[   544,    32,     1,     1] [ 10816,  3424,     0]***[2]
     Snk_Flow [     0,     1,     1,     1] [     0,     0,     0]***[  3424,    32,     3,     1] [  6848,  3424,     0]***[   544,    32,     1,     1] [  6848,  3424,     0]***[2]
 LINK_X_COEFF_IN_ANY_TO_FINAL   4882170016  :  [0,1,1,1]
    COEFF_FULL     <50> ( L,S8b)[ 1, 1,    0, 1]: DDR_PERSIST( 0),    32,    32,    32,  1280,[  0,  0],  2c80 |||| COEFF_IN_FINAL <51> ( L,S8b)[ 1, 1,    0, 1]: MSMC( 0),    32,    32,    32,  1280,[     0,     0], 7ec00
     Src_Flow [     0,     1,     1,     1] [     0,     0,     0]***[    32,    32,     1,     1] [    32,    32,  1024]***[     0,     1,     1,     1] [     0,     0,     0]***[2]
     Snk_Flow [     0,     1,     1,     1] [     0,     0,     0]***[    32,    32,     1,     1] [    32,    32,     0]***[     0,     1,     1,     1] [     0,     0,     0]***[2]
 LINK_X_BIAS_IN_FULL_TO_FINAL   4898947232  :  [0,1,1,1]
    COEFF_BIAS_FULL <52> ( L,S8b)[ 1, 1,    0, 1]: DDR_PERSIST( 0),     6,     6,    42,   256,[  0,  0],  3080 |||| COEFF_IN_BIAS  <53> ( L,S8b)[ 1, 1,    0, 1]: MSMC( 0),     6,     6,    42,   256,[     0,     0], 7f000
     Src_Flow [     0,     1,     1,     1] [     0,     0,     0]***[     6,    32,     1,     1] [     6,     6,   192]***[     0,     1,     1,     1] [     0,     0,     0]***[2]
     Snk_Flow [     0,     1,     1,     1] [     0,     0,     0]***[     6,    32,     1,     1] [     6,     6,     0]***[     0,     1,     1,     1] [     0,     0,     0]***[2]
 LINK_P                         4966056096  :  [1,4,1,1]
    FM_IN_PART     <49> ( L,S8b)[ 4, 1,    0, 1]:  L2( 0),  6848,  6848,    32,226176,[  0,  0],     0 |||| FM_FULL        <48> ( L,U8b)[ 4, 1,    0, 1]: MSMC( 0), 10816, 10816,    32,346112,[     0,     0],     0
    COEFF_IN_FINAL  <51> ( L,S8b)[ 1, 1,    0, 1]: MSMC( 0),    32,    32,    32,  1280,[  0,  0], 7ec00
    COEFF_IN_BIAS   <53> ( L,S8b)[ 1, 1,    0, 1]: MSMC( 0),     6,     6,    42,   256,[  0,  0], 7f000
     Src_Flow [     0,     1,     1,     1] [     0,     0,     0]***[  3424,    32,     3,     1] [  6848,  3424,     0]***[   544,    32,     1,     1] [  6848,  3424,     0]***[2]
    Src2_Flow [     0,     1,     1,     1] [     0,     0,     0]***[    32,    32,     1,     1] [    32,  1024,     0]***[     0,     1,     1,     1] [     0,     0,     0]***[2]
    Src2_Flow [     0,     1,     1,     1] [     0,     0,     0]***[     6,    32,     1,     1] [     6,   192,     0]***[     0,     1,     1,     1] [     0,     0,     0]***[2]
     Snk_Flow [     0,     1,     1,     1] [     0,     0,     0]***[  3424,    32,     3,     1] [ 10816,  3424,346112]***[   544,    32,     1,     1] [ 10816,  3424,     0]***[2]
Padding Info [Row, Col]: Actual  IN -> OUT : [ 0,  0] -> [ 0,  0],  To fill zero OUT: [ 0,  0], Virtual Pad(T,L,B,R): [ 0,  0,  0,  0]

 ------------- 11( 0, 11, 0, 5, 0) [32 x 104 x  104] => [64 x 52 x  52] | TIDL_ConvolutionLayer
 LINK_X_FM_IN_FULL_TO_PART      5368709296  :  [0,4,1,1]
    FM_FULL        <48> ( L,U8b)[ 4, 1,    0, 1]: MSMC( 0), 10816, 10816,    32,346112,[  0,  0],     0 |||| FM_IN_PART     <55> ( L,U8b)[ 4, 1,    0, 1]:  L2( 0),  6848,  6848,    32,225920,[   128,     0],     0
     Src_Flow [     0,     1,     1,     1] [     0,     0,     0]***[  3328,    32,     3,     1] [ 10816,  3328,346112]***[   832,    32,     1,     1] [ 10816,  3328,     0]***[2]
     Snk_Flow [     0,     1,     1,     1] [     0,     0,     0]***[  3328,    32,     3,     1] [  6848,  3328,     0]***[   832,    32,     1,     1] [  6848,  3328,     0]***[2]
 LINK_X_COEFF_IN_ANY_TO_FINAL   5419040944  :  [0,1,1,1]
    COEFF_FULL     <56> ( L,S8b)[ 1, 1,    0, 1]: DDR_PERSIST( 0),   288,   288,    64, 18816,[  0,  0],  3180 |||| COEFF_IN_FINAL <57> ( L,S8b)[ 1, 1,    0, 1]: MSMC( 0),   320,   288,    64, 20864,[     0,     0], 54800
     Src_Flow [     0,     1,     1,     1] [     0,     0,     0]***[   288,    64,     1,     1] [   288,   288, 18432]***[     0,     1,     1,     1] [     0,     0,     0]***[2]
     Snk_Flow [     0,     1,     1,     1] [     0,     0,     0]***[   288,    64,     1,     1] [   320,   288,     0]***[     0,     1,     1,     1] [     0,     0,     0]***[2]
 LINK_X_BIAS_IN_FULL_TO_FINAL   5435818160  :  [0,1,1,1]
    COEFF_BIAS_FULL <58> ( L,S8b)[ 1, 1,    0, 1]: DDR_PERSIST( 0),     6,     6,    64,   384,[  0,  0],  7980 |||| COEFF_IN_BIAS  <59> ( L,S8b)[ 1, 1,    0, 1]: MSMC( 0),     6,     6,    64,   384,[     0,     0], 59800
     Src_Flow [     0,     1,     1,     1] [     0,     0,     0]***[     6,    64,     1,     1] [     6,     6,   384]***[     0,     1,     1,     1] [     0,     0,     0]***[2]
     Snk_Flow [     0,     1,     1,     1] [     0,     0,     0]***[     6,    64,     1,     1] [     6,     6,     0]***[     0,     1,     1,     1] [     0,     0,     0]***[2]
 LINK_P                         5502927024  :  [1,4,1,1]
    FM_IN_PART     <55> ( L,U8b)[ 4, 1,    0, 1]:  L2( 0),  6848,  6848,    32,225920,[128,  0],     0 |||| FM_FULL        <54> ( L,U8b)[ 4, 1,    0, 1]: MSMC( 0),  2752,  2704,    64,176128,[     0,     0], 59980
    COEFF_IN_FINAL  <57> ( L,S8b)[ 1, 1,    0, 1]: MSMC( 0),   320,   288,    64, 20864,[  0,  0], 54800
    COEFF_IN_BIAS   <59> ( L,S8b)[ 1, 1,    0, 1]: MSMC( 0),     6,     6,    64,   384,[  0,  0], 59800
     Src_Flow [  3328,    32,     1,     1] [  6848,  3224,     0]***[  3432,    32,     2,     1] [  6848,  3328,     0]***[   936,    32,     1,     1] [  6848,  3328,     0]***[2]
    Src2_Flow [     0,     1,     1,     1] [     0,     0,     0]***[   288,    64,     1,     1] [   320, 20480,     0]***[     0,     1,     1,     1] [     0,     0,     0]***[2]
    Src2_Flow [     0,     1,     1,     1] [     0,     0,     0]***[     6,    64,     1,     1] [     6,   384,     0]***[     0,     1,     1,     1] [     0,     0,     0]***[2]
     Snk_Flow [   832,    64,     1,     1] [  2752,   832,     0]***[   832,    64,     2,     1] [  2752,   832,176128]***[   208,    64,     1,     1] [  2752,   832,     0]***[2]
Padding Info [Row, Col]: Actual  IN -> OUT : [ 0,  0] -> [ 0,  0],  To fill zero OUT: [ 0,  0], Virtual Pad(T,L,B,R): [ 1,  1,  1,  1]

 ------------- 12( 0, 13, 0, 3, 0) [64 x 52 x  52] => [32 x 52 x  52] | TIDL_ConvolutionLayer
 LINK_X_FM_IN_FULL_TO_PART      5905580240  :  [0,2,1,1]
    FM_FULL        <54> ( L,U8b)[ 2, 1,    0, 1]: MSMC( 0),  2752,  2704,    64,176128,[  0,  0], 59980 |||| FM_IN_PART     <61> ( L,U8b)[ 2, 1,    0, 1]:  L2( 0),  3520,  3520,    64,225408,[     0,     0],     0
     Src_Flow [     0,     1,     1,     1] [     0,     0,     0]***[  1760,    64,     1,     1] [  2752,  1760,176128]***[   944,    64,     1,     1] [  2752,  1760,     0]***[2]
     Snk_Flow [     0,     1,     1,     1] [     0,     0,     0]***[  1760,    64,     1,     1] [  3520,  1760,     0]***[   944,    64,     1,     1] [  3520,  1760,     0]***[2]
 LINK_X_COEFF_IN_ANY_TO_FINAL   5955911888  :  [0,1,1,1]
    COEFF_FULL     <62> ( L,S8b)[ 1, 1,    0, 1]: DDR_PERSIST( 0),    64,    64,    32,  2304,[  0,  0],  7b00 |||| COEFF_IN_FINAL <63> ( L,S8b)[ 1, 1,    0, 1]: MSMC( 0),    64,    64,    32,  2304,[     0,     0], 15800
     Src_Flow [     0,     1,     1,     1] [     0,     0,     0]***[    64,    32,     1,     1] [    64,    64,  2048]***[     0,     1,     1,     1] [     0,     0,     0]***[2]
     Snk_Flow [     0,     1,     1,     1] [     0,     0,     0]***[    64,    32,     1,     1] [    64,    64,     0]***[     0,     1,     1,     1] [     0,     0,     0]***[2]
 LINK_X_BIAS_IN_FULL_TO_FINAL   5972689104  :  [0,1,1,1]
    COEFF_BIAS_FULL <64> ( L,S8b)[ 1, 1,    0, 1]: DDR_PERSIST( 0),     6,     6,    42,   256,[  0,  0],  8300 |||| COEFF_IN_BIAS  <65> ( L,S8b)[ 1, 1,    0, 1]: MSMC( 0),     6,     6,    42,   256,[     0,     0], 16000
     Src_Flow [     0,     1,     1,     1] [     0,     0,     0]***[     6,    32,     1,     1] [     6,     6,   192]***[     0,     1,     1,     1] [     0,     0,     0]***[2]
     Snk_Flow [     0,     1,     1,     1] [     0,     0,     0]***[     6,    32,     1,     1] [     6,     6,     0]***[     0,     1,     1,     1] [     0,     0,     0]***[2]
 LINK_P                         6039797968  :  [1,2,1,1]
    FM_IN_PART     <61> ( L,U8b)[ 2, 1,    0, 1]:  L2( 0),  3520,  3520,    64,225408,[  0,  0],     0 |||| FM_FULL        <60> ( L,U8b)[ 2, 1,    0, 1]: MSMC( 0),  2752,  2704,    32, 88064,[     0,     0],     0
    COEFF_IN_FINAL  <63> ( L,S8b)[ 1, 1,    0, 1]: MSMC( 0),    64,    64,    32,  2304,[  0,  0], 15800
    COEFF_IN_BIAS   <65> ( L,S8b)[ 1, 1,    0, 1]: MSMC( 0),     6,     6,    42,   256,[  0,  0], 16000
     Src_Flow [     0,     1,     1,     1] [     0,     0,     0]***[  1760,    64,     1,     1] [  3520,  1760,     0]***[   944,    64,     1,     1] [  3520,  1760,     0]***[2]
    Src2_Flow [     0,     1,     1,     1] [     0,     0,     0]***[    64,    32,     1,     1] [    64,  2048,     0]***[     0,     1,     1,     1] [     0,     0,     0]***[2]
    Src2_Flow [     0,     1,     1,     1] [     0,     0,     0]***[     6,    32,     1,     1] [     6,   192,     0]***[     0,     1,     1,     1] [     0,     0,     0]***[2]
     Snk_Flow [     0,     1,     1,     1] [     0,     0,     0]***[  1760,    32,     1,     1] [  2752,  1760, 88064]***[   944,    32,     1,     1] [  2752,  1760,     0]***[2]
Padding Info [Row, Col]: Actual  IN -> OUT : [ 0,  0] -> [ 0,  0],  To fill zero OUT: [ 0,  0], Virtual Pad(T,L,B,R): [ 0,  0,  0,  0]

 ------------- 13( 0, 12, 0, 3, 0) [64 x 52 x  52] => [32 x 52 x  52] | TIDL_ConvolutionLayer
 LINK_X_FM_IN_FULL_TO_PART      5905580224  :  [0,2,1,1]
    FM_FULL        <54> ( L,U8b)[ 2, 1,    0, 1]: MSMC( 0),  2752,  2704,    64,176128,[  0,  0], 59980 |||| FM_IN_PART     <67> ( L,U8b)[ 2, 1,    0, 1]:  L2( 0),  3520,  3520,    64,225408,[     0,     0],     0
     Src_Flow [     0,     1,     1,     1] [     0,     0,     0]***[  1760,    64,     1,     1] [  2752,  1760,176128]***[   944,    64,     1,     1] [  2752,  1760,     0]***[2]
     Snk_Flow [     0,     1,     1,     1] [     0,     0,     0]***[  1760,    64,     1,     1] [  3520,  1760,     0]***[   944,    64,     1,     1] [  3520,  1760,     0]***[2]
 LINK_X_COEFF_IN_ANY_TO_FINAL   5955911872  :  [0,1,1,1]
    COEFF_FULL     <68> ( L,S8b)[ 1, 1,    0, 1]: DDR_PERSIST( 0),    64,    64,    32,  2304,[  0,  0],  8400 |||| COEFF_IN_FINAL <69> ( L,S8b)[ 1, 1,    0, 1]: MSMC( 0),    64,    64,    32,  2304,[     0,     0], 2b000
     Src_Flow [     0,     1,     1,     1] [     0,     0,     0]***[    64,    32,     1,     1] [    64,    64,  2048]***[     0,     1,     1,     1] [     0,     0,     0]***[2]
     Snk_Flow [     0,     1,     1,     1] [     0,     0,     0]***[    64,    32,     1,     1] [    64,    64,     0]***[     0,     1,     1,     1] [     0,     0,     0]***[2]
 LINK_X_BIAS_IN_FULL_TO_FINAL   5972689088  :  [0,1,1,1]
    COEFF_BIAS_FULL <70> ( L,S8b)[ 1, 1,    0, 1]: DDR_PERSIST( 0),     6,     6,    42,   256,[  0,  0],  8c00 |||| COEFF_IN_BIAS  <71> ( L,S8b)[ 1, 1,    0, 1]: MSMC( 0),     6,     6,    42,   256,[     0,     0], 2b800
     Src_Flow [     0,     1,     1,     1] [     0,     0,     0]***[     6,    32,     1,     1] [     6,     6,   192]***[     0,     1,     1,     1] [     0,     0,     0]***[2]
     Snk_Flow [     0,     1,     1,     1] [     0,     0,     0]***[     6,    32,     1,     1] [     6,     6,     0]***[     0,     1,     1,     1] [     0,     0,     0]***[2]
 LINK_P                         6039797952  :  [1,2,1,1]
    FM_IN_PART     <67> ( L,U8b)[ 2, 1,    0, 1]:  L2( 0),  3520,  3520,    64,225408,[  0,  0],     0 |||| FM_FULL        <66> ( L,U8b)[ 2, 1,    0, 1]: MSMC( 0),  2752,  2704,    32, 88064,[     0,     0], 15800
    COEFF_IN_FINAL  <69> ( L,S8b)[ 1, 1,    0, 1]: MSMC( 0),    64,    64,    32,  2304,[  0,  0], 2b000
    COEFF_IN_BIAS   <71> ( L,S8b)[ 1, 1,    0, 1]: MSMC( 0),     6,     6,    42,   256,[  0,  0], 2b800
     Src_Flow [     0,     1,     1,     1] [     0,     0,     0]***[  1760,    64,     1,     1] [  3520,  1760,     0]***[   944,    64,     1,     1] [  3520,  1760,     0]***[2]
    Src2_Flow [     0,     1,     1,     1] [     0,     0,     0]***[    64,    32,     1,     1] [    64,  2048,     0]***[     0,     1,     1,     1] [     0,     0,     0]***[2]
    Src2_Flow [     0,     1,     1,     1] [     0,     0,     0]***[     6,    32,     1,     1] [     6,   192,     0]***[     0,     1,     1,     1] [     0,     0,     0]***[2]
     Snk_Flow [     0,     1,     1,     1] [     0,     0,     0]***[  1760,    32,     1,     1] [  2752,  1760, 88064]***[   944,    32,     1,     1] [  2752,  1760,     0]***[2]
Padding Info [Row, Col]: Actual  IN -> OUT : [ 0,  0] -> [ 0,  0],  To fill zero OUT: [ 0,  0], Virtual Pad(T,L,B,R): [ 0,  0,  0,  0]

 ------------- 14( 0, 14, 0, 2, 0) [32 x 52 x  52] => [32 x 52 x  52] | TIDL_ConvolutionLayer
 LINK_X_FM_IN_FULL_TO_PART      6442451168  :  [0,1,1,1]
    FM_FULL        <66> ( L,U8b)[ 1, 1,    0, 1]: MSMC( 0),  2752,  2704,    32, 88064,[  0,  0], 15800 |||| FM_IN_PART     <73> ( L,U8b)[ 1, 1,    0, 1]:  L2( 0),  2752,  2752,    32, 88192,[     0,     0],     0
     Src_Flow [     0,     1,     1,     1] [     0,     0,     0]***[  2704,    32,     1,     1] [  2752,  2704, 88064]***[     0,     1,     1,     1] [     0,     0,     0]***[2]
     Snk_Flow [     0,     1,     1,     1] [     0,     0,     0]***[  2704,    32,     1,     1] [  2752,  2704,     0]***[     0,     1,     1,     1] [     0,     0,     0]***[2]
 LINK_X_COEFF_IN_ANY_TO_FINAL   6492782816  :  [0,1,1,1]
    COEFF_FULL     <74> ( L,S8b)[ 1, 1,    0, 1]: DDR_PERSIST( 0),    32,    32,    32,  1280,[  0,  0],  8d00 |||| COEFF_IN_FINAL <75> ( L,S8b)[ 1, 1,    0, 1]: MSMC( 0),    32,    32,    32,  1280,[     0,     0], 40800
     Src_Flow [     0,     1,     1,     1] [     0,     0,     0]***[    32,    32,     1,     1] [    32,    32,  1024]***[     0,     1,     1,     1] [     0,     0,     0]***[2]
     Snk_Flow [     0,     1,     1,     1] [     0,     0,     0]***[    32,    32,     1,     1] [    32,    32,     0]***[     0,     1,     1,     1] [     0,     0,     0]***[2]
 LINK_X_BIAS_IN_FULL_TO_FINAL   6509560032  :  [0,1,1,1]
    COEFF_BIAS_FULL <76> ( L,S8b)[ 1, 1,    0, 1]: DDR_PERSIST( 0),     6,     6,    42,   256,[  0,  0],  9100 |||| COEFF_IN_BIAS  <77> ( L,S8b)[ 1, 1,    0, 1]: MSMC( 0),     6,     6,    42,   256,[     0,     0], 40c00
     Src_Flow [     0,     1,     1,     1] [     0,     0,     0]***[     6,    32,     1,     1] [     6,     6,   192]***[     0,     1,     1,     1] [     0,     0,     0]***[2]
     Snk_Flow [     0,     1,     1,     1] [     0,     0,     0]***[     6,    32,     1,     1] [     6,     6,     0]***[     0,     1,     1,     1] [     0,     0,     0]***[2]
 LINK_P                         6576668896  :  [1,1,1,1]
    FM_IN_PART     <73> ( L,U8b)[ 1, 1,    0, 1]:  L2( 0),  2752,  2752,    32, 88192,[  0,  0],     0 |||| FM_FULL        <72> ( L,U8b)[ 1, 1,    0, 1]: MSMC( 0),  2752,  2704,    32, 88064,[     0,     0], 2b000
    COEFF_IN_FINAL  <75> ( L,S8b)[ 1, 1,    0, 1]: MSMC( 0),    32,    32,    32,  1280,[  0,  0], 40800
    COEFF_IN_BIAS   <77> ( L,S8b)[ 1, 1,    0, 1]: MSMC( 0),     6,     6,    42,   256,[  0,  0], 40c00
     Src_Flow [     0,     1,     1,     1] [     0,     0,     0]***[  2704,    32,     1,     1] [  2752,  2704,     0]***[     0,     1,     1,     1] [     0,     0,     0]***[2]
    Src2_Flow [     0,     1,     1,     1] [     0,     0,     0]***[    32,    32,     1,     1] [    32,  1024,     0]***[     0,     1,     1,     1] [     0,     0,     0]***[2]
    Src2_Flow [     0,     1,     1,     1] [     0,     0,     0]***[     6,    32,     1,     1] [     6,   192,     0]***[     0,     1,     1,     1] [     0,     0,     0]***[2]
     Snk_Flow [     0,     1,     1,     1] [     0,     0,     0]***[  2704,    32,     1,     1] [  2752,  2704, 88064]***[     0,     1,     1,     1] [     0,     0,     0]***[2]
Padding Info [Row, Col]: Actual  IN -> OUT : [ 0,  0] -> [ 0,  0],  To fill zero OUT: [ 0,  0], Virtual Pad(T,L,B,R): [ 0,  0,  0,  0]

 ------------- 15( 0, 15, 0, 2, 0) [32 x 52 x  52] => [32 x 52 x  52] | TIDL_ConvolutionLayer
 LINK_X_FM_IN_FULL_TO_PART      7516193008  :  [0,1,1,1]
    FM_FULL        <72> ( L,U8b)[ 1, 1,    0, 1]: MSMC( 0),  2752,  2704,    32, 88064,[  0,  0], 2b000 |||| FM_IN_PART     <79> ( L,U8b)[ 1, 1,    0, 1]:  L2( 0),  2752,  2752,    32, 90752,[   128,     0],     0
     Src_Flow [     0,     1,     1,     1] [     0,     0,     0]***[  2704,    32,     1,     1] [  2752,  2704, 88064]***[     0,     1,     1,     1] [     0,     0,     0]***[2]
     Snk_Flow [     0,     1,     1,     1] [     0,     0,     0]***[  2704,    32,     1,     1] [  2752,  2704,     0]***[     0,     1,     1,     1] [     0,     0,     0]***[2]
 LINK_X_COEFF_IN_ANY_TO_FINAL   7566524656  :  [0,1,1,1]
    COEFF_FULL     <80> ( L,S8b)[ 1, 1,    0, 1]: DDR_PERSIST( 0),   288,   288,    32,  9472,[  0,  0],  9200 |||| COEFF_IN_FINAL <81> ( L,S8b)[ 1, 1,    0, 1]: MSMC( 0),   320,   288,    32, 10496,[     0,     0], 40800
     Src_Flow [     0,     1,     1,     1] [     0,     0,     0]***[   288,    32,     1,     1] [   288,   288,  9216]***[     0,     1,     1,     1] [     0,     0,     0]***[2]
     Snk_Flow [     0,     1,     1,     1] [     0,     0,     0]***[   288,    32,     1,     1] [   320,   288,     0]***[     0,     1,     1,     1] [     0,     0,     0]***[2]
 LINK_X_BIAS_IN_FULL_TO_FINAL   7583301872  :  [0,1,1,1]
    COEFF_BIAS_FULL <82> ( L,S8b)[ 1, 1,    0, 1]: DDR_PERSIST( 0),     6,     6,    42,   256,[  0,  0],  b600 |||| COEFF_IN_BIAS  <83> ( L,S8b)[ 1, 1,    0, 1]: MSMC( 0),     6,     6,    42,   256,[     0,     0], 43000
     Src_Flow [     0,     1,     1,     1] [     0,     0,     0]***[     6,    32,     1,     1] [     6,     6,   192]***[     0,     1,     1,     1] [     0,     0,     0]***[2]
     Snk_Flow [     0,     1,     1,     1] [     0,     0,     0]***[     6,    32,     1,     1] [     6,     6,     0]***[     0,     1,     1,     1] [     0,     0,     0]***[2]
 LINK_P                         7650410736  :  [1,1,1,1]
    FM_IN_PART     <79> ( L,U8b)[ 1, 1,    0, 1]:  L2( 0),  2752,  2752,    32, 90752,[128,  0],     0 |||| FM_FULL        <78> ( L,U8b)[ 1, 1,    0, 1]: MSMC( 0),  2752,  2704,    32, 88064,[     0,     0], 2b000
    COEFF_IN_FINAL  <81> ( L,S8b)[ 1, 1,    0, 1]: MSMC( 0),   320,   288,    32, 10496,[  0,  0], 40800
    COEFF_IN_BIAS   <83> ( L,S8b)[ 1, 1,    0, 1]: MSMC( 0),     6,     6,    42,   256,[  0,  0], 43000
     Src_Flow [     0,     1,     1,     1] [     0,     0,     0]***[  2704,    32,     1,     1] [  2752,  2704,     0]***[     0,     1,     1,     1] [     1,     1,     1]***[2]
    Src2_Flow [     0,     1,     1,     1] [     0,     0,     0]***[   288,    32,     1,     1] [   320, 10240,     0]***[     0,     1,     1,     1] [     0,     0,     0]***[2]
    Src2_Flow [     0,     1,     1,     1] [     0,     0,     0]***[     6,    32,     1,     1] [     6,   192,     0]***[     0,     1,     1,     1] [     0,     0,     0]***[2]
     Snk_Flow [     0,     1,     1,     1] [     0,     0,     0]***[  2704,    32,     1,     1] [  2752,  2704, 88064]***[     0,     1,     1,     1] [     0,     0,     0]***[2]
Padding Info [Row, Col]: Actual  IN -> OUT : [ 0,  0] -> [ 0,  0],  To fill zero OUT: [ 0,  0], Virtual Pad(T,L,B,R): [ 1,  1,  1,  1]

 ------------- 16( 0, 16, 0, 3, 0) [64 x 52 x  52] => [32 x 52 x  52] | TIDL_EltWiseLayer
 LINK_X_FM_IN_FULL_TO_PART      8053063936  :  [0,2,1,1]
    FM_FULL        <78> ( L,U8b)[ 2, 1,    0, 1]: MSMC( 0),  2752,  2704,    32, 88064,[  0,  0], 2b000 |||| FM_IN_PART     <85> (PP,U8b)[ 2, 1,    0, 1]:  L2( 0),  2756,  2756,    64,176384,[     0,     0],     0
     Src_Flow [     0,     1,     1,     1] [     0,     0,     0]***[  2704,    16,     2,     1] [  2752, 44032, 44032]***[     0,     1,     1,     1] [     0,     0,     0]***[2]
     Snk_Flow [     0,     1,     1,     1] [     0,     0,     0]***[  2704,    16,     2,     1] [  2756, 88192,     0]***[     0,     1,     1,     1] [     0,     0,     0]***[2]
 LINK_X_FM_IN_FULL_TO_PART      6442451200  :  [0,2,1,1]
    FM_FULL        <66> ( L,U8b)[ 2, 1,    0, 1]: MSMC( 0),  2752,  2704,    32, 88064,[  0,  0], 15800 |||| FM_IN_PART     <85> (PP,U8b)[ 2, 1,    0, 1]:  L2( 0),  2756,  2756,    64,176384,[ 44096,     0],     0
     Src_Flow [     0,     1,     1,     1] [     0,     0,     0]***[  2704,    16,     2,     1] [  2752, 44032, 44032]***[     0,     1,     1,     1] [     0,     0,     0]***[2]
     Snk_Flow [     0,     1,     1,     1] [     0,     0,     0]***[  2704,    16,     2,     1] [  2756, 88192,     0]***[     0,     1,     1,     1] [     0,     0,     0]***[2]
 LINK_P                         35183969435904:  [1,2,1,1]
    FM_IN_PART     <85> (PP,U8b)[ 2, 1,    0, 1]:  L2( 0),  2756,  2756,    64,176384,[  0,  0],     0 |||| FM_FULL        <84> ( L,U8b)[ 2, 1,    0, 1]: MSMC( 0),  2752,  2704,    32, 88064,[     0,     0], 15800
    FM_IN_PART      <85> (PP,U8b)[ 2, 1,    0, 1]:  L2( 0),  2756,  2756,    64,176384,[44096,  0],     0
     Src_Flow [     0,     1,     1,     1] [     0,     0,     0]***[  2704,    16,     2,     1] [  2756, 88192,     0]***[     0,     1,     1,     1] [     0,     0,     0]***[2]
    Src2_Flow [     0,     1,     1,     1] [     0,     0,     0]***[  2704,    16,     2,     1] [  2756, 88192,     0]***[     0,     1,     1,     1] [     0,     0,     0]***[2]
     Snk_Flow [     0,     1,     1,     1] [     0,     0,     0]***[  2704,    16,     2,     1] [  2752, 44032, 44032]***[     0,     1,     1,     1] [     0,     0,     0]***[2]
Padding Info [Row, Col]: Actual  IN -> OUT : [ 0,  0] -> [ 0,  0],  To fill zero OUT: [ 0,  0], Virtual Pad(T,L,B,R): [ 0,  0,  0,  0]

 ------------- 17( 0, 17, 0, 2, 0) [32 x 52 x  52] => [32 x 52 x  52] | TIDL_ConvolutionLayer
 LINK_X_FM_IN_FULL_TO_PART      8589934864  :  [0,1,1,1]
    FM_FULL        <84> ( L,U8b)[ 1, 1,    0, 1]: MSMC( 0),  2752,  2704,    32, 88064,[  0,  0], 15800 |||| FM_IN_PART     <87> ( L,U8b)[ 1, 1,    0, 1]:  L2( 0),  2752,  2752,    32, 88192,[     0,     0],     0
     Src_Flow [     0,     1,     1,     1] [     0,     0,     0]***[  2704,    32,     1,     1] [  2752,  2704, 88064]***[     0,     1,     1,     1] [     0,     0,     0]***[2]
     Snk_Flow [     0,     1,     1,     1] [     0,     0,     0]***[  2704,    32,     1,     1] [  2752,  2704,     0]***[     0,     1,     1,     1] [     0,     0,     0]***[2]
 LINK_X_COEFF_IN_ANY_TO_FINAL   8640266512  :  [0,1,1,1]
    COEFF_FULL     <88> ( L,S8b)[ 1, 1,    0, 1]: DDR_PERSIST( 0),    32,    32,    32,  1280,[  0,  0],  b700 |||| COEFF_IN_FINAL <89> ( L,S8b)[ 1, 1,    0, 1]: MSMC( 0),    32,    32,    32,  1280,[     0,     0], 2b000
     Src_Flow [     0,     1,     1,     1] [     0,     0,     0]***[    32,    32,     1,     1] [    32,    32,  1024]***[     0,     1,     1,     1] [     0,     0,     0]***[2]
     Snk_Flow [     0,     1,     1,     1] [     0,     0,     0]***[    32,    32,     1,     1] [    32,    32,     0]***[     0,     1,     1,     1] [     0,     0,     0]***[2]
 LINK_X_BIAS_IN_FULL_TO_FINAL   8657043728  :  [0,1,1,1]
    COEFF_BIAS_FULL <90> ( L,S8b)[ 1, 1,    0, 1]: DDR_PERSIST( 0),     6,     6,    42,   256,[  0,  0],  bb00 |||| COEFF_IN_BIAS  <91> ( L,S8b)[ 1, 1,    0, 1]: MSMC( 0),     6,     6,    42,   256,[     0,     0], 2b400
     Src_Flow [     0,     1,     1,     1] [     0,     0,     0]***[     6,    32,     1,     1] [     6,     6,   192]***[     0,     1,     1,     1] [     0,     0,     0]***[2]
     Snk_Flow [     0,     1,     1,     1] [     0,     0,     0]***[     6,    32,     1,     1] [     6,     6,     0]***[     0,     1,     1,     1] [     0,     0,     0]***[2]
 LINK_P                         8724152592  :  [1,1,1,1]
    FM_IN_PART     <87> ( L,U8b)[ 1, 1,    0, 1]:  L2( 0),  2752,  2752,    32, 88192,[  0,  0],     0 |||| FM_FULL        <86> ( L,U8b)[ 1, 1,    0, 1]: MSMC( 0),  2752,  2704,    32, 88064,[     0,     0], 2d900
    COEFF_IN_FINAL  <89> ( L,S8b)[ 1, 1,    0, 1]: MSMC( 0),    32,    32,    32,  1280,[  0,  0], 2b000
    COEFF_IN_BIAS   <91> ( L,S8b)[ 1, 1,    0, 1]: MSMC( 0),     6,     6,    42,   256,[  0,  0], 2b400
     Src_Flow [     0,     1,     1,     1] [     0,     0,     0]***[  2704,    32,     1,     1] [  2752,  2704,     0]***[     0,     1,     1,     1] [     0,     0,     0]***[2]
    Src2_Flow [     0,     1,     1,     1] [     0,     0,     0]***[    32,    32,     1,     1] [    32,  1024,     0]***[     0,     1,     1,     1] [     0,     0,     0]***[2]
    Src2_Flow [     0,     1,     1,     1] [     0,     0,     0]***[     6,    32,     1,     1] [     6,   192,     0]***[     0,     1,     1,     1] [     0,     0,     0]***[2]
     Snk_Flow [     0,     1,     1,     1] [     0,     0,     0]***[  2704,    32,     1,     1] [  2752,  2704, 88064]***[     0,     1,     1,     1] [     0,     0,     0]***[2]
Padding Info [Row, Col]: Actual  IN -> OUT : [ 0,  0] -> [ 0,  0],  To fill zero OUT: [ 0,  0], Virtual Pad(T,L,B,R): [ 0,  0,  0,  0]

 ------------- 18( 0, 18, 0, 2, 0) [32 x 52 x  52] => [32 x 52 x  52] | TIDL_ConvolutionLayer
 LINK_X_FM_IN_FULL_TO_PART      9126805792  :  [0,1,1,1]
    FM_FULL        <86> ( L,U8b)[ 1, 1,    0, 1]: MSMC( 0),  2752,  2704,    32, 88064,[  0,  0], 2d900 |||| FM_IN_PART     <93> ( L,U8b)[ 1, 1,    0, 1]:  L2( 0),  2752,  2752,    32, 90752,[   128,     0],     0
     Src_Flow [     0,     1,     1,     1] [     0,     0,     0]***[  2704,    32,     1,     1] [  2752,  2704, 88064]***[     0,     1,     1,     1] [     0,     0,     0]***[2]
     Snk_Flow [     0,     1,     1,     1] [     0,     0,     0]***[  2704,    32,     1,     1] [  2752,  2704,     0]***[     0,     1,     1,     1] [     0,     0,     0]***[2]
 LINK_X_COEFF_IN_ANY_TO_FINAL   9177137440  :  [0,1,1,1]
    COEFF_FULL     <94> ( L,S8b)[ 1, 1,    0, 1]: DDR_PERSIST( 0),   288,   288,    32,  9472,[  0,  0],  bc00 |||| COEFF_IN_FINAL <95> ( L,S8b)[ 1, 1,    0, 1]: MSMC( 0),   320,   288,    32, 10496,[     0,     0], 2b000
     Src_Flow [     0,     1,     1,     1] [     0,     0,     0]***[   288,    32,     1,     1] [   288,   288,  9216]***[     0,     1,     1,     1] [     0,     0,     0]***[2]
     Snk_Flow [     0,     1,     1,     1] [     0,     0,     0]***[   288,    32,     1,     1] [   320,   288,     0]***[     0,     1,     1,     1] [     0,     0,     0]***[2]
 LINK_X_BIAS_IN_FULL_TO_FINAL   9193914656  :  [0,1,1,1]
    COEFF_BIAS_FULL <96> ( L,S8b)[ 1, 1,    0, 1]: DDR_PERSIST( 0),     6,     6,    42,   256,[  0,  0],  e000 |||| COEFF_IN_BIAS  <97> ( L,S8b)[ 1, 1,    0, 1]: MSMC( 0),     6,     6,    42,   256,[     0,     0], 2d800
     Src_Flow [     0,     1,     1,     1] [     0,     0,     0]***[     6,    32,     1,     1] [     6,     6,   192]***[     0,     1,     1,     1] [     0,     0,     0]***[2]
     Snk_Flow [     0,     1,     1,     1] [     0,     0,     0]***[     6,    32,     1,     1] [     6,     6,     0]***[     0,     1,     1,     1] [     0,     0,     0]***[2]
 LINK_P                         9261023520  :  [1,1,1,1]
    FM_IN_PART     <93> ( L,U8b)[ 1, 1,    0, 1]:  L2( 0),  2752,  2752,    32, 90752,[128,  0],     0 |||| FM_FULL        <92> ( L,U8b)[ 1, 1,    0, 1]: MSMC( 0),  2752,  2704,    32, 88064,[     0,     0], 2d900
    COEFF_IN_FINAL  <95> ( L,S8b)[ 1, 1,    0, 1]: MSMC( 0),   320,   288,    32, 10496,[  0,  0], 2b000
    COEFF_IN_BIAS   <97> ( L,S8b)[ 1, 1,    0, 1]: MSMC( 0),     6,     6,    42,   256,[  0,  0], 2d800
     Src_Flow [     0,     1,     1,     1] [     0,     0,     0]***[  2704,    32,     1,     1] [  2752,  2704,     0]***[     0,     1,     1,     1] [     1,     1,     1]***[2]
    Src2_Flow [     0,     1,     1,     1] [     0,     0,     0]***[   288,    32,     1,     1] [   320, 10240,     0]***[     0,     1,     1,     1] [     0,     0,     0]***[2]
    Src2_Flow [     0,     1,     1,     1] [     0,     0,     0]***[     6,    32,     1,     1] [     6,   192,     0]***[     0,     1,     1,     1] [     0,     0,     0]***[2]
     Snk_Flow [     0,     1,     1,     1] [     0,     0,     0]***[  2704,    32,     1,     1] [  2752,  2704, 88064]***[     0,     1,     1,     1] [     0,     0,     0]***[2]
Padding Info [Row, Col]: Actual  IN -> OUT : [ 0,  0] -> [ 0,  0],  To fill zero OUT: [ 0,  0], Virtual Pad(T,L,B,R): [ 1,  1,  1,  1]

 ------------- 19( 0, 19, 0, 3, 0) [64 x 52 x  52] => [32 x 52 x  52] | TIDL_EltWiseLayer
 LINK_X_FM_IN_FULL_TO_PART      9663676720  :  [0,2,1,1]
    FM_FULL        <92> ( L,U8b)[ 2, 1,    0, 1]: MSMC( 0),  2752,  2704,    32, 88064,[  0,  0], 2d900 |||| FM_IN_PART     <99> (PP,U8b)[ 2, 1,    0, 1]:  L2( 0),  2756,  2756,    64,176384,[     0,     0],     0
     Src_Flow [     0,     1,     1,     1] [     0,     0,     0]***[  2704,    16,     2,     1] [  2752, 44032, 44032]***[     0,     1,     1,     1] [     0,     0,     0]***[2]
     Snk_Flow [     0,     1,     1,     1] [     0,     0,     0]***[  2704,    16,     2,     1] [  2756, 88192,     0]***[     0,     1,     1,     1] [     0,     0,     0]***[2]
 LINK_X_FM_IN_FULL_TO_PART      8589934896  :  [0,2,1,1]
    FM_FULL        <84> ( L,U8b)[ 2, 1,    0, 1]: MSMC( 0),  2752,  2704,    32, 88064,[  0,  0], 15800 |||| FM_IN_PART     <99> (PP,U8b)[ 2, 1,    0, 1]:  L2( 0),  2756,  2756,    64,176384,[ 44096,     0],     0
     Src_Flow [     0,     1,     1,     1] [     0,     0,     0]***[  2704,    16,     2,     1] [  2752, 44032, 44032]***[     0,     1,     1,     1] [     0,     0,     0]***[2]
     Snk_Flow [     0,     1,     1,     1] [     0,     0,     0]***[  2704,    16,     2,     1] [  2756, 88192,     0]***[     0,     1,     1,     1] [     0,     0,     0]***[2]
 LINK_P                         35183969435952:  [1,2,1,1]
    FM_IN_PART     <99> (PP,U8b)[ 2, 1,    0, 1]:  L2( 0),  2756,  2756,    64,176384,[  0,  0],     0 |||| FM_FULL        <98> ( L,U8b)[ 2, 1,    0, 1]: MSMC( 0),  2752,  2704,    32, 88064,[     0,     0], 15800
    FM_IN_PART      <99> (PP,U8b)[ 2, 1,    0, 1]:  L2( 0),  2756,  2756,    64,176384,[44096,  0],     0
     Src_Flow [     0,     1,     1,     1] [     0,     0,     0]***[  2704,    16,     2,     1] [  2756, 88192,     0]***[     0,     1,     1,     1] [     0,     0,     0]***[2]
    Src2_Flow [     0,     1,     1,     1] [     0,     0,     0]***[  2704,    16,     2,     1] [  2756, 88192,     0]***[     0,     1,     1,     1] [     0,     0,     0]***[2]
     Snk_Flow [     0,     1,     1,     1] [     0,     0,     0]***[  2704,    16,     2,     1] [  2752, 44032, 44032]***[     0,     1,     1,     1] [     0,     0,     0]***[2]
Padding Info [Row, Col]: Actual  IN -> OUT : [ 0,  0] -> [ 0,  0],  To fill zero OUT: [ 0,  0], Virtual Pad(T,L,B,R): [ 0,  0,  0,  0]

 ------------- 20( 0, 20, 0, 2, 0) [32 x 52 x  52] => [32 x 52 x  52] | TIDL_ConvolutionLayer
 LINK_X_FM_IN_FULL_TO_PART      10200547648 :  [0,1,1,1]
    FM_FULL        <98> ( L,U8b)[ 1, 1,    0, 1]: MSMC( 0),  2752,  2704,    32, 88064,[  0,  0], 15800 |||| FM_IN_PART     <101> ( L,U8b)[ 1, 1,    0, 1]:  L2( 0),  2752,  2752,    32, 88192,[     0,     0],     0
     Src_Flow [     0,     1,     1,     1] [     0,     0,     0]***[  2704,    32,     1,     1] [  2752,  2704, 88064]***[     0,     1,     1,     1] [     0,     0,     0]***[2]
     Snk_Flow [     0,     1,     1,     1] [     0,     0,     0]***[  2704,    32,     1,     1] [  2752,  2704,     0]***[     0,     1,     1,     1] [     0,     0,     0]***[2]
 LINK_X_COEFF_IN_ANY_TO_FINAL   10250879296 :  [0,1,1,1]
    COEFF_FULL     <102> ( L,S8b)[ 1, 1,    0, 1]: DDR_PERSIST( 0),    32,    32,    32,  1280,[  0,  0],  e100 |||| COEFF_IN_FINAL <103> ( L,S8b)[ 1, 1,    0, 1]: MSMC( 0),    32,    32,    32,  1280,[     0,     0], 40800
     Src_Flow [     0,     1,     1,     1] [     0,     0,     0]***[    32,    32,     1,     1] [    32,    32,  1024]***[     0,     1,     1,     1] [     0,     0,     0]***[2]
     Snk_Flow [     0,     1,     1,     1] [     0,     0,     0]***[    32,    32,     1,     1] [    32,    32,     0]***[     0,     1,     1,     1] [     0,     0,     0]***[2]
 LINK_X_BIAS_IN_FULL_TO_FINAL   10267656512 :  [0,1,1,1]
    COEFF_BIAS_FULL <104> ( L,S8b)[ 1, 1,    0, 1]: DDR_PERSIST( 0),     6,     6,    42,   256,[  0,  0],  e500 |||| COEFF_IN_BIAS  <105> ( L,S8b)[ 1, 1,    0, 1]: MSMC( 0),     6,     6,    42,   256,[     0,     0], 40c00
     Src_Flow [     0,     1,     1,     1] [     0,     0,     0]***[     6,    32,     1,     1] [     6,     6,   192]***[     0,     1,     1,     1] [     0,     0,     0]***[2]
     Snk_Flow [     0,     1,     1,     1] [     0,     0,     0]***[     6,    32,     1,     1] [     6,     6,     0]***[     0,     1,     1,     1] [     0,     0,     0]***[2]
 LINK_P                         10334765376 :  [1,1,1,1]
    FM_IN_PART     <101> ( L,U8b)[ 1, 1,    0, 1]:  L2( 0),  2752,  2752,    32, 88192,[  0,  0],     0 |||| FM_FULL        <100> ( L,U8b)[ 1, 1,    0, 1]: MSMC( 0),  2752,  2704,    32, 88064,[     0,     0], 2b000
    COEFF_IN_FINAL  <103> ( L,S8b)[ 1, 1,    0, 1]: MSMC( 0),    32,    32,    32,  1280,[  0,  0], 40800
    COEFF_IN_BIAS   <105> ( L,S8b)[ 1, 1,    0, 1]: MSMC( 0),     6,     6,    42,   256,[  0,  0], 40c00
     Src_Flow [     0,     1,     1,     1] [     0,     0,     0]***[  2704,    32,     1,     1] [  2752,  2704,     0]***[     0,     1,     1,     1] [     0,     0,     0]***[2]
    Src2_Flow [     0,     1,     1,     1] [     0,     0,     0]***[    32,    32,     1,     1] [    32,  1024,     0]***[     0,     1,     1,     1] [     0,     0,     0]***[2]
    Src2_Flow [     0,     1,     1,     1] [     0,     0,     0]***[     6,    32,     1,     1] [     6,   192,     0]***[     0,     1,     1,     1] [     0,     0,     0]***[2]
     Snk_Flow [     0,     1,     1,     1] [     0,     0,     0]***[  2704,    32,     1,     1] [  2752,  2704, 88064]***[     0,     1,     1,     1] [     0,     0,     0]***[2]
Padding Info [Row, Col]: Actual  IN -> OUT : [ 0,  0] -> [ 0,  0],  To fill zero OUT: [ 0,  0], Virtual Pad(T,L,B,R): [ 0,  0,  0,  0]

 ------------- 21( 0, 21, 0, 2, 0) [32 x 52 x  52] => [32 x 52 x  52] | TIDL_ConvolutionLayer
 LINK_X_FM_IN_FULL_TO_PART      10737418576 :  [0,1,1,1]
    FM_FULL        <100> ( L,U8b)[ 1, 1,    0, 1]: MSMC( 0),  2752,  2704,    32, 88064,[  0,  0], 2b000 |||| FM_IN_PART     <107> ( L,U8b)[ 1, 1,    0, 1]:  L2( 0),  2752,  2752,    32, 90752,[   128,     0],     0
     Src_Flow [     0,     1,     1,     1] [     0,     0,     0]***[  2704,    32,     1,     1] [  2752,  2704, 88064]***[     0,     1,     1,     1] [     0,     0,     0]***[2]
     Snk_Flow [     0,     1,     1,     1] [     0,     0,     0]***[  2704,    32,     1,     1] [  2752,  2704,     0]***[     0,     1,     1,     1] [     0,     0,     0]***[2]
 LINK_X_COEFF_IN_ANY_TO_FINAL   10787750224 :  [0,1,1,1]
    COEFF_FULL     <108> ( L,S8b)[ 1, 1,    0, 1]: DDR_PERSIST( 0),   288,   288,    32,  9472,[  0,  0],  e600 |||| COEFF_IN_FINAL <109> ( L,S8b)[ 1, 1,    0, 1]: MSMC( 0),   320,   288,    32, 10496,[     0,     0], 40800
     Src_Flow [     0,     1,     1,     1] [     0,     0,     0]***[   288,    32,     1,     1] [   288,   288,  9216]***[     0,     1,     1,     1] [     0,     0,     0]***[2]
     Snk_Flow [     0,     1,     1,     1] [     0,     0,     0]***[   288,    32,     1,     1] [   320,   288,     0]***[     0,     1,     1,     1] [     0,     0,     0]***[2]
 LINK_X_BIAS_IN_FULL_TO_FINAL   10804527440 :  [0,1,1,1]
    COEFF_BIAS_FULL <110> ( L,S8b)[ 1, 1,    0, 1]: DDR_PERSIST( 0),     6,     6,    42,   256,[  0,  0], 10a00 |||| COEFF_IN_BIAS  <111> ( L,S8b)[ 1, 1,    0, 1]: MSMC( 0),     6,     6,    42,   256,[     0,     0], 43000
     Src_Flow [     0,     1,     1,     1] [     0,     0,     0]***[     6,    32,     1,     1] [     6,     6,   192]***[     0,     1,     1,     1] [     0,     0,     0]***[2]
     Snk_Flow [     0,     1,     1,     1] [     0,     0,     0]***[     6,    32,     1,     1] [     6,     6,     0]***[     0,     1,     1,     1] [     0,     0,     0]***[2]
 LINK_P                         10871636304 :  [1,1,1,1]
    FM_IN_PART     <107> ( L,U8b)[ 1, 1,    0, 1]:  L2( 0),  2752,  2752,    32, 90752,[128,  0],     0 |||| FM_FULL        <106> ( L,U8b)[ 1, 1,    0, 1]: MSMC( 0),  2752,  2704,    32, 88064,[     0,     0], 2b000
    COEFF_IN_FINAL  <109> ( L,S8b)[ 1, 1,    0, 1]: MSMC( 0),   320,   288,    32, 10496,[  0,  0], 40800
    COEFF_IN_BIAS   <111> ( L,S8b)[ 1, 1,    0, 1]: MSMC( 0),     6,     6,    42,   256,[  0,  0], 43000
     Src_Flow [     0,     1,     1,     1] [     0,     0,     0]***[  2704,    32,     1,     1] [  2752,  2704,     0]***[     0,     1,     1,     1] [     1,     1,     1]***[2]
    Src2_Flow [     0,     1,     1,     1] [     0,     0,     0]***[   288,    32,     1,     1] [   320, 10240,     0]***[     0,     1,     1,     1] [     0,     0,     0]***[2]
    Src2_Flow [     0,     1,     1,     1] [     0,     0,     0]***[     6,    32,     1,     1] [     6,   192,     0]***[     0,     1,     1,     1] [     0,     0,     0]***[2]
     Snk_Flow [     0,     1,     1,     1] [     0,     0,     0]***[  2704,    32,     1,     1] [  2752,  2704, 88064]***[     0,     1,     1,     1] [     0,     0,     0]***[2]
Padding Info [Row, Col]: Actual  IN -> OUT : [ 0,  0] -> [ 0,  0],  To fill zero OUT: [ 0,  0], Virtual Pad(T,L,B,R): [ 1,  1,  1,  1]

 ------------- 22( 0, 22, 0, 3, 0) [64 x 52 x  52] => [32 x 52 x  52] | TIDL_EltWiseLayer
 LINK_X_FM_IN_FULL_TO_PART      11274289504 :  [0,2,1,1]
    FM_FULL        <106> ( L,U8b)[ 2, 1,    0, 1]: MSMC( 0),  2752,  2704,    32, 88064,[  0,  0], 2b000 |||| FM_IN_PART     <113> (PP,U8b)[ 2, 1,    0, 1]:  L2( 0),  2756,  2756,    64,176384,[     0,     0],     0
     Src_Flow [     0,     1,     1,     1] [     0,     0,     0]***[  2704,    16,     2,     1] [  2752, 44032, 44032]***[     0,     1,     1,     1] [     0,     0,     0]***[2]
     Snk_Flow [     0,     1,     1,     1] [     0,     0,     0]***[  2704,    16,     2,     1] [  2756, 88192,     0]***[     0,     1,     1,     1] [     0,     0,     0]***[2]
 LINK_X_FM_IN_FULL_TO_PART      10200547680 :  [0,2,1,1]
    FM_FULL        <98> ( L,U8b)[ 2, 1,    0, 1]: MSMC( 0),  2752,  2704,    32, 88064,[  0,  0], 15800 |||| FM_IN_PART     <113> (PP,U8b)[ 2, 1,    0, 1]:  L2( 0),  2756,  2756,    64,176384,[ 44096,     0],     0
     Src_Flow [     0,     1,     1,     1] [     0,     0,     0]***[  2704,    16,     2,     1] [  2752, 44032, 44032]***[     0,     1,     1,     1] [     0,     0,     0]***[2]
     Snk_Flow [     0,     1,     1,     1] [     0,     0,     0]***[  2704,    16,     2,     1] [  2756, 88192,     0]***[     0,     1,     1,     1] [     0,     0,     0]***[2]
 LINK_P                         35183969436000:  [1,2,1,1]
    FM_IN_PART     <113> (PP,U8b)[ 2, 1,    0, 1]:  L2( 0),  2756,  2756,    64,176384,[  0,  0],     0 |||| FM_FULL        <112> ( L,U8b)[ 2, 1,    0, 1]: MSMC( 0),  2752,  2704,    32, 88064,[     0,     0], 2b000
    FM_IN_PART      <113> (PP,U8b)[ 2, 1,    0, 1]:  L2( 0),  2756,  2756,    64,176384,[44096,  0],     0
     Src_Flow [     0,     1,     1,     1] [     0,     0,     0]***[  2704,    16,     2,     1] [  2756, 88192,     0]***[     0,     1,     1,     1] [     0,     0,     0]***[2]
    Src2_Flow [     0,     1,     1,     1] [     0,     0,     0]***[  2704,    16,     2,     1] [  2756, 88192,     0]***[     0,     1,     1,     1] [     0,     0,     0]***[2]
     Snk_Flow [     0,     1,     1,     1] [     0,     0,     0]***[  2704,    16,     2,     1] [  2752, 44032, 44032]***[     0,     1,     1,     1] [     0,     0,     0]***[2]
Padding Info [Row, Col]: Actual  IN -> OUT : [ 0,  0] -> [ 0,  0],  To fill zero OUT: [ 0,  0], Virtual Pad(T,L,B,R): [ 0,  0,  0,  0]

 ------------- 23( 0, 23, 0, 3, 0) [64 x 52 x  52] => [64 x 52 x  52] | TIDL_ConcatLayer
 LINK_X_FM_IN_FULL_TO_PART      11811160432 :  [0,1,1,1]
    FM_FULL        <112> ( L,U8b)[ 1, 1,    0, 1]: MSMC( 0),  2752,  2704,    32, 88064,[  0,  0], 2b000 |||| FM_IN_PART     <115> (PP,U8b)[ 1, 1,    0, 1]:  L2( 0),  2756,  2756,    64,176384,[     0,     0],     0
     Src_Flow [     0,     1,     1,     1] [     0,     0,     0]***[  2704,    32,     1,     1] [  2752,  2704, 88064]***[     0,     1,     1,     1] [     0,     0,     0]***[2]
     Snk_Flow [     0,     1,     1,     1] [     0,     0,     0]***[  2704,    32,     1,     1] [  2756, 88192,     0]***[     0,     1,     1,     1] [     0,     0,     0]***[2]
 LINK_X_FM_IN_FULL_TO_PART      6979322224  :  [1,1,1,1]
    FM_FULL        <60> ( L,U8b)[ 1, 1,    0, 1]: MSMC( 0),  2752,  2704,    32, 88064,[  0,  0],     0 |||| FM_IN_PART     <115> (PP,U8b)[ 1, 1,    0, 1]:  L2( 0),  2756,  2756,    64,176384,[ 88192,     0],     0
     Src_Flow [     0,     1,     1,     1] [     0,     0,     0]***[  2704,    32,     1,     1] [  2752,  2704, 88064]***[     0,     1,     1,     1] [     0,     0,     0]***[2]
     Snk_Flow [     0,     1,     1,     1] [     0,     0,     0]***[  2704,    32,     1,     1] [  2756,-88192,     0]***[     0,     1,     1,     1] [     0,     0,     0]***[2]
 LINK_P                         11945378160 :  [1,1,1,1]
    FM_IN_PART     <115> (PP,U8b)[ 1, 1,    0, 1]:  L2( 0),  2756,  2756,    64,176384,[  0,  0],     0 |||| FM_FULL        <114> ( L,S8b)[ 1, 1,    0, 1]: MSMC( 0),  2752,  2704,    64,176128,[     0,     0], 15b80
     Src_Flow [     0,     1,     1,     1] [     0,     0,     0]***[  2704,    32,     1,     1] [  2756, 88192,     0]***[     0,     1,     1,     1] [     0,     0,     0]***[2]
     Snk_Flow [     0,     1,     1,     1] [     0,     0,     0]***[  2704,    32,     1,     1] [  2752,  2704, 88064]***[     0,     1,     1,     1] [     0,     0,     0]***[2]
 LINK_P                         7113539952  :  [2,1,1,1]
    FM_IN_PART     <115> (PP,U8b)[ 1, 1,    0, 1]:  L2( 0),  2756,  2756,    64,176384,[88192,  0],     0 |||| FM_FULL        <114> ( L,S8b)[ 1, 1,    0, 1]: MSMC( 0),  2752,  2704,    64,176128,[ 88064,     0], 15b80
     Src_Flow [     0,     1,     1,     1] [     0,     0,     0]***[  2704,    32,     1,     1] [  2756,-88192,     0]***[     0,     1,     1,     1] [     0,     0,     0]***[2]
     Snk_Flow [     0,     1,     1,     1] [     0,     0,     0]***[  2704,    32,     1,     1] [  2752,  2704, 88064]***[     0,     1,     1,     1] [     0,     0,     0]***[2]
Padding Info [Row, Col]: Actual  IN -> OUT : [ 0,  0] -> [ 0,  0],  To fill zero OUT: [ 0,  0], Virtual Pad(T,L,B,R): [ 0,  0,  0,  0]

 ------------- 24( 0, 24, 0, 3, 0) [64 x 52 x  52] => [64 x 52 x  52] | TIDL_ConvolutionLayer
 LINK_X_FM_IN_FULL_TO_PART      12348031360 :  [0,2,1,1]
    FM_FULL        <114> ( L,S8b)[ 2, 1,    0, 1]: MSMC( 0),  2752,  2704,    64,176128,[  0,  0], 15b80 |||| FM_IN_PART     <117> ( L,S8b)[ 2, 1,    0, 1]:  L2( 0),  3520,  3520,    64,225408,[     0,     0],     0
     Src_Flow [     0,     1,     1,     1] [     0,     0,     0]***[  1760,    64,     1,     1] [  2752,  1760,176128]***[   944,    64,     1,     1] [  2752,  1760,     0]***[2]
     Snk_Flow [     0,     1,     1,     1] [     0,     0,     0]***[  1760,    64,     1,     1] [  3520,  1760,     0]***[   944,    64,     1,     1] [  3520,  1760,     0]***[2]
 LINK_X_COEFF_IN_ANY_TO_FINAL   12398363008 :  [0,1,1,1]
    COEFF_FULL     <118> ( L,S8b)[ 1, 1,    0, 1]: DDR_PERSIST( 0),    64,    64,    64,  4480,[  0,  0], 10b00 |||| COEFF_IN_FINAL <119> ( L,S8b)[ 1, 1,    0, 1]: MSMC( 0),    64,    64,    64,  4480,[     0,     0],     0
     Src_Flow [     0,     1,     1,     1] [     0,     0,     0]***[    64,    64,     1,     1] [    64,    64,  4096]***[     0,     1,     1,     1] [     0,     0,     0]***[2]
     Snk_Flow [     0,     1,     1,     1] [     0,     0,     0]***[    64,    64,     1,     1] [    64,    64,     0]***[     0,     1,     1,     1] [     0,     0,     0]***[2]
 LINK_X_BIAS_IN_FULL_TO_FINAL   12415140224 :  [0,1,1,1]
    COEFF_BIAS_FULL <120> ( L,S8b)[ 1, 1,    0, 1]: DDR_PERSIST( 0),     6,     6,    64,   384,[  0,  0], 11b00 |||| COEFF_IN_BIAS  <121> ( L,S8b)[ 1, 1,    0, 1]: MSMC( 0),     6,     6,    64,   384,[     0,     0],  1000
     Src_Flow [     0,     1,     1,     1] [     0,     0,     0]***[     6,    64,     1,     1] [     6,     6,   384]***[     0,     1,     1,     1] [     0,     0,     0]***[2]
     Snk_Flow [     0,     1,     1,     1] [     0,     0,     0]***[     6,    64,     1,     1] [     6,     6,     0]***[     0,     1,     1,     1] [     0,     0,     0]***[2]
 LINK_P                         12482249088 :  [1,2,1,1]
    FM_IN_PART     <117> ( L,S8b)[ 2, 1,    0, 1]:  L2( 0),  3520,  3520,    64,225408,[  0,  0],     0 |||| FM_FULL        <116> ( L,U8b)[ 2, 1,    0, 1]: MSMC( 0),  2752,  2704,    64,176128,[     0,     0], 17100
    COEFF_IN_FINAL  <119> ( L,S8b)[ 1, 1,    0, 1]: MSMC( 0),    64,    64,    64,  4480,[  0,  0],     0
    COEFF_IN_BIAS   <121> ( L,S8b)[ 1, 1,    0, 1]: MSMC( 0),     6,     6,    64,   384,[  0,  0],  1000
     Src_Flow [     0,     1,     1,     1] [     0,     0,     0]***[  1760,    64,     1,     1] [  3520,  1760,     0]***[   944,    64,     1,     1] [  3520,  1760,     0]***[2]
    Src2_Flow [     0,     1,     1,     1] [     0,     0,     0]***[    64,    64,     1,     1] [    64,  4096,     0]***[     0,     1,     1,     1] [     0,     0,     0]***[2]
    Src2_Flow [     0,     1,     1,     1] [     0,     0,     0]***[     6,    64,     1,     1] [     6,   384,     0]***[     0,     1,     1,     1] [     0,     0,     0]***[2]
     Snk_Flow [     0,     1,     1,     1] [     0,     0,     0]***[  1760,    64,     1,     1] [  2752,  1760,176128]***[   944,    64,     1,     1] [  2752,  1760,     0]***[2]
Padding Info [Row, Col]: Actual  IN -> OUT : [ 0,  0] -> [ 0,  0],  To fill zero OUT: [ 0,  0], Virtual Pad(T,L,B,R): [ 0,  0,  0,  0]

 ------------- 25( 0, 25, 0, 3, 0) [64 x 52 x  52] => [128 x 26 x  26] | TIDL_ConvolutionLayer
 LINK_X_FM_IN_FULL_TO_PART      12884902288 :  [0,2,1,1]
    FM_FULL        <116> ( L,U8b)[ 2, 1,    0, 1]: MSMC( 0),  2752,  2704,    64,176128,[  0,  0], 17100 |||| FM_IN_PART     <123> ( L,U8b)[ 2, 1,    0, 1]:  L2( 0),  3392,  3392,    64,217216,[   128,     0],     0
     Src_Flow [     0,     1,     1,     1] [     0,     0,     0]***[  1664,    64,     1,     1] [  2752,  1664,176128]***[  1040,    64,     1,     1] [  2752,  1664,     0]***[2]
     Snk_Flow [     0,     1,     1,     1] [     0,     0,     0]***[  1664,    64,     1,     1] [  3392,  1664,     0]***[  1040,    64,     1,     1] [  3392,  1664,     0]***[2]
 LINK_X_COEFF_IN_ANY_TO_FINAL   12935233936 :  [0,1,1,1]
    COEFF_FULL     <124> ( L,S8b)[ 1, 1,    0, 1]: DDR_PERSIST( 0),   576,   576,   128, 74496,[  0,  0], 11c80 |||| COEFF_IN_FINAL <125> ( L,S8b)[ 1, 1,    0, 1]: MSMC( 0),   576,   576,   128, 74496,[     0,     0],     0
     Src_Flow [     0,     1,     1,     1] [     0,     0,     0]***[   576,   128,     1,     1] [   576,   576, 73728]***[     0,     1,     1,     1] [     0,     0,     0]***[2]
     Snk_Flow [     0,     1,     1,     1] [     0,     0,     0]***[   576,   128,     1,     1] [   576,   576,     0]***[     0,     1,     1,     1] [     0,     0,     0]***[2]
 LINK_X_BIAS_IN_FULL_TO_FINAL   12952011152 :  [0,1,1,1]
    COEFF_BIAS_FULL <126> ( L,S8b)[ 1, 1,    0, 1]: DDR_PERSIST( 0),     6,     6,   128,   768,[  0,  0], 23c80 |||| COEFF_IN_BIAS  <127> ( L,S8b)[ 1, 1,    0, 1]: MSMC( 0),     6,     6,   128,   768,[     0,     0], 12000
     Src_Flow [     0,     1,     1,     1] [     0,     0,     0]***[     6,   128,     1,     1] [     6,     6,   768]***[     0,     1,     1,     1] [     0,     0,     0]***[2]
     Snk_Flow [     0,     1,     1,     1] [     0,     0,     0]***[     6,   128,     1,     1] [     6,     6,     0]***[     0,     1,     1,     1] [     0,     0,     0]***[2]
 LINK_P                         13019120016 :  [1,2,1,1]
    FM_IN_PART     <123> ( L,U8b)[ 2, 1,    0, 1]:  L2( 0),  3392,  3392,    64,217216,[128,  0],     0 |||| FM_FULL        <122> ( L,U8b)[ 2, 1,    0, 1]: MSMC( 0),   704,   676,   128, 90112,[     0,     0], 42100
    COEFF_IN_FINAL  <125> ( L,S8b)[ 1, 1,    0, 1]: MSMC( 0),   576,   576,   128, 74496,[  0,  0],     0
    COEFF_IN_BIAS   <127> ( L,S8b)[ 1, 1,    0, 1]: MSMC( 0),     6,     6,   128,   768,[  0,  0], 12000
     Src_Flow [  1664,    64,     1,     1] [  3392,  1612,     0]***[  1092,    64,     1,     1] [  3392,  1664,     0]***[     0,     1,     1,     1] [     1,     1,     1]***[2]
    Src2_Flow [     0,     1,     1,     1] [     0,     0,     0]***[   576,   128,     1,     1] [   576, 73728,     0]***[     0,     1,     1,     1] [     0,     0,     0]***[2]
    Src2_Flow [     0,     1,     1,     1] [     0,     0,     0]***[     6,   128,     1,     1] [     6,   768,     0]***[     0,     1,     1,     1] [     0,     0,     0]***[2]
     Snk_Flow [   416,   128,     1,     1] [   704,   416,     0]***[   260,   128,     1,     1] [   704,   416,     0]***[     0,     1,     1,     1] [     1,     1,     1]***[2]
Padding Info [Row, Col]: Actual  IN -> OUT : [ 0,  0] -> [ 0,  0],  To fill zero OUT: [ 0,  0], Virtual Pad(T,L,B,R): [ 1,  1,  1,  1]

 ------------- 26( 0, 27, 0, 2, 0) [128 x 26 x  26] => [64 x 26 x  26] | TIDL_ConvolutionLayer
 LINK_X_FM_IN_FULL_TO_PART      13421773232 :  [0,1,1,1]
    FM_FULL        <122> ( L,U8b)[ 1, 1,    0, 1]: MSMC( 0),   704,   676,   128, 90112,[  0,  0], 42100 |||| FM_IN_PART     <129> ( L,U8b)[ 1, 1,    0, 1]:  L2( 0),   704,   704,   128, 90240,[     0,     0],     0
     Src_Flow [     0,     1,     1,     1] [     0,     0,     0]***[   676,   128,     1,     1] [   704,   676, 90112]***[     0,     1,     1,     1] [     0,     0,     0]***[2]
     Snk_Flow [     0,     1,     1,     1] [     0,     0,     0]***[   676,   128,     1,     1] [   704,   676,     0]***[     0,     1,     1,     1] [     0,     0,     0]***[2]
 LINK_X_COEFF_IN_ANY_TO_FINAL   13472104880 :  [0,1,1,1]
    COEFF_FULL     <130> ( L,S8b)[ 1, 1,    0, 1]: DDR_PERSIST( 0),   128,   128,    64,  8576,[  0,  0], 23f80 |||| COEFF_IN_FINAL <131> ( L,S8b)[ 1, 1,    0, 1]: MSMC( 0),   192,   128,    64, 12672,[     0,     0],  b000
     Src_Flow [     0,     1,     1,     1] [     0,     0,     0]***[   128,    64,     1,     1] [   128,   128,  8192]***[     0,     1,     1,     1] [     0,     0,     0]***[2]
     Snk_Flow [     0,     1,     1,     1] [     0,     0,     0]***[   128,    64,     1,     1] [   192,   128,     0]***[     0,     1,     1,     1] [     0,     0,     0]***[2]
 LINK_X_BIAS_IN_FULL_TO_FINAL   13488882096 :  [0,1,1,1]
    COEFF_BIAS_FULL <132> ( L,S8b)[ 1, 1,    0, 1]: DDR_PERSIST( 0),     6,     6,    64,   384,[  0,  0], 25f80 |||| COEFF_IN_BIAS  <133> ( L,S8b)[ 1, 1,    0, 1]: MSMC( 0),     6,     6,    64,   384,[     0,     0],  e000
     Src_Flow [     0,     1,     1,     1] [     0,     0,     0]***[     6,    64,     1,     1] [     6,     6,   384]***[     0,     1,     1,     1] [     0,     0,     0]***[2]
     Snk_Flow [     0,     1,     1,     1] [     0,     0,     0]***[     6,    64,     1,     1] [     6,     6,     0]***[     0,     1,     1,     1] [     0,     0,     0]***[2]
 LINK_P                         13555990960 :  [1,1,1,1]
    FM_IN_PART     <129> ( L,U8b)[ 1, 1,    0, 1]:  L2( 0),   704,   704,   128, 90240,[  0,  0],     0 |||| FM_FULL        <128> ( L,U8b)[ 1, 1,    0, 1]: MSMC( 0),   704,   676,    64, 45056,[     0,     0],     0
    COEFF_IN_FINAL  <131> ( L,S8b)[ 1, 1,    0, 1]: MSMC( 0),   192,   128,    64, 12672,[  0,  0],  b000
    COEFF_IN_BIAS   <133> ( L,S8b)[ 1, 1,    0, 1]: MSMC( 0),     6,     6,    64,   384,[  0,  0],  e000
     Src_Flow [     0,     1,     1,     1] [     0,     0,     0]***[   676,   128,     1,     1] [   704,   676,     0]***[     0,     1,     1,     1] [     0,     0,     0]***[2]
    Src2_Flow [     0,     1,     1,     1] [     0,     0,     0]***[   128,    64,     1,     1] [   192, 12288,     0]***[     0,     1,     1,     1] [     0,     0,     0]***[2]
    Src2_Flow [     0,     1,     1,     1] [     0,     0,     0]***[     6,    64,     1,     1] [     6,   384,     0]***[     0,     1,     1,     1] [     0,     0,     0]***[2]
     Snk_Flow [     0,     1,     1,     1] [     0,     0,     0]***[   676,    64,     1,     1] [   704,   676, 45056]***[     0,     1,     1,     1] [     0,     0,     0]***[2]
Padding Info [Row, Col]: Actual  IN -> OUT : [ 0,  0] -> [ 0,  0],  To fill zero OUT: [ 0,  0], Virtual Pad(T,L,B,R): [ 0,  0,  0,  0]

 ------------- 27( 0, 26, 0, 2, 0) [128 x 26 x  26] => [64 x 26 x  26] | TIDL_ConvolutionLayer
 LINK_X_FM_IN_FULL_TO_PART      13421773216 :  [0,1,1,1]
    FM_FULL        <122> ( L,U8b)[ 1, 1,    0, 1]: MSMC( 0),   704,   676,   128, 90112,[  0,  0], 42100 |||| FM_IN_PART     <135> ( L,U8b)[ 1, 1,    0, 1]:  L2( 0),   704,   704,   128, 90240,[     0,     0],     0
     Src_Flow [     0,     1,     1,     1] [     0,     0,     0]***[   676,   128,     1,     1] [   704,   676, 90112]***[     0,     1,     1,     1] [     0,     0,     0]***[2]
     Snk_Flow [     0,     1,     1,     1] [     0,     0,     0]***[   676,   128,     1,     1] [   704,   676,     0]***[     0,     1,     1,     1] [     0,     0,     0]***[2]
 LINK_X_COEFF_IN_ANY_TO_FINAL   13472104864 :  [0,1,1,1]
    COEFF_FULL     <136> ( L,S8b)[ 1, 1,    0, 1]: DDR_PERSIST( 0),   128,   128,    64,  8576,[  0,  0], 26100 |||| COEFF_IN_FINAL <137> ( L,S8b)[ 1, 1,    0, 1]: MSMC( 0),   192,   128,    64, 12672,[     0,     0], 58100
     Src_Flow [     0,     1,     1,     1] [     0,     0,     0]***[   128,    64,     1,     1] [   128,   128,  8192]***[     0,     1,     1,     1] [     0,     0,     0]***[2]
     Snk_Flow [     0,     1,     1,     1] [     0,     0,     0]***[   128,    64,     1,     1] [   192,   128,     0]***[     0,     1,     1,     1] [     0,     0,     0]***[2]
 LINK_X_BIAS_IN_FULL_TO_FINAL   13488882080 :  [0,1,1,1]
    COEFF_BIAS_FULL <138> ( L,S8b)[ 1, 1,    0, 1]: DDR_PERSIST( 0),     6,     6,    64,   384,[  0,  0], 28100 |||| COEFF_IN_BIAS  <139> ( L,S8b)[ 1, 1,    0, 1]: MSMC( 0),     6,     6,    64,   384,[     0,     0], 5b100
     Src_Flow [     0,     1,     1,     1] [     0,     0,     0]***[     6,    64,     1,     1] [     6,     6,   384]***[     0,     1,     1,     1] [     0,     0,     0]***[2]
     Snk_Flow [     0,     1,     1,     1] [     0,     0,     0]***[     6,    64,     1,     1] [     6,     6,     0]***[     0,     1,     1,     1] [     0,     0,     0]***[2]
 LINK_P                         13555990944 :  [1,1,1,1]
    FM_IN_PART     <135> ( L,U8b)[ 1, 1,    0, 1]:  L2( 0),   704,   704,   128, 90240,[  0,  0],     0 |||| FM_FULL        <134> ( L,U8b)[ 1, 1,    0, 1]: MSMC( 0),   704,   676,    64, 45056,[     0,     0],  b000
    COEFF_IN_FINAL  <137> ( L,S8b)[ 1, 1,    0, 1]: MSMC( 0),   192,   128,    64, 12672,[  0,  0], 58100
    COEFF_IN_BIAS   <139> ( L,S8b)[ 1, 1,    0, 1]: MSMC( 0),     6,     6,    64,   384,[  0,  0], 5b100
     Src_Flow [     0,     1,     1,     1] [     0,     0,     0]***[   676,   128,     1,     1] [   704,   676,     0]***[     0,     1,     1,     1] [     0,     0,     0]***[2]
    Src2_Flow [     0,     1,     1,     1] [     0,     0,     0]***[   128,    64,     1,     1] [   192, 12288,     0]***[     0,     1,     1,     1] [     0,     0,     0]***[2]
    Src2_Flow [     0,     1,     1,     1] [     0,     0,     0]***[     6,    64,     1,     1] [     6,   384,     0]***[     0,     1,     1,     1] [     0,     0,     0]***[2]
     Snk_Flow [     0,     1,     1,     1] [     0,     0,     0]***[   676,    64,     1,     1] [   704,   676, 45056]***[     0,     1,     1,     1] [     0,     0,     0]***[2]
Padding Info [Row, Col]: Actual  IN -> OUT : [ 0,  0] -> [ 0,  0],  To fill zero OUT: [ 0,  0], Virtual Pad(T,L,B,R): [ 0,  0,  0,  0]

 ------------- 28( 0, 28, 0, 2, 0) [64 x 26 x  26] => [64 x 26 x  26] | TIDL_ConvolutionLayer
 LINK_X_FM_IN_FULL_TO_PART      13958644160 :  [0,1,1,1]
    FM_FULL        <134> ( L,U8b)[ 1, 1,    0, 1]: MSMC( 0),   704,   676,    64, 45056,[  0,  0],  b000 |||| FM_IN_PART     <141> ( L,U8b)[ 1, 1,    0, 1]:  L2( 0),   704,   704,    64, 45184,[     0,     0],     0
     Src_Flow [     0,     1,     1,     1] [     0,     0,     0]***[   676,    64,     1,     1] [   704,   676, 45056]***[     0,     1,     1,     1] [     0,     0,     0]***[2]
     Snk_Flow [     0,     1,     1,     1] [     0,     0,     0]***[   676,    64,     1,     1] [   704,   676,     0]***[     0,     1,     1,     1] [     0,     0,     0]***[2]
 LINK_X_COEFF_IN_ANY_TO_FINAL   14008975808 :  [0,1,1,1]
    COEFF_FULL     <142> ( L,S8b)[ 1, 1,    0, 1]: DDR_PERSIST( 0),    64,    64,    64,  4480,[  0,  0], 28280 |||| COEFF_IN_FINAL <143> ( L,S8b)[ 1, 1,    0, 1]: MSMC( 0),    64,    64,    64,  4480,[     0,     0], 4d100
     Src_Flow [     0,     1,     1,     1] [     0,     0,     0]***[    64,    64,     1,     1] [    64,    64,  4096]***[     0,     1,     1,     1] [     0,     0,     0]***[2]
     Snk_Flow [     0,     1,     1,     1] [     0,     0,     0]***[    64,    64,     1,     1] [    64,    64,     0]***[     0,     1,     1,     1] [     0,     0,     0]***[2]
 LINK_X_BIAS_IN_FULL_TO_FINAL   14025753024 :  [0,1,1,1]
    COEFF_BIAS_FULL <144> ( L,S8b)[ 1, 1,    0, 1]: DDR_PERSIST( 0),     6,     6,    64,   384,[  0,  0], 29280 |||| COEFF_IN_BIAS  <145> ( L,S8b)[ 1, 1,    0, 1]: MSMC( 0),     6,     6,    64,   384,[     0,     0], 4e100
     Src_Flow [     0,     1,     1,     1] [     0,     0,     0]***[     6,    64,     1,     1] [     6,     6,   384]***[     0,     1,     1,     1] [     0,     0,     0]***[2]
     Snk_Flow [     0,     1,     1,     1] [     0,     0,     0]***[     6,    64,     1,     1] [     6,     6,     0]***[     0,     1,     1,     1] [     0,     0,     0]***[2]
 LINK_P                         14092861888 :  [1,1,1,1]
    FM_IN_PART     <141> ( L,U8b)[ 1, 1,    0, 1]:  L2( 0),   704,   704,    64, 45184,[  0,  0],     0 |||| FM_FULL        <140> ( L,U8b)[ 1, 1,    0, 1]: MSMC( 0),   704,   676,    64, 45056,[     0,     0], 42100
    COEFF_IN_FINAL  <143> ( L,S8b)[ 1, 1,    0, 1]: MSMC( 0),    64,    64,    64,  4480,[  0,  0], 4d100
    COEFF_IN_BIAS   <145> ( L,S8b)[ 1, 1,    0, 1]: MSMC( 0),     6,     6,    64,   384,[  0,  0], 4e100
     Src_Flow [     0,     1,     1,     1] [     0,     0,     0]***[   676,    64,     1,     1] [   704,   676,     0]***[     0,     1,     1,     1] [     0,     0,     0]***[2]
    Src2_Flow [     0,     1,     1,     1] [     0,     0,     0]***[    64,    64,     1,     1] [    64,  4096,     0]***[     0,     1,     1,     1] [     0,     0,     0]***[2]
    Src2_Flow [     0,     1,     1,     1] [     0,     0,     0]***[     6,    64,     1,     1] [     6,   384,     0]***[     0,     1,     1,     1] [     0,     0,     0]***[2]
     Snk_Flow [     0,     1,     1,     1] [     0,     0,     0]***[   676,    64,     1,     1] [   704,   676, 45056]***[     0,     1,     1,     1] [     0,     0,     0]***[2]
Padding Info [Row, Col]: Actual  IN -> OUT : [ 0,  0] -> [ 0,  0],  To fill zero OUT: [ 0,  0], Virtual Pad(T,L,B,R): [ 0,  0,  0,  0]

 ------------- 29( 0, 29, 0, 2, 0) [64 x 26 x  26] => [64 x 26 x  26] | TIDL_ConvolutionLayer
 LINK_X_FM_IN_FULL_TO_PART      15032386000 :  [0,1,1,1]
    FM_FULL        <140> ( L,U8b)[ 1, 1,    0, 1]: MSMC( 0),   704,   676,    64, 45056,[  0,  0], 42100 |||| FM_IN_PART     <147> ( L,U8b)[ 1, 1,    0, 1]:  L2( 0),   704,   704,    64, 45824,[   128,     0],     0
     Src_Flow [     0,     1,     1,     1] [     0,     0,     0]***[   676,    64,     1,     1] [   704,   676, 45056]***[     0,     1,     1,     1] [     0,     0,     0]***[2]
     Snk_Flow [     0,     1,     1,     1] [     0,     0,     0]***[   676,    64,     1,     1] [   704,   676,     0]***[     0,     1,     1,     1] [     0,     0,     0]***[2]
 LINK_X_COEFF_IN_ANY_TO_FINAL   15082717648 :  [0,1,1,1]
    COEFF_FULL     <148> ( L,S8b)[ 1, 1,    0, 1]: DDR_PERSIST( 0),   576,   576,    64, 37248,[  0,  0], 29400 |||| COEFF_IN_FINAL <149> ( L,S8b)[ 1, 1,    0, 1]: MSMC( 0),   576,   576,    64, 37248,[     0,     0], 4d100
     Src_Flow [     0,     1,     1,     1] [     0,     0,     0]***[   576,    64,     1,     1] [   576,   576, 36864]***[     0,     1,     1,     1] [     0,     0,     0]***[2]
     Snk_Flow [     0,     1,     1,     1] [     0,     0,     0]***[   576,    64,     1,     1] [   576,   576,     0]***[     0,     1,     1,     1] [     0,     0,     0]***[2]
 LINK_X_BIAS_IN_FULL_TO_FINAL   15099494864 :  [0,1,1,1]
    COEFF_BIAS_FULL <150> ( L,S8b)[ 1, 1,    0, 1]: DDR_PERSIST( 0),     6,     6,    64,   384,[  0,  0], 32400 |||| COEFF_IN_BIAS  <151> ( L,S8b)[ 1, 1,    0, 1]: MSMC( 0),     6,     6,    64,   384,[     0,     0], 56100
     Src_Flow [     0,     1,     1,     1] [     0,     0,     0]***[     6,    64,     1,     1] [     6,     6,   384]***[     0,     1,     1,     1] [     0,     0,     0]***[2]
     Snk_Flow [     0,     1,     1,     1] [     0,     0,     0]***[     6,    64,     1,     1] [     6,     6,     0]***[     0,     1,     1,     1] [     0,     0,     0]***[2]
 LINK_P                         15166603728 :  [1,1,1,1]
    FM_IN_PART     <147> ( L,U8b)[ 1, 1,    0, 1]:  L2( 0),   704,   704,    64, 45824,[128,  0],     0 |||| FM_FULL        <146> ( L,U8b)[ 1, 1,    0, 1]: MSMC( 0),   704,   676,    64, 45056,[     0,     0], 42100
    COEFF_IN_FINAL  <149> ( L,S8b)[ 1, 1,    0, 1]: MSMC( 0),   576,   576,    64, 37248,[  0,  0], 4d100
    COEFF_IN_BIAS   <151> ( L,S8b)[ 1, 1,    0, 1]: MSMC( 0),     6,     6,    64,   384,[  0,  0], 56100
     Src_Flow [     0,     1,     1,     1] [     0,     0,     0]***[   676,    64,     1,     1] [   704,   676,     0]***[     0,     1,     1,     1] [     1,     1,     1]***[2]
    Src2_Flow [     0,     1,     1,     1] [     0,     0,     0]***[   576,    64,     1,     1] [   576, 36864,     0]***[     0,     1,     1,     1] [     0,     0,     0]***[2]
    Src2_Flow [     0,     1,     1,     1] [     0,     0,     0]***[     6,    64,     1,     1] [     6,   384,     0]***[     0,     1,     1,     1] [     0,     0,     0]***[2]
     Snk_Flow [     0,     1,     1,     1] [     0,     0,     0]***[   676,    64,     1,     1] [   704,   676, 45056]***[     0,     1,     1,     1] [     0,     0,     0]***[2]
Padding Info [Row, Col]: Actual  IN -> OUT : [ 0,  0] -> [ 0,  0],  To fill zero OUT: [ 0,  0], Virtual Pad(T,L,B,R): [ 1,  1,  1,  1]

 ------------- 30( 0, 30, 0, 3, 0) [128 x 26 x  26] => [64 x 26 x  26] | TIDL_EltWiseLayer
 LINK_X_FM_IN_FULL_TO_PART      15569256928 :  [0,2,1,1]
    FM_FULL        <146> ( L,U8b)[ 2, 1,    0, 1]: MSMC( 0),   704,   676,    64, 45056,[  0,  0], 42100 |||| FM_IN_PART     <153> (PP,U8b)[ 2, 1,    0, 1]:  L2( 0),   728,   728,   128, 93184,[     0,     0],     0
     Src_Flow [     0,     1,     1,     1] [     0,     0,     0]***[   676,    32,     2,     1] [   704, 22528, 22528]***[     0,     1,     1,     1] [     0,     0,     0]***[2]
     Snk_Flow [     0,     1,     1,     1] [     0,     0,     0]***[   676,    32,     2,     1] [   728, 46592,     0]***[     0,     1,     1,     1] [     0,     0,     0]***[2]
 LINK_X_FM_IN_FULL_TO_PART      13958644192 :  [0,2,1,1]
    FM_FULL        <134> ( L,U8b)[ 2, 1,    0, 1]: MSMC( 0),   704,   676,    64, 45056,[  0,  0],  b000 |||| FM_IN_PART     <153> (PP,U8b)[ 2, 1,    0, 1]:  L2( 0),   728,   728,   128, 93184,[ 23296,     0],     0
     Src_Flow [     0,     1,     1,     1] [     0,     0,     0]***[   676,    32,     2,     1] [   704, 22528, 22528]***[     0,     1,     1,     1] [     0,     0,     0]***[2]
     Snk_Flow [     0,     1,     1,     1] [     0,     0,     0]***[   676,    32,     2,     1] [   728, 46592,     0]***[     0,     1,     1,     1] [     0,     0,     0]***[2]
 LINK_P                         35183969436128:  [1,2,1,1]
    FM_IN_PART     <153> (PP,U8b)[ 2, 1,    0, 1]:  L2( 0),   728,   728,   128, 93184,[  0,  0],     0 |||| FM_FULL        <152> ( L,U8b)[ 2, 1,    0, 1]: MSMC( 0),   704,   676,    64, 45056,[     0,     0],  b000
    FM_IN_PART      <153> (PP,U8b)[ 2, 1,    0, 1]:  L2( 0),   728,   728,   128, 93184,[23296,  0],     0
     Src_Flow [     0,     1,     1,     1] [     0,     0,     0]***[   676,    32,     2,     1] [   728, 46592,     0]***[     0,     1,     1,     1] [     0,     0,     0]***[2]
    Src2_Flow [     0,     1,     1,     1] [     0,     0,     0]***[   676,    32,     2,     1] [   728, 46592,     0]***[     0,     1,     1,     1] [     0,     0,     0]***[2]
     Snk_Flow [     0,     1,     1,     1] [     0,     0,     0]***[   676,    32,     2,     1] [   704, 22528, 22528]***[     0,     1,     1,     1] [     0,     0,     0]***[2]
Padding Info [Row, Col]: Actual  IN -> OUT : [ 0,  0] -> [ 0,  0],  To fill zero OUT: [ 0,  0], Virtual Pad(T,L,B,R): [ 0,  0,  0,  0]

 ------------- 31( 0, 31, 0, 2, 0) [64 x 26 x  26] => [64 x 26 x  26] | TIDL_ConvolutionLayer
 LINK_X_FM_IN_FULL_TO_PART      16106127856 :  [0,1,1,1]
    FM_FULL        <152> ( L,U8b)[ 1, 1,    0, 1]: MSMC( 0),   704,   676,    64, 45056,[  0,  0],  b000 |||| FM_IN_PART     <155> ( L,U8b)[ 1, 1,    0, 1]:  L2( 0),   704,   704,    64, 45184,[     0,     0],     0
     Src_Flow [     0,     1,     1,     1] [     0,     0,     0]***[   676,    64,     1,     1] [   704,   676, 45056]***[     0,     1,     1,     1] [     0,     0,     0]***[2]
     Snk_Flow [     0,     1,     1,     1] [     0,     0,     0]***[   676,    64,     1,     1] [   704,   676,     0]***[     0,     1,     1,     1] [     0,     0,     0]***[2]
 LINK_X_COEFF_IN_ANY_TO_FINAL   16156459504 :  [0,1,1,1]
    COEFF_FULL     <156> ( L,S8b)[ 1, 1,    0, 1]: DDR_PERSIST( 0),    64,    64,    64,  4480,[  0,  0], 32580 |||| COEFF_IN_FINAL <157> ( L,S8b)[ 1, 1,    0, 1]: MSMC( 0),    64,    64,    64,  4480,[     0,     0], 4d100
     Src_Flow [     0,     1,     1,     1] [     0,     0,     0]***[    64,    64,     1,     1] [    64,    64,  4096]***[     0,     1,     1,     1] [     0,     0,     0]***[2]
     Snk_Flow [     0,     1,     1,     1] [     0,     0,     0]***[    64,    64,     1,     1] [    64,    64,     0]***[     0,     1,     1,     1] [     0,     0,     0]***[2]
 LINK_X_BIAS_IN_FULL_TO_FINAL   16173236720 :  [0,1,1,1]
    COEFF_BIAS_FULL <158> ( L,S8b)[ 1, 1,    0, 1]: DDR_PERSIST( 0),     6,     6,    64,   384,[  0,  0], 33580 |||| COEFF_IN_BIAS  <159> ( L,S8b)[ 1, 1,    0, 1]: MSMC( 0),     6,     6,    64,   384,[     0,     0], 4e100
     Src_Flow [     0,     1,     1,     1] [     0,     0,     0]***[     6,    64,     1,     1] [     6,     6,   384]***[     0,     1,     1,     1] [     0,     0,     0]***[2]
     Snk_Flow [     0,     1,     1,     1] [     0,     0,     0]***[     6,    64,     1,     1] [     6,     6,     0]***[     0,     1,     1,     1] [     0,     0,     0]***[2]
 LINK_P                         16240345584 :  [1,1,1,1]
    FM_IN_PART     <155> ( L,U8b)[ 1, 1,    0, 1]:  L2( 0),   704,   704,    64, 45184,[  0,  0],     0 |||| FM_FULL        <154> ( L,U8b)[ 1, 1,    0, 1]: MSMC( 0),   704,   676,    64, 45056,[     0,     0], 42100
    COEFF_IN_FINAL  <157> ( L,S8b)[ 1, 1,    0, 1]: MSMC( 0),    64,    64,    64,  4480,[  0,  0], 4d100
    COEFF_IN_BIAS   <159> ( L,S8b)[ 1, 1,    0, 1]: MSMC( 0),     6,     6,    64,   384,[  0,  0], 4e100
     Src_Flow [     0,     1,     1,     1] [     0,     0,     0]***[   676,    64,     1,     1] [   704,   676,     0]***[     0,     1,     1,     1] [     0,     0,     0]***[2]
    Src2_Flow [     0,     1,     1,     1] [     0,     0,     0]***[    64,    64,     1,     1] [    64,  4096,     0]***[     0,     1,     1,     1] [     0,     0,     0]***[2]
    Src2_Flow [     0,     1,     1,     1] [     0,     0,     0]***[     6,    64,     1,     1] [     6,   384,     0]***[     0,     1,     1,     1] [     0,     0,     0]***[2]
     Snk_Flow [     0,     1,     1,     1] [     0,     0,     0]***[   676,    64,     1,     1] [   704,   676, 45056]***[     0,     1,     1,     1] [     0,     0,     0]***[2]
Padding Info [Row, Col]: Actual  IN -> OUT : [ 0,  0] -> [ 0,  0],  To fill zero OUT: [ 0,  0], Virtual Pad(T,L,B,R): [ 0,  0,  0,  0]

 ------------- 32( 0, 32, 0, 2, 0) [64 x 26 x  26] => [64 x 26 x  26] | TIDL_ConvolutionLayer
 LINK_X_FM_IN_FULL_TO_PART      16642998784 :  [0,1,1,1]
    FM_FULL        <154> ( L,U8b)[ 1, 1,    0, 1]: MSMC( 0),   704,   676,    64, 45056,[  0,  0], 42100 |||| FM_IN_PART     <161> ( L,U8b)[ 1, 1,    0, 1]:  L2( 0),   704,   704,    64, 45824,[   128,     0],     0
     Src_Flow [     0,     1,     1,     1] [     0,     0,     0]***[   676,    64,     1,     1] [   704,   676, 45056]***[     0,     1,     1,     1] [     0,     0,     0]***[2]
     Snk_Flow [     0,     1,     1,     1] [     0,     0,     0]***[   676,    64,     1,     1] [   704,   676,     0]***[     0,     1,     1,     1] [     0,     0,     0]***[2]
 LINK_X_COEFF_IN_ANY_TO_FINAL   16693330432 :  [0,1,1,1]
    COEFF_FULL     <162> ( L,S8b)[ 1, 1,    0, 1]: DDR_PERSIST( 0),   576,   576,    64, 37248,[  0,  0], 33700 |||| COEFF_IN_FINAL <163> ( L,S8b)[ 1, 1,    0, 1]: MSMC( 0),   576,   576,    64, 37248,[     0,     0], 4d100
     Src_Flow [     0,     1,     1,     1] [     0,     0,     0]***[   576,    64,     1,     1] [   576,   576, 36864]***[     0,     1,     1,     1] [     0,     0,     0]***[2]
     Snk_Flow [     0,     1,     1,     1] [     0,     0,     0]***[   576,    64,     1,     1] [   576,   576,     0]***[     0,     1,     1,     1] [     0,     0,     0]***[2]
 LINK_X_BIAS_IN_FULL_TO_FINAL   16710107648 :  [0,1,1,1]
    COEFF_BIAS_FULL <164> ( L,S8b)[ 1, 1,    0, 1]: DDR_PERSIST( 0),     6,     6,    64,   384,[  0,  0], 3c700 |||| COEFF_IN_BIAS  <165> ( L,S8b)[ 1, 1,    0, 1]: MSMC( 0),     6,     6,    64,   384,[     0,     0], 56100
     Src_Flow [     0,     1,     1,     1] [     0,     0,     0]***[     6,    64,     1,     1] [     6,     6,   384]***[     0,     1,     1,     1] [     0,     0,     0]***[2]
     Snk_Flow [     0,     1,     1,     1] [     0,     0,     0]***[     6,    64,     1,     1] [     6,     6,     0]***[     0,     1,     1,     1] [     0,     0,     0]***[2]
 LINK_P                         16777216512 :  [1,1,1,1]
    FM_IN_PART     <161> ( L,U8b)[ 1, 1,    0, 1]:  L2( 0),   704,   704,    64, 45824,[128,  0],     0 |||| FM_FULL        <160> ( L,U8b)[ 1, 1,    0, 1]: MSMC( 0),   704,   676,    64, 45056,[     0,     0], 42100
    COEFF_IN_FINAL  <163> ( L,S8b)[ 1, 1,    0, 1]: MSMC( 0),   576,   576,    64, 37248,[  0,  0], 4d100
    COEFF_IN_BIAS   <165> ( L,S8b)[ 1, 1,    0, 1]: MSMC( 0),     6,     6,    64,   384,[  0,  0], 56100
     Src_Flow [     0,     1,     1,     1] [     0,     0,     0]***[   676,    64,     1,     1] [   704,   676,     0]***[     0,     1,     1,     1] [     1,     1,     1]***[2]
    Src2_Flow [     0,     1,     1,     1] [     0,     0,     0]***[   576,    64,     1,     1] [   576, 36864,     0]***[     0,     1,     1,     1] [     0,     0,     0]***[2]
    Src2_Flow [     0,     1,     1,     1] [     0,     0,     0]***[     6,    64,     1,     1] [     6,   384,     0]***[     0,     1,     1,     1] [     0,     0,     0]***[2]
     Snk_Flow [     0,     1,     1,     1] [     0,     0,     0]***[   676,    64,     1,     1] [   704,   676, 45056]***[     0,     1,     1,     1] [     0,     0,     0]***[2]
Padding Info [Row, Col]: Actual  IN -> OUT : [ 0,  0] -> [ 0,  0],  To fill zero OUT: [ 0,  0], Virtual Pad(T,L,B,R): [ 1,  1,  1,  1]

 ------------- 33( 0, 33, 0, 3, 0) [128 x 26 x  26] => [64 x 26 x  26] | TIDL_EltWiseLayer
 LINK_X_FM_IN_FULL_TO_PART      17179869712 :  [0,2,1,1]
    FM_FULL        <160> ( L,U8b)[ 2, 1,    0, 1]: MSMC( 0),   704,   676,    64, 45056,[  0,  0], 42100 |||| FM_IN_PART     <167> (PP,U8b)[ 2, 1,    0, 1]:  L2( 0),   728,   728,   128, 93184,[     0,     0],     0
     Src_Flow [     0,     1,     1,     1] [     0,     0,     0]***[   676,    32,     2,     1] [   704, 22528, 22528]***[     0,     1,     1,     1] [     0,     0,     0]***[2]
     Snk_Flow [     0,     1,     1,     1] [     0,     0,     0]***[   676,    32,     2,     1] [   728, 46592,     0]***[     0,     1,     1,     1] [     0,     0,     0]***[2]
 LINK_X_FM_IN_FULL_TO_PART      16106127888 :  [0,2,1,1]
    FM_FULL        <152> ( L,U8b)[ 2, 1,    0, 1]: MSMC( 0),   704,   676,    64, 45056,[  0,  0],  b000 |||| FM_IN_PART     <167> (PP,U8b)[ 2, 1,    0, 1]:  L2( 0),   728,   728,   128, 93184,[ 23296,     0],     0
     Src_Flow [     0,     1,     1,     1] [     0,     0,     0]***[   676,    32,     2,     1] [   704, 22528, 22528]***[     0,     1,     1,     1] [     0,     0,     0]***[2]
     Snk_Flow [     0,     1,     1,     1] [     0,     0,     0]***[   676,    32,     2,     1] [   728, 46592,     0]***[     0,     1,     1,     1] [     0,     0,     0]***[2]
 LINK_P                         35183969436176:  [1,2,1,1]
    FM_IN_PART     <167> (PP,U8b)[ 2, 1,    0, 1]:  L2( 0),   728,   728,   128, 93184,[  0,  0],     0 |||| FM_FULL        <166> ( L,U8b)[ 2, 1,    0, 1]: MSMC( 0),   704,   676,    64, 45056,[     0,     0],  b000
    FM_IN_PART      <167> (PP,U8b)[ 2, 1,    0, 1]:  L2( 0),   728,   728,   128, 93184,[23296,  0],     0
     Src_Flow [     0,     1,     1,     1] [     0,     0,     0]***[   676,    32,     2,     1] [   728, 46592,     0]***[     0,     1,     1,     1] [     0,     0,     0]***[2]
    Src2_Flow [     0,     1,     1,     1] [     0,     0,     0]***[   676,    32,     2,     1] [   728, 46592,     0]***[     0,     1,     1,     1] [     0,     0,     0]***[2]
     Snk_Flow [     0,     1,     1,     1] [     0,     0,     0]***[   676,    32,     2,     1] [   704, 22528, 22528]***[     0,     1,     1,     1] [     0,     0,     0]***[2]
Padding Info [Row, Col]: Actual  IN -> OUT : [ 0,  0] -> [ 0,  0],  To fill zero OUT: [ 0,  0], Virtual Pad(T,L,B,R): [ 0,  0,  0,  0]

 ------------- 34( 0, 34, 0, 2, 0) [64 x 26 x  26] => [64 x 26 x  26] | TIDL_ConvolutionLayer
 LINK_X_FM_IN_FULL_TO_PART      17716740640 :  [0,1,1,1]
    FM_FULL        <166> ( L,U8b)[ 1, 1,    0, 1]: MSMC( 0),   704,   676,    64, 45056,[  0,  0],  b000 |||| FM_IN_PART     <169> ( L,U8b)[ 1, 1,    0, 1]:  L2( 0),   704,   704,    64, 45184,[     0,     0],     0
     Src_Flow [     0,     1,     1,     1] [     0,     0,     0]***[   676,    64,     1,     1] [   704,   676, 45056]***[     0,     1,     1,     1] [     0,     0,     0]***[2]
     Snk_Flow [     0,     1,     1,     1] [     0,     0,     0]***[   676,    64,     1,     1] [   704,   676,     0]***[     0,     1,     1,     1] [     0,     0,     0]***[2]
 LINK_X_COEFF_IN_ANY_TO_FINAL   17767072288 :  [0,1,1,1]
    COEFF_FULL     <170> ( L,S8b)[ 1, 1,    0, 1]: DDR_PERSIST( 0),    64,    64,    64,  4480,[  0,  0], 3c880 |||| COEFF_IN_FINAL <171> ( L,S8b)[ 1, 1,    0, 1]: MSMC( 0),    64,    64,    64,  4480,[     0,     0], 4d100
     Src_Flow [     0,     1,     1,     1] [     0,     0,     0]***[    64,    64,     1,     1] [    64,    64,  4096]***[     0,     1,     1,     1] [     0,     0,     0]***[2]
     Snk_Flow [     0,     1,     1,     1] [     0,     0,     0]***[    64,    64,     1,     1] [    64,    64,     0]***[     0,     1,     1,     1] [     0,     0,     0]***[2]
 LINK_X_BIAS_IN_FULL_TO_FINAL   17783849504 :  [0,1,1,1]
    COEFF_BIAS_FULL <172> ( L,S8b)[ 1, 1,    0, 1]: DDR_PERSIST( 0),     6,     6,    64,   384,[  0,  0], 3d880 |||| COEFF_IN_BIAS  <173> ( L,S8b)[ 1, 1,    0, 1]: MSMC( 0),     6,     6,    64,   384,[     0,     0], 4e100
     Src_Flow [     0,     1,     1,     1] [     0,     0,     0]***[     6,    64,     1,     1] [     6,     6,   384]***[     0,     1,     1,     1] [     0,     0,     0]***[2]
     Snk_Flow [     0,     1,     1,     1] [     0,     0,     0]***[     6,    64,     1,     1] [     6,     6,     0]***[     0,     1,     1,     1] [     0,     0,     0]***[2]
 LINK_P                         17850958368 :  [1,1,1,1]
    FM_IN_PART     <169> ( L,U8b)[ 1, 1,    0, 1]:  L2( 0),   704,   704,    64, 45184,[  0,  0],     0 |||| FM_FULL        <168> ( L,U8b)[ 1, 1,    0, 1]: MSMC( 0),   704,   676,    64, 45056,[     0,     0], 42100
    COEFF_IN_FINAL  <171> ( L,S8b)[ 1, 1,    0, 1]: MSMC( 0),    64,    64,    64,  4480,[  0,  0], 4d100
    COEFF_IN_BIAS   <173> ( L,S8b)[ 1, 1,    0, 1]: MSMC( 0),     6,     6,    64,   384,[  0,  0], 4e100
     Src_Flow [     0,     1,     1,     1] [     0,     0,     0]***[   676,    64,     1,     1] [   704,   676,     0]***[     0,     1,     1,     1] [     0,     0,     0]***[2]
    Src2_Flow [     0,     1,     1,     1] [     0,     0,     0]***[    64,    64,     1,     1] [    64,  4096,     0]***[     0,     1,     1,     1] [     0,     0,     0]***[2]
    Src2_Flow [     0,     1,     1,     1] [     0,     0,     0]***[     6,    64,     1,     1] [     6,   384,     0]***[     0,     1,     1,     1] [     0,     0,     0]***[2]
     Snk_Flow [     0,     1,     1,     1] [     0,     0,     0]***[   676,    64,     1,     1] [   704,   676, 45056]***[     0,     1,     1,     1] [     0,     0,     0]***[2]
Padding Info [Row, Col]: Actual  IN -> OUT : [ 0,  0] -> [ 0,  0],  To fill zero OUT: [ 0,  0], Virtual Pad(T,L,B,R): [ 0,  0,  0,  0]

 ------------- 35( 0, 35, 0, 2, 0) [64 x 26 x  26] => [64 x 26 x  26] | TIDL_ConvolutionLayer
 LINK_X_FM_IN_FULL_TO_PART      18253611568 :  [0,1,1,1]
    FM_FULL        <168> ( L,U8b)[ 1, 1,    0, 1]: MSMC( 0),   704,   676,    64, 45056,[  0,  0], 42100 |||| FM_IN_PART     <175> ( L,U8b)[ 1, 1,    0, 1]:  L2( 0),   704,   704,    64, 45824,[   128,     0],     0
     Src_Flow [     0,     1,     1,     1] [     0,     0,     0]***[   676,    64,     1,     1] [   704,   676, 45056]***[     0,     1,     1,     1] [     0,     0,     0]***[2]
     Snk_Flow [     0,     1,     1,     1] [     0,     0,     0]***[   676,    64,     1,     1] [   704,   676,     0]***[     0,     1,     1,     1] [     0,     0,     0]***[2]
 LINK_X_COEFF_IN_ANY_TO_FINAL   18303943216 :  [0,1,1,1]
    COEFF_FULL     <176> ( L,S8b)[ 1, 1,    0, 1]: DDR_PERSIST( 0),   576,   576,    64, 37248,[  0,  0], 3da00 |||| COEFF_IN_FINAL <177> ( L,S8b)[ 1, 1,    0, 1]: MSMC( 0),   576,   576,    64, 37248,[     0,     0], 4d100
     Src_Flow [     0,     1,     1,     1] [     0,     0,     0]***[   576,    64,     1,     1] [   576,   576, 36864]***[     0,     1,     1,     1] [     0,     0,     0]***[2]
     Snk_Flow [     0,     1,     1,     1] [     0,     0,     0]***[   576,    64,     1,     1] [   576,   576,     0]***[     0,     1,     1,     1] [     0,     0,     0]***[2]
 LINK_X_BIAS_IN_FULL_TO_FINAL   18320720432 :  [0,1,1,1]
    COEFF_BIAS_FULL <178> ( L,S8b)[ 1, 1,    0, 1]: DDR_PERSIST( 0),     6,     6,    64,   384,[  0,  0], 46a00 |||| COEFF_IN_BIAS  <179> ( L,S8b)[ 1, 1,    0, 1]: MSMC( 0),     6,     6,    64,   384,[     0,     0], 56100
     Src_Flow [     0,     1,     1,     1] [     0,     0,     0]***[     6,    64,     1,     1] [     6,     6,   384]***[     0,     1,     1,     1] [     0,     0,     0]***[2]
     Snk_Flow [     0,     1,     1,     1] [     0,     0,     0]***[     6,    64,     1,     1] [     6,     6,     0]***[     0,     1,     1,     1] [     0,     0,     0]***[2]
 LINK_P                         18387829296 :  [1,1,1,1]
    FM_IN_PART     <175> ( L,U8b)[ 1, 1,    0, 1]:  L2( 0),   704,   704,    64, 45824,[128,  0],     0 |||| FM_FULL        <174> ( L,U8b)[ 1, 1,    0, 1]: MSMC( 0),   704,   676,    64, 45056,[     0,     0], 42100
    COEFF_IN_FINAL  <177> ( L,S8b)[ 1, 1,    0, 1]: MSMC( 0),   576,   576,    64, 37248,[  0,  0], 4d100
    COEFF_IN_BIAS   <179> ( L,S8b)[ 1, 1,    0, 1]: MSMC( 0),     6,     6,    64,   384,[  0,  0], 56100
     Src_Flow [     0,     1,     1,     1] [     0,     0,     0]***[   676,    64,     1,     1] [   704,   676,     0]***[     0,     1,     1,     1] [     1,     1,     1]***[2]
    Src2_Flow [     0,     1,     1,     1] [     0,     0,     0]***[   576,    64,     1,     1] [   576, 36864,     0]***[     0,     1,     1,     1] [     0,     0,     0]***[2]
    Src2_Flow [     0,     1,     1,     1] [     0,     0,     0]***[     6,    64,     1,     1] [     6,   384,     0]***[     0,     1,     1,     1] [     0,     0,     0]***[2]
     Snk_Flow [     0,     1,     1,     1] [     0,     0,     0]***[   676,    64,     1,     1] [   704,   676, 45056]***[     0,     1,     1,     1] [     0,     0,     0]***[2]
Padding Info [Row, Col]: Actual  IN -> OUT : [ 0,  0] -> [ 0,  0],  To fill zero OUT: [ 0,  0], Virtual Pad(T,L,B,R): [ 1,  1,  1,  1]

 ------------- 36( 0, 36, 0, 3, 0) [128 x 26 x  26] => [64 x 26 x  26] | TIDL_EltWiseLayer
 LINK_X_FM_IN_FULL_TO_PART      18790482496 :  [0,2,1,1]
    FM_FULL        <174> ( L,U8b)[ 2, 1,    0, 1]: MSMC( 0),   704,   676,    64, 45056,[  0,  0], 42100 |||| FM_IN_PART     <181> (PP,U8b)[ 2, 1,    0, 1]:  L2( 0),   728,   728,   128, 93184,[     0,     0],     0
     Src_Flow [     0,     1,     1,     1] [     0,     0,     0]***[   676,    32,     2,     1] [   704, 22528, 22528]***[     0,     1,     1,     1] [     0,     0,     0]***[2]
     Snk_Flow [     0,     1,     1,     1] [     0,     0,     0]***[   676,    32,     2,     1] [   728, 46592,     0]***[     0,     1,     1,     1] [     0,     0,     0]***[2]
 LINK_X_FM_IN_FULL_TO_PART      17716740672 :  [0,2,1,1]
    FM_FULL        <166> ( L,U8b)[ 2, 1,    0, 1]: MSMC( 0),   704,   676,    64, 45056,[  0,  0],  b000 |||| FM_IN_PART     <181> (PP,U8b)[ 2, 1,    0, 1]:  L2( 0),   728,   728,   128, 93184,[ 23296,     0],     0
     Src_Flow [     0,     1,     1,     1] [     0,     0,     0]***[   676,    32,     2,     1] [   704, 22528, 22528]***[     0,     1,     1,     1] [     0,     0,     0]***[2]
     Snk_Flow [     0,     1,     1,     1] [     0,     0,     0]***[   676,    32,     2,     1] [   728, 46592,     0]***[     0,     1,     1,     1] [     0,     0,     0]***[2]
 LINK_P                         35183969436224:  [1,2,1,1]
    FM_IN_PART     <181> (PP,U8b)[ 2, 1,    0, 1]:  L2( 0),   728,   728,   128, 93184,[  0,  0],     0 |||| FM_FULL        <180> ( L,U8b)[ 2, 1,    0, 1]: MSMC( 0),   704,   676,    64, 45056,[     0,     0],  b000
    FM_IN_PART      <181> (PP,U8b)[ 2, 1,    0, 1]:  L2( 0),   728,   728,   128, 93184,[23296,  0],     0
     Src_Flow [     0,     1,     1,     1] [     0,     0,     0]***[   676,    32,     2,     1] [   728, 46592,     0]***[     0,     1,     1,     1] [     0,     0,     0]***[2]
    Src2_Flow [     0,     1,     1,     1] [     0,     0,     0]***[   676,    32,     2,     1] [   728, 46592,     0]***[     0,     1,     1,     1] [     0,     0,     0]***[2]
     Snk_Flow [     0,     1,     1,     1] [     0,     0,     0]***[   676,    32,     2,     1] [   704, 22528, 22528]***[     0,     1,     1,     1] [     0,     0,     0]***[2]
Padding Info [Row, Col]: Actual  IN -> OUT : [ 0,  0] -> [ 0,  0],  To fill zero OUT: [ 0,  0], Virtual Pad(T,L,B,R): [ 0,  0,  0,  0]

 ------------- 37( 0, 37, 0, 3, 0) [128 x 26 x  26] => [128 x 26 x  26] | TIDL_ConcatLayer
 LINK_X_FM_IN_FULL_TO_PART      19327353424 :  [0,1,1,1]
    FM_FULL        <180> ( L,U8b)[ 1, 1,    0, 1]: MSMC( 0),   704,   676,    64, 45056,[  0,  0],  b000 |||| FM_IN_PART     <183> (PP,U8b)[ 1, 1,    0, 1]:  L2( 0),   728,   728,   128, 93184,[     0,     0],     0
     Src_Flow [     0,     1,     1,     1] [     0,     0,     0]***[   676,    64,     1,     1] [   704,   676, 45056]***[     0,     1,     1,     1] [     0,     0,     0]***[2]
     Snk_Flow [     0,     1,     1,     1] [     0,     0,     0]***[   676,    64,     1,     1] [   728, 46592,     0]***[     0,     1,     1,     1] [     0,     0,     0]***[2]
 LINK_X_FM_IN_FULL_TO_PART      14495515216 :  [1,1,1,1]
    FM_FULL        <128> ( L,U8b)[ 1, 1,    0, 1]: MSMC( 0),   704,   676,    64, 45056,[  0,  0],     0 |||| FM_IN_PART     <183> (PP,U8b)[ 1, 1,    0, 1]:  L2( 0),   728,   728,   128, 93184,[ 46592,     0],     0
     Src_Flow [     0,     1,     1,     1] [     0,     0,     0]***[   676,    64,     1,     1] [   704,   676, 45056]***[     0,     1,     1,     1] [     0,     0,     0]***[2]
     Snk_Flow [     0,     1,     1,     1] [     0,     0,     0]***[   676,    64,     1,     1] [   728,-46592,     0]***[     0,     1,     1,     1] [     0,     0,     0]***[2]
 LINK_P                         19461571152 :  [1,1,1,1]
    FM_IN_PART     <183> (PP,U8b)[ 1, 1,    0, 1]:  L2( 0),   728,   728,   128, 93184,[  0,  0],     0 |||| FM_FULL        <182> ( L,S8b)[ 1, 1,    0, 1]: MSMC( 0),   704,   676,   128, 90112,[     0,     0], 42100
     Src_Flow [     0,     1,     1,     1] [     0,     0,     0]***[   676,    64,     1,     1] [   728, 46592,     0]***[     0,     1,     1,     1] [     0,     0,     0]***[2]
     Snk_Flow [     0,     1,     1,     1] [     0,     0,     0]***[   676,    64,     1,     1] [   704,   676, 45056]***[     0,     1,     1,     1] [     0,     0,     0]***[2]
 LINK_P                         14629732944 :  [2,1,1,1]
    FM_IN_PART     <183> (PP,U8b)[ 1, 1,    0, 1]:  L2( 0),   728,   728,   128, 93184,[46592,  0],     0 |||| FM_FULL        <182> ( L,S8b)[ 1, 1,    0, 1]: MSMC( 0),   704,   676,   128, 90112,[ 45056,     0], 42100
     Src_Flow [     0,     1,     1,     1] [     0,     0,     0]***[   676,    64,     1,     1] [   728,-46592,     0]***[     0,     1,     1,     1] [     0,     0,     0]***[2]
     Snk_Flow [     0,     1,     1,     1] [     0,     0,     0]***[   676,    64,     1,     1] [   704,   676, 45056]***[     0,     1,     1,     1] [     0,     0,     0]***[2]
Padding Info [Row, Col]: Actual  IN -> OUT : [ 0,  0] -> [ 0,  0],  To fill zero OUT: [ 0,  0], Virtual Pad(T,L,B,R): [ 0,  0,  0,  0]

 ------------- 38( 0, 38, 0, 2, 0) [128 x 26 x  26] => [128 x 26 x  26] | TIDL_ConvolutionLayer
 LINK_X_FM_IN_FULL_TO_PART      19864224352 :  [0,1,1,1]
    FM_FULL        <182> ( L,S8b)[ 1, 1,    0, 1]: MSMC( 0),   704,   676,   128, 90112,[  0,  0], 42100 |||| FM_IN_PART     <185> ( L,S8b)[ 1, 1,    0, 1]:  L2( 0),   704,   704,   128, 90240,[     0,     0],     0
     Src_Flow [     0,     1,     1,     1] [     0,     0,     0]***[   676,   128,     1,     1] [   704,   676, 90112]***[     0,     1,     1,     1] [     0,     0,     0]***[2]
     Snk_Flow [     0,     1,     1,     1] [     0,     0,     0]***[   676,   128,     1,     1] [   704,   676,     0]***[     0,     1,     1,     1] [     0,     0,     0]***[2]
 LINK_X_COEFF_IN_ANY_TO_FINAL   19914556000 :  [0,1,1,1]
    COEFF_FULL     <186> ( L,S8b)[ 1, 1,    0, 1]: DDR_PERSIST( 0),   128,   128,   128, 17152,[  0,  0], 46b80 |||| COEFF_IN_FINAL <187> ( L,S8b)[ 1, 1,    0, 1]: MSMC( 0),   192,   128,   128, 25344,[     0,     0],     0
     Src_Flow [     0,     1,     1,     1] [     0,     0,     0]***[   128,   128,     1,     1] [   128,   128, 16384]***[     0,     1,     1,     1] [     0,     0,     0]***[2]
     Snk_Flow [     0,     1,     1,     1] [     0,     0,     0]***[   128,   128,     1,     1] [   192,   128,     0]***[     0,     1,     1,     1] [     0,     0,     0]***[2]
 LINK_X_BIAS_IN_FULL_TO_FINAL   19931333216 :  [0,1,1,1]
    COEFF_BIAS_FULL <188> ( L,S8b)[ 1, 1,    0, 1]: DDR_PERSIST( 0),     6,     6,   128,   768,[  0,  0], 4ab80 |||| COEFF_IN_BIAS  <189> ( L,S8b)[ 1, 1,    0, 1]: MSMC( 0),     6,     6,   128,   768,[     0,     0],  6000
     Src_Flow [     0,     1,     1,     1] [     0,     0,     0]***[     6,   128,     1,     1] [     6,     6,   768]***[     0,     1,     1,     1] [     0,     0,     0]***[2]
     Snk_Flow [     0,     1,     1,     1] [     0,     0,     0]***[     6,   128,     1,     1] [     6,     6,     0]***[     0,     1,     1,     1] [     0,     0,     0]***[2]
 LINK_P                         19998442080 :  [1,1,1,1]
    FM_IN_PART     <185> ( L,S8b)[ 1, 1,    0, 1]:  L2( 0),   704,   704,   128, 90240,[  0,  0],     0 |||| FM_FULL        <184> ( L,U8b)[ 1, 1,    0, 1]: MSMC( 0),   704,   676,   128, 90112,[     0,     0], 42100
    COEFF_IN_FINAL  <187> ( L,S8b)[ 1, 1,    0, 1]: MSMC( 0),   192,   128,   128, 25344,[  0,  0],     0
    COEFF_IN_BIAS   <189> ( L,S8b)[ 1, 1,    0, 1]: MSMC( 0),     6,     6,   128,   768,[  0,  0],  6000
     Src_Flow [     0,     1,     1,     1] [     0,     0,     0]***[   676,   128,     1,     1] [   704,   676,     0]***[     0,     1,     1,     1] [     0,     0,     0]***[2]
    Src2_Flow [     0,     1,     1,     1] [     0,     0,     0]***[   128,   128,     1,     1] [   192, 24576,     0]***[     0,     1,     1,     1] [     0,     0,     0]***[2]
    Src2_Flow [     0,     1,     1,     1] [     0,     0,     0]***[     6,   128,     1,     1] [     6,   768,     0]***[     0,     1,     1,     1] [     0,     0,     0]***[2]
     Snk_Flow [     0,     1,     1,     1] [     0,     0,     0]***[   676,   128,     1,     1] [   704,   676, 90112]***[     0,     1,     1,     1] [     0,     0,     0]***[2]
Padding Info [Row, Col]: Actual  IN -> OUT : [ 0,  0] -> [ 0,  0],  To fill zero OUT: [ 0,  0], Virtual Pad(T,L,B,R): [ 0,  0,  0,  0]

 ------------- 39( 0, 39, 0, 2, 0) [128 x 26 x  26] => [256 x 13 x  13] | TIDL_ConvolutionLayer
 LINK_X_FM_IN_FULL_TO_PART      20401095280 :  [0,1,1,1]
    FM_FULL        <184> ( L,U8b)[ 1, 1,    0, 1]: MSMC( 0),   704,   676,   128, 90112,[  0,  0], 42100 |||| FM_IN_PART     <191> ( L,U8b)[ 1, 1,    0, 1]:  L2( 0),   704,   704,   128, 90880,[   128,     0],     0
     Src_Flow [     0,     1,     1,     1] [     0,     0,     0]***[   676,   128,     1,     1] [   704,   676, 90112]***[     0,     1,     1,     1] [     0,     0,     0]***[2]
     Snk_Flow [     0,     1,     1,     1] [     0,     0,     0]***[   676,   128,     1,     1] [   704,   676,     0]***[     0,     1,     1,     1] [     0,     0,     0]***[2]
 LINK_X_COEFF_IN_ANY_TO_FINAL   20451426928 :  [0,1,1,1]
    COEFF_FULL     <192> ( L,S8b)[ 1, 1,    0, 1]: DDR_PERSIST( 0),  1152,  1152,   256,296448,[  0,  0], 4ae80 |||| COEFF_IN_FINAL <193> ( L,S8b)[ 1, 1,    0, 1]: MSMC( 0),  1216,  1152,   256,312832,[     0,     0], 58100
     Src_Flow [     0,     1,     1,     1] [     0,     0,     0]***[  1152,   256,     1,     1] [  1152,  1152,294912]***[     0,     1,     1,     1] [     0,     0,     0]***[2]
     Snk_Flow [     0,     1,     1,     1] [     0,     0,     0]***[  1152,   256,     1,     1] [  1216,  1152,     0]***[     0,     1,     1,     1] [     0,     0,     0]***[2]
 LINK_X_BIAS_IN_FULL_TO_FINAL   20468204144 :  [0,1,1,1]
    COEFF_BIAS_FULL <194> ( L,S8b)[ 1, 1,    0, 1]: DDR_PERSIST( 0),     6,     6,   256,  1536,[  0,  0], 92e80 |||| COEFF_IN_BIAS  <195> ( L,S8b)[ 1, 1,    0, 1]: MSMC( 0),     6,     6,   256,  1536,[     0,     0], a4100
     Src_Flow [     0,     1,     1,     1] [     0,     0,     0]***[     6,   256,     1,     1] [     6,     6,  1536]***[     0,     1,     1,     1] [     0,     0,     0]***[2]
     Snk_Flow [     0,     1,     1,     1] [     0,     0,     0]***[     6,   256,     1,     1] [     6,     6,     0]***[     0,     1,     1,     1] [     0,     0,     0]***[2]
 LINK_P                         20535313008 :  [1,1,1,1]
    FM_IN_PART     <191> ( L,U8b)[ 1, 1,    0, 1]:  L2( 0),   704,   704,   128, 90880,[128,  0],     0 |||| FM_FULL        <190> ( L,U8b)[ 1, 1,    0, 1]: MSMC( 0),   192,   169,   256, 49152,[     0,     0],     0
    COEFF_IN_FINAL  <193> ( L,S8b)[ 1, 1,    0, 1]: MSMC( 0),  1216,  1152,   256,312832,[  0,  0], 58100
    COEFF_IN_BIAS   <195> ( L,S8b)[ 1, 1,    0, 1]: MSMC( 0),     6,     6,   256,  1536,[  0,  0], a4100
     Src_Flow [     0,     1,     1,     1] [     0,     0,     0]***[   676,   128,     1,     1] [   704,   676,     0]***[     0,     1,     1,     1] [     1,     1,     1]***[2]
    Src2_Flow [     0,     1,     1,     1] [     0,     0,     0]***[  1152,   256,     1,     1] [  1216,311296,     0]***[     0,     1,     1,     1] [     0,     0,     0]***[2]
    Src2_Flow [     0,     1,     1,     1] [     0,     0,     0]***[     6,   256,     1,     1] [     6,  1536,     0]***[     0,     1,     1,     1] [     0,     0,     0]***[2]
     Snk_Flow [     0,     1,     1,     1] [     0,     0,     0]***[   169,   256,     1,     1] [   192,   169, 49152]***[     0,     1,     1,     1] [     0,     0,     0]***[2]
Padding Info [Row, Col]: Actual  IN -> OUT : [ 0,  0] -> [ 0,  0],  To fill zero OUT: [ 0,  0], Virtual Pad(T,L,B,R): [ 1,  1,  1,  1]

 ------------- 40( 0, 40, 0, 2, 0) [256 x 13 x  13] => [128 x 13 x  13] | TIDL_ConvolutionLayer
 LINK_X_FM_IN_FULL_TO_PART      20937966208 :  [0,1,1,1]
    FM_FULL        <190> ( L,U8b)[ 1, 1,    0, 1]: MSMC( 0),   192,   169,   256, 49152,[  0,  0],     0 |||| FM_IN_PART     <197> ( L,U8b)[ 1, 1,    0, 1]:  L2( 0),   192,   192,   256, 49280,[     0,     0],     0
     Src_Flow [     0,     1,     1,     1] [     0,     0,     0]***[   169,   256,     1,     1] [   192,   169, 49152]***[     0,     1,     1,     1] [     0,     0,     0]***[2]
     Snk_Flow [     0,     1,     1,     1] [     0,     0,     0]***[   169,   256,     1,     1] [   192,   169,     0]***[     0,     1,     1,     1] [     0,     0,     0]***[2]
 LINK_X_COEFF_IN_ANY_TO_FINAL   20988297856 :  [0,1,1,1]
    COEFF_FULL     <198> ( L,S8b)[ 1, 1,    0, 1]: DDR_PERSIST( 0),   256,   256,   128, 33536,[  0,  0], 93480 |||| COEFF_IN_FINAL <199> ( L,S8b)[ 1, 1,    0, 1]: MSMC( 0),   320,   256,   128, 41728,[     0,     0],  c000
     Src_Flow [     0,     1,     1,     1] [     0,     0,     0]***[   256,   128,     1,     1] [   256,   256, 32768]***[     0,     1,     1,     1] [     0,     0,     0]***[2]
     Snk_Flow [     0,     1,     1,     1] [     0,     0,     0]***[   256,   128,     1,     1] [   320,   256,     0]***[     0,     1,     1,     1] [     0,     0,     0]***[2]
 LINK_X_BIAS_IN_FULL_TO_FINAL   21005075072 :  [0,1,1,1]
    COEFF_BIAS_FULL <200> ( L,S8b)[ 1, 1,    0, 1]: DDR_PERSIST( 0),     6,     6,   128,   768,[  0,  0], 9b480 |||| COEFF_IN_BIAS  <201> ( L,S8b)[ 1, 1,    0, 1]: MSMC( 0),     6,     6,   128,   768,[     0,     0], 16000
     Src_Flow [     0,     1,     1,     1] [     0,     0,     0]***[     6,   128,     1,     1] [     6,     6,   768]***[     0,     1,     1,     1] [     0,     0,     0]***[2]
     Snk_Flow [     0,     1,     1,     1] [     0,     0,     0]***[     6,   128,     1,     1] [     6,     6,     0]***[     0,     1,     1,     1] [     0,     0,     0]***[2]
 LINK_P                         21072183936 :  [1,1,1,1]
    FM_IN_PART     <197> ( L,U8b)[ 1, 1,    0, 1]:  L2( 0),   192,   192,   256, 49280,[  0,  0],     0 |||| FM_FULL        <196> ( L,U8b)[ 1, 1,    0, 1]: MSMC( 0),   192,   169,   128, 24576,[     0,     0], 58100
    COEFF_IN_FINAL  <199> ( L,S8b)[ 1, 1,    0, 1]: MSMC( 0),   320,   256,   128, 41728,[  0,  0],  c000
    COEFF_IN_BIAS   <201> ( L,S8b)[ 1, 1,    0, 1]: MSMC( 0),     6,     6,   128,   768,[  0,  0], 16000
     Src_Flow [     0,     1,     1,     1] [     0,     0,     0]***[   169,   256,     1,     1] [   192,   169,     0]***[     0,     1,     1,     1] [     0,     0,     0]***[2]
    Src2_Flow [     0,     1,     1,     1] [     0,     0,     0]***[   256,   128,     1,     1] [   320, 40960,     0]***[     0,     1,     1,     1] [     0,     0,     0]***[2]
    Src2_Flow [     0,     1,     1,     1] [     0,     0,     0]***[     6,   128,     1,     1] [     6,   768,     0]***[     0,     1,     1,     1] [     0,     0,     0]***[2]
     Snk_Flow [     0,     1,     1,     1] [     0,     0,     0]***[   169,   128,     1,     1] [   192,   169, 24576]***[     0,     1,     1,     1] [     0,     0,     0]***[2]
Padding Info [Row, Col]: Actual  IN -> OUT : [ 0,  0] -> [ 0,  0],  To fill zero OUT: [ 0,  0], Virtual Pad(T,L,B,R): [ 0,  0,  0,  0]

 ------------- 41( 0, 41, 0, 2, 0) [128 x 13 x  13] => [128 x 13 x  13] | TIDL_PoolingLayer
 LINK_X_FM_IN_FULL_TO_PART      21474837136 :  [0,1,1,1]
    FM_FULL        <196> ( L,U8b)[ 1, 1,    0, 1]: MSMC( 0),   192,   169,   128, 24576,[  0,  0], 58100 |||| FM_IN_PART     <203> (PP,U8b)[ 1, 1,    0, 1]:  L2( 0),   195,   195,   128, 25216,[     0,     0],    80
     Src_Flow [     0,     1,     1,     1] [     0,     0,     0]***[   169,   128,     1,     1] [   192,   169, 24576]***[     0,     1,     1,     1] [     0,     0,     0]***[2]
     Snk_Flow [     0,     1,     1,     1] [     0,     0,     0]***[   169,   128,     1,     1] [   195, 12480,     0]***[     0,     1,     1,     1] [     0,     0,     0]***[2]
 LINK_P                         21609054864 :  [1,1,1,1]
    FM_IN_PART     <203> (PP,U8b)[ 1, 1,    0, 1]:  L2( 0),   195,   195,   128, 25216,[  0,  0],    80 |||| FM_FULL        <202> ( L,U8b)[ 1, 1,    0, 1]: MSMC( 0),   192,   169,   128, 24576,[     0,     0],     0
     Src_Flow [     0,     1,     1,     1] [     0,     0,     0]***[   169,   128,     1,     1] [   195, 12480,     0]***[     0,     1,     1,     1] [     0,     0,     0]***[2]
     Snk_Flow [     0,     1,     1,     1] [     0,     0,     0]***[   169,   128,     1,     1] [   192,   169, 24576]***[     0,     1,     1,     1] [     0,     0,     0]***[2]
Padding Info [Row, Col]: Actual  IN -> OUT : [ 0,  0] -> [ 0,  0],  To fill zero OUT: [ 0,  0], Virtual Pad(T,L,B,R): [ 1,  1,  1,  1]

 ------------- 42( 0, 44, 0, 2, 0) [128 x 13 x  13] => [128 x 13 x  13] | TIDL_PoolingLayer
 LINK_X_FM_IN_FULL_TO_PART      22011708096 :  [0,1,1,1]
    FM_FULL        <202> ( L,U8b)[ 1, 1,    0, 1]: MSMC( 0),   192,   169,   128, 24576,[  0,  0],     0 |||| FM_IN_PART     <205> (PP,U8b)[ 1, 1,    0, 1]:  L2( 0),   195,   195,   128, 25216,[     0,     0],    80
     Src_Flow [     0,     1,     1,     1] [     0,     0,     0]***[   169,   128,     1,     1] [   192,   169, 24576]***[     0,     1,     1,     1] [     0,     0,     0]***[2]
     Snk_Flow [     0,     1,     1,     1] [     0,     0,     0]***[   169,   128,     1,     1] [   195, 12480,     0]***[     0,     1,     1,     1] [     0,     0,     0]***[2]
 LINK_P                         22145925824 :  [1,1,1,1]
    FM_IN_PART     <205> (PP,U8b)[ 1, 1,    0, 1]:  L2( 0),   195,   195,   128, 25216,[  0,  0],    80 |||| FM_FULL        <204> ( L,U8b)[ 1, 1,    0, 1]: MSMC( 0),   192,   169,   128, 24576,[     0,     0],     0
     Src_Flow [     0,     1,     1,     1] [     0,     0,     0]***[   169,   128,     1,     1] [   195, 12480,     0]***[     0,     1,     1,     1] [     0,     0,     0]***[2]
     Snk_Flow [     0,     1,     1,     1] [     0,     0,     0]***[   169,   128,     1,     1] [   192,   169, 24576]***[     0,     1,     1,     1] [     0,     0,     0]***[2]
Padding Info [Row, Col]: Actual  IN -> OUT : [ 0,  0] -> [ 0,  0],  To fill zero OUT: [ 0,  0], Virtual Pad(T,L,B,R): [ 1,  1,  1,  1]

 ------------- 43( 0, 47, 0, 2, 0) [128 x 13 x  13] => [128 x 13 x  13] | TIDL_PoolingLayer
 LINK_X_FM_IN_FULL_TO_PART      23622320880 :  [0,1,1,1]
    FM_FULL        <204> ( L,U8b)[ 1, 1,    0, 1]: MSMC( 0),   192,   169,   128, 24576,[  0,  0],     0 |||| FM_IN_PART     <207> (PP,U8b)[ 1, 1,    0, 1]:  L2( 0),   195,   195,   128, 25216,[     0,     0],    80
     Src_Flow [     0,     1,     1,     1] [     0,     0,     0]***[   169,   128,     1,     1] [   192,   169, 24576]***[     0,     1,     1,     1] [     0,     0,     0]***[2]
     Snk_Flow [     0,     1,     1,     1] [     0,     0,     0]***[   169,   128,     1,     1] [   195, 12480,     0]***[     0,     1,     1,     1] [     0,     0,     0]***[2]
 LINK_P                         23756538608 :  [1,1,1,1]
    FM_IN_PART     <207> (PP,U8b)[ 1, 1,    0, 1]:  L2( 0),   195,   195,   128, 25216,[  0,  0],    80 |||| FM_FULL        <206> ( L,U8b)[ 1, 1,    0, 1]: MSMC( 0),   192,   169,   128, 24576,[     0,     0],     0
     Src_Flow [     0,     1,     1,     1] [     0,     0,     0]***[   169,   128,     1,     1] [   195, 12480,     0]***[     0,     1,     1,     1] [     0,     0,     0]***[2]
     Snk_Flow [     0,     1,     1,     1] [     0,     0,     0]***[   169,   128,     1,     1] [   192,   169, 24576]***[     0,     1,     1,     1] [     0,     0,     0]***[2]
Padding Info [Row, Col]: Actual  IN -> OUT : [ 0,  0] -> [ 0,  0],  To fill zero OUT: [ 0,  0], Virtual Pad(T,L,B,R): [ 1,  1,  1,  1]

 ------------- 44( 0, 49, 0, 2, 0) [128 x 13 x  13] => [128 x 13 x  13] | TIDL_PoolingLayer
 LINK_X_FM_IN_FULL_TO_PART      25232933648 :  [0,1,1,1]
    FM_FULL        <206> ( L,U8b)[ 1, 1,    0, 1]: MSMC( 0),   192,   169,   128, 24576,[  0,  0],     0 |||| FM_IN_PART     <209> (PP,U8b)[ 1, 1,    0, 1]:  L2( 0),   195,   195,   128, 25216,[     0,     0],    80
     Src_Flow [     0,     1,     1,     1] [     0,     0,     0]***[   169,   128,     1,     1] [   192,   169, 24576]***[     0,     1,     1,     1] [     0,     0,     0]***[2]
     Snk_Flow [     0,     1,     1,     1] [     0,     0,     0]***[   169,   128,     1,     1] [   195, 12480,     0]***[     0,     1,     1,     1] [     0,     0,     0]***[2]
 LINK_P                         25367151376 :  [1,1,1,1]
    FM_IN_PART     <209> (PP,U8b)[ 1, 1,    0, 1]:  L2( 0),   195,   195,   128, 25216,[  0,  0],    80 |||| FM_FULL        <208> ( L,U8b)[ 1, 1,    0, 1]: MSMC( 0),   192,   169,   128, 24576,[     0,     0],     0
     Src_Flow [     0,     1,     1,     1] [     0,     0,     0]***[   169,   128,     1,     1] [   195, 12480,     0]***[     0,     1,     1,     1] [     0,     0,     0]***[2]
     Snk_Flow [     0,     1,     1,     1] [     0,     0,     0]***[   169,   128,     1,     1] [   192,   169, 24576]***[     0,     1,     1,     1] [     0,     0,     0]***[2]
Padding Info [Row, Col]: Actual  IN -> OUT : [ 0,  0] -> [ 0,  0],  To fill zero OUT: [ 0,  0], Virtual Pad(T,L,B,R): [ 1,  1,  1,  1]

 ------------- 45( 0, 51, 0, 2, 0) [128 x 13 x  13] => [128 x 13 x  13] | TIDL_PoolingLayer
 LINK_X_FM_IN_FULL_TO_PART      26306675504 :  [0,1,1,1]
    FM_FULL        <208> ( L,U8b)[ 1, 1,    0, 1]: MSMC( 0),   192,   169,   128, 24576,[  0,  0],     0 |||| FM_IN_PART     <211> (PP,U8b)[ 1, 1,    0, 1]:  L2( 0),   195,   195,   128, 25216,[     0,     0],    80
     Src_Flow [     0,     1,     1,     1] [     0,     0,     0]***[   169,   128,     1,     1] [   192,   169, 24576]***[     0,     1,     1,     1] [     0,     0,     0]***[2]
     Snk_Flow [     0,     1,     1,     1] [     0,     0,     0]***[   169,   128,     1,     1] [   195, 12480,     0]***[     0,     1,     1,     1] [     0,     0,     0]***[2]
 LINK_P                         26440893232 :  [1,1,1,1]
    FM_IN_PART     <211> (PP,U8b)[ 1, 1,    0, 1]:  L2( 0),   195,   195,   128, 25216,[  0,  0],    80 |||| FM_FULL        <210> ( L,U8b)[ 1, 1,    0, 1]: MSMC( 0),   192,   169,   128, 24576,[     0,     0],     0
     Src_Flow [     0,     1,     1,     1] [     0,     0,     0]***[   169,   128,     1,     1] [   195, 12480,     0]***[     0,     1,     1,     1] [     0,     0,     0]***[2]
     Snk_Flow [     0,     1,     1,     1] [     0,     0,     0]***[   169,   128,     1,     1] [   192,   169, 24576]***[     0,     1,     1,     1] [     0,     0,     0]***[2]
Padding Info [Row, Col]: Actual  IN -> OUT : [ 0,  0] -> [ 0,  0],  To fill zero OUT: [ 0,  0], Virtual Pad(T,L,B,R): [ 1,  1,  1,  1]

 ------------- 46( 0, 52, 0, 2, 0) [128 x 13 x  13] => [128 x 13 x  13] | TIDL_PoolingLayer
 LINK_X_FM_IN_FULL_TO_PART      27380417344 :  [0,1,1,1]
    FM_FULL        <210> ( L,U8b)[ 1, 1,    0, 1]: MSMC( 0),   192,   169,   128, 24576,[  0,  0],     0 |||| FM_IN_PART     <213> (PP,U8b)[ 1, 1,    0, 1]:  L2( 0),   195,   195,   128, 25216,[     0,     0],    80
     Src_Flow [     0,     1,     1,     1] [     0,     0,     0]***[   169,   128,     1,     1] [   192,   169, 24576]***[     0,     1,     1,     1] [     0,     0,     0]***[2]
     Snk_Flow [     0,     1,     1,     1] [     0,     0,     0]***[   169,   128,     1,     1] [   195, 12480,     0]***[     0,     1,     1,     1] [     0,     0,     0]***[2]
 LINK_P                         27514635072 :  [1,1,1,1]
    FM_IN_PART     <213> (PP,U8b)[ 1, 1,    0, 1]:  L2( 0),   195,   195,   128, 25216,[  0,  0],    80 |||| FM_FULL        <212> ( L,U8b)[ 1, 1,    0, 1]: MSMC( 0),   192,   169,   128, 24576,[     0,     0],     0
     Src_Flow [     0,     1,     1,     1] [     0,     0,     0]***[   169,   128,     1,     1] [   195, 12480,     0]***[     0,     1,     1,     1] [     0,     0,     0]***[2]
     Snk_Flow [     0,     1,     1,     1] [     0,     0,     0]***[   169,   128,     1,     1] [   192,   169, 24576]***[     0,     1,     1,     1] [     0,     0,     0]***[2]
Padding Info [Row, Col]: Actual  IN -> OUT : [ 0,  0] -> [ 0,  0],  To fill zero OUT: [ 0,  0], Virtual Pad(T,L,B,R): [ 1,  1,  1,  1]

 ------------- 47( 0, 42, 0, 2, 0) [128 x 13 x  13] => [128 x 13 x  13] | TIDL_PoolingLayer
 LINK_X_FM_IN_FULL_TO_PART      21474837152 :  [0,1,1,1]
    FM_FULL        <196> ( L,U8b)[ 1, 1,    0, 1]: MSMC( 0),   192,   169,   128, 24576,[  0,  0], 58100 |||| FM_IN_PART     <215> (PP,U8b)[ 1, 1,    0, 1]:  L2( 0),   195,   195,   128, 25216,[     0,     0],    80
     Src_Flow [     0,     1,     1,     1] [     0,     0,     0]***[   169,   128,     1,     1] [   192,   169, 24576]***[     0,     1,     1,     1] [     0,     0,     0]***[2]
     Snk_Flow [     0,     1,     1,     1] [     0,     0,     0]***[   169,   128,     1,     1] [   195, 12480,     0]***[     0,     1,     1,     1] [     0,     0,     0]***[2]
 LINK_P                         21609054880 :  [1,1,1,1]
    FM_IN_PART     <215> (PP,U8b)[ 1, 1,    0, 1]:  L2( 0),   195,   195,   128, 25216,[  0,  0],    80 |||| FM_FULL        <214> ( L,U8b)[ 1, 1,    0, 1]: MSMC( 0),   192,   169,   128, 24576,[     0,     0],  6000
     Src_Flow [     0,     1,     1,     1] [     0,     0,     0]***[   169,   128,     1,     1] [   195, 12480,     0]***[     0,     1,     1,     1] [     0,     0,     0]***[2]
     Snk_Flow [     0,     1,     1,     1] [     0,     0,     0]***[   169,   128,     1,     1] [   192,   169, 24576]***[     0,     1,     1,     1] [     0,     0,     0]***[2]
Padding Info [Row, Col]: Actual  IN -> OUT : [ 0,  0] -> [ 0,  0],  To fill zero OUT: [ 0,  0], Virtual Pad(T,L,B,R): [ 1,  1,  1,  1]

 ------------- 48( 0, 45, 0, 2, 0) [128 x 13 x  13] => [128 x 13 x  13] | TIDL_PoolingLayer
 LINK_X_FM_IN_FULL_TO_PART      22548579024 :  [0,1,1,1]
    FM_FULL        <214> ( L,U8b)[ 1, 1,    0, 1]: MSMC( 0),   192,   169,   128, 24576,[  0,  0],  6000 |||| FM_IN_PART     <217> (PP,U8b)[ 1, 1,    0, 1]:  L2( 0),   195,   195,   128, 25216,[     0,     0],    80
     Src_Flow [     0,     1,     1,     1] [     0,     0,     0]***[   169,   128,     1,     1] [   192,   169, 24576]***[     0,     1,     1,     1] [     0,     0,     0]***[2]
     Snk_Flow [     0,     1,     1,     1] [     0,     0,     0]***[   169,   128,     1,     1] [   195, 12480,     0]***[     0,     1,     1,     1] [     0,     0,     0]***[2]
 LINK_P                         22682796752 :  [1,1,1,1]
    FM_IN_PART     <217> (PP,U8b)[ 1, 1,    0, 1]:  L2( 0),   195,   195,   128, 25216,[  0,  0],    80 |||| FM_FULL        <216> ( L,U8b)[ 1, 1,    0, 1]: MSMC( 0),   192,   169,   128, 24576,[     0,     0],  6000
     Src_Flow [     0,     1,     1,     1] [     0,     0,     0]***[   169,   128,     1,     1] [   195, 12480,     0]***[     0,     1,     1,     1] [     0,     0,     0]***[2]
     Snk_Flow [     0,     1,     1,     1] [     0,     0,     0]***[   169,   128,     1,     1] [   192,   169, 24576]***[     0,     1,     1,     1] [     0,     0,     0]***[2]
Padding Info [Row, Col]: Actual  IN -> OUT : [ 0,  0] -> [ 0,  0],  To fill zero OUT: [ 0,  0], Virtual Pad(T,L,B,R): [ 1,  1,  1,  1]

 ------------- 49( 0, 48, 0, 2, 0) [128 x 13 x  13] => [128 x 13 x  13] | TIDL_PoolingLayer
 LINK_X_FM_IN_FULL_TO_PART      24159191808 :  [0,1,1,1]
    FM_FULL        <216> ( L,U8b)[ 1, 1,    0, 1]: MSMC( 0),   192,   169,   128, 24576,[  0,  0],  6000 |||| FM_IN_PART     <219> (PP,U8b)[ 1, 1,    0, 1]:  L2( 0),   195,   195,   128, 25216,[     0,     0],    80
     Src_Flow [     0,     1,     1,     1] [     0,     0,     0]***[   169,   128,     1,     1] [   192,   169, 24576]***[     0,     1,     1,     1] [     0,     0,     0]***[2]
     Snk_Flow [     0,     1,     1,     1] [     0,     0,     0]***[   169,   128,     1,     1] [   195, 12480,     0]***[     0,     1,     1,     1] [     0,     0,     0]***[2]
 LINK_P                         24293409536 :  [1,1,1,1]
    FM_IN_PART     <219> (PP,U8b)[ 1, 1,    0, 1]:  L2( 0),   195,   195,   128, 25216,[  0,  0],    80 |||| FM_FULL        <218> ( L,U8b)[ 1, 1,    0, 1]: MSMC( 0),   192,   169,   128, 24576,[     0,     0],  6000
     Src_Flow [     0,     1,     1,     1] [     0,     0,     0]***[   169,   128,     1,     1] [   195, 12480,     0]***[     0,     1,     1,     1] [     0,     0,     0]***[2]
     Snk_Flow [     0,     1,     1,     1] [     0,     0,     0]***[   169,   128,     1,     1] [   192,   169, 24576]***[     0,     1,     1,     1] [     0,     0,     0]***[2]
Padding Info [Row, Col]: Actual  IN -> OUT : [ 0,  0] -> [ 0,  0],  To fill zero OUT: [ 0,  0], Virtual Pad(T,L,B,R): [ 1,  1,  1,  1]

 ------------- 50( 0, 50, 0, 2, 0) [128 x 13 x  13] => [128 x 13 x  13] | TIDL_PoolingLayer
 LINK_X_FM_IN_FULL_TO_PART      25769804576 :  [0,1,1,1]
    FM_FULL        <218> ( L,U8b)[ 1, 1,    0, 1]: MSMC( 0),   192,   169,   128, 24576,[  0,  0],  6000 |||| FM_IN_PART     <221> (PP,U8b)[ 1, 1,    0, 1]:  L2( 0),   195,   195,   128, 25216,[     0,     0],    80
     Src_Flow [     0,     1,     1,     1] [     0,     0,     0]***[   169,   128,     1,     1] [   192,   169, 24576]***[     0,     1,     1,     1] [     0,     0,     0]***[2]
     Snk_Flow [     0,     1,     1,     1] [     0,     0,     0]***[   169,   128,     1,     1] [   195, 12480,     0]***[     0,     1,     1,     1] [     0,     0,     0]***[2]
 LINK_P                         25904022304 :  [1,1,1,1]
    FM_IN_PART     <221> (PP,U8b)[ 1, 1,    0, 1]:  L2( 0),   195,   195,   128, 25216,[  0,  0],    80 |||| FM_FULL        <220> ( L,U8b)[ 1, 1,    0, 1]: MSMC( 0),   192,   169,   128, 24576,[     0,     0],  6000
     Src_Flow [     0,     1,     1,     1] [     0,     0,     0]***[   169,   128,     1,     1] [   195, 12480,     0]***[     0,     1,     1,     1] [     0,     0,     0]***[2]
     Snk_Flow [     0,     1,     1,     1] [     0,     0,     0]***[   169,   128,     1,     1] [   192,   169, 24576]***[     0,     1,     1,     1] [     0,     0,     0]***[2]
Padding Info [Row, Col]: Actual  IN -> OUT : [ 0,  0] -> [ 0,  0],  To fill zero OUT: [ 0,  0], Virtual Pad(T,L,B,R): [ 1,  1,  1,  1]

 ------------- 51( 0, 43, 0, 2, 0) [128 x 13 x  13] => [128 x 13 x  13] | TIDL_PoolingLayer
 LINK_X_FM_IN_FULL_TO_PART      21474837168 :  [0,1,1,1]
    FM_FULL        <196> ( L,U8b)[ 1, 1,    0, 1]: MSMC( 0),   192,   169,   128, 24576,[  0,  0], 58100 |||| FM_IN_PART     <223> (PP,U8b)[ 1, 1,    0, 1]:  L2( 0),   195,   195,   128, 25216,[     0,     0],    80
     Src_Flow [     0,     1,     1,     1] [     0,     0,     0]***[   169,   128,     1,     1] [   192,   169, 24576]***[     0,     1,     1,     1] [     0,     0,     0]***[2]
     Snk_Flow [     0,     1,     1,     1] [     0,     0,     0]***[   169,   128,     1,     1] [   195, 12480,     0]***[     0,     1,     1,     1] [     0,     0,     0]***[2]
 LINK_P                         21609054896 :  [1,1,1,1]
    FM_IN_PART     <223> (PP,U8b)[ 1, 1,    0, 1]:  L2( 0),   195,   195,   128, 25216,[  0,  0],    80 |||| FM_FULL        <222> ( L,U8b)[ 1, 1,    0, 1]: MSMC( 0),   192,   169,   128, 24576,[     0,     0],  c000
     Src_Flow [     0,     1,     1,     1] [     0,     0,     0]***[   169,   128,     1,     1] [   195, 12480,     0]***[     0,     1,     1,     1] [     0,     0,     0]***[2]
     Snk_Flow [     0,     1,     1,     1] [     0,     0,     0]***[   169,   128,     1,     1] [   192,   169, 24576]***[     0,     1,     1,     1] [     0,     0,     0]***[2]
Padding Info [Row, Col]: Actual  IN -> OUT : [ 0,  0] -> [ 0,  0],  To fill zero OUT: [ 0,  0], Virtual Pad(T,L,B,R): [ 1,  1,  1,  1]

 ------------- 52( 0, 46, 0, 2, 0) [128 x 13 x  13] => [128 x 13 x  13] | TIDL_PoolingLayer
 LINK_X_FM_IN_FULL_TO_PART      23085449952 :  [0,1,1,1]
    FM_FULL        <222> ( L,U8b)[ 1, 1,    0, 1]: MSMC( 0),   192,   169,   128, 24576,[  0,  0],  c000 |||| FM_IN_PART     <225> (PP,U8b)[ 1, 1,    0, 1]:  L2( 0),   195,   195,   128, 25216,[     0,     0],    80
     Src_Flow [     0,     1,     1,     1] [     0,     0,     0]***[   169,   128,     1,     1] [   192,   169, 24576]***[     0,     1,     1,     1] [     0,     0,     0]***[2]
     Snk_Flow [     0,     1,     1,     1] [     0,     0,     0]***[   169,   128,     1,     1] [   195, 12480,     0]***[     0,     1,     1,     1] [     0,     0,     0]***[2]
 LINK_P                         23219667680 :  [1,1,1,1]
    FM_IN_PART     <225> (PP,U8b)[ 1, 1,    0, 1]:  L2( 0),   195,   195,   128, 25216,[  0,  0],    80 |||| FM_FULL        <224> ( L,U8b)[ 1, 1,    0, 1]: MSMC( 0),   192,   169,   128, 24576,[     0,     0],  c000
     Src_Flow [     0,     1,     1,     1] [     0,     0,     0]***[   169,   128,     1,     1] [   195, 12480,     0]***[     0,     1,     1,     1] [     0,     0,     0]***[2]
     Snk_Flow [     0,     1,     1,     1] [     0,     0,     0]***[   169,   128,     1,     1] [   192,   169, 24576]***[     0,     1,     1,     1] [     0,     0,     0]***[2]
Padding Info [Row, Col]: Actual  IN -> OUT : [ 0,  0] -> [ 0,  0],  To fill zero OUT: [ 0,  0], Virtual Pad(T,L,B,R): [ 1,  1,  1,  1]

 ------------- 53( 0, 53, 0, 5, 0) [512 x 13 x  13] => [512 x 13 x  13] | TIDL_ConcatLayer
 LINK_X_FM_IN_FULL_TO_PART      21474837328 :  [0,1,1,1]
    FM_FULL        <196> ( L,U8b)[ 1, 1,    0, 1]: MSMC( 0),   192,   169,   128, 24576,[  0,  0], 58100 |||| FM_IN_PART     <227> (PP,U8b)[ 1, 1,    0, 1]:  L2( 0),   195,   195,   256, 49920,[     0,     0],     0
     Src_Flow [     0,     1,     1,     1] [     0,     0,     0]***[   169,   128,     1,     1] [   192,   169, 24576]***[     0,     1,     1,     1] [     0,     0,     0]***[2]
     Snk_Flow [     0,     1,     1,     1] [     0,     0,     0]***[   169,   128,     1,     1] [   195, 24960,     0]***[     0,     1,     1,     1] [     0,     0,     0]***[2]
 LINK_X_FM_IN_FULL_TO_PART      24696062800 :  [1,1,1,1]
    FM_FULL        <224> ( L,U8b)[ 1, 1,    0, 1]: MSMC( 0),   192,   169,   128, 24576,[  0,  0],  c000 |||| FM_IN_PART     <227> (PP,U8b)[ 1, 1,    0, 1]:  L2( 0),   195,   195,   256, 49920,[ 24960,     0],     0
     Src_Flow [     0,     1,     1,     1] [     0,     0,     0]***[   169,   128,     1,     1] [   192,   169, 24576]***[     0,     1,     1,     1] [     0,     0,     0]***[2]
     Snk_Flow [     0,     1,     1,     1] [     0,     0,     0]***[   169,   128,     1,     1] [   195,-24960,     0]***[     0,     1,     1,     1] [     0,     0,     0]***[2]
 LINK_X_FM_IN_FULL_TO_PART      26843546448 :  [2,1,1,1]
    FM_FULL        <220> ( L,U8b)[ 1, 1,    0, 1]: MSMC( 0),   192,   169,   128, 24576,[  0,  0],  6000 |||| FM_IN_PART     <227> (PP,U8b)[ 1, 1,    0, 1]:  L2( 0),   195,   195,   256, 49920,[     0,     0],     0
     Src_Flow [     0,     1,     1,     1] [     0,     0,     0]***[   169,   128,     1,     1] [   192,   169, 24576]***[     0,     1,     1,     1] [     0,     0,     0]***[2]
     Snk_Flow [     0,     1,     1,     1] [     0,     0,     0]***[   169,   128,     1,     1] [   195, 24960,     0]***[     0,     1,     1,     1] [     0,     0,     0]***[2]
 LINK_X_FM_IN_FULL_TO_PART      27917288272 :  [3,1,1,1]
    FM_FULL        <212> ( L,U8b)[ 1, 1,    0, 1]: MSMC( 0),   192,   169,   128, 24576,[  0,  0],     0 |||| FM_IN_PART     <227> (PP,U8b)[ 1, 1,    0, 1]:  L2( 0),   195,   195,   256, 49920,[ 24960,     0],     0
     Src_Flow [     0,     1,     1,     1] [     0,     0,     0]***[   169,   128,     1,     1] [   192,   169, 24576]***[     0,     1,     1,     1] [     0,     0,     0]***[2]
     Snk_Flow [     0,     1,     1,     1] [     0,     0,     0]***[   169,   128,     1,     1] [   195,-24960,     0]***[     0,     1,     1,     1] [     0,     0,     0]***[2]
 LINK_P                         21609055056 :  [1,1,1,1]
    FM_IN_PART     <227> (PP,U8b)[ 1, 1,    0, 1]:  L2( 0),   195,   195,   256, 49920,[  0,  0],     0 |||| FM_FULL        <226> ( L,U8b)[ 1, 1,    0, 1]: MSMC( 0),   192,   169,   512, 98304,[     0,     0], 58100
     Src_Flow [     0,     1,     1,     1] [     0,     0,     0]***[   169,   128,     1,     1] [   195, 24960,     0]***[     0,     1,     1,     1] [     0,     0,     0]***[2]
     Snk_Flow [     0,     1,     1,     1] [     0,     0,     0]***[   169,   128,     1,     1] [   192,   169, 24576]***[     0,     1,     1,     1] [     0,     0,     0]***[2]
 LINK_P                         24830280528 :  [2,1,1,1]
    FM_IN_PART     <227> (PP,U8b)[ 1, 1,    0, 1]:  L2( 0),   195,   195,   256, 49920,[24960,  0],     0 |||| FM_FULL        <226> ( L,U8b)[ 1, 1,    0, 1]: MSMC( 0),   192,   169,   512, 98304,[ 24576,     0], 58100
     Src_Flow [     0,     1,     1,     1] [     0,     0,     0]***[   169,   128,     1,     1] [   195,-24960,     0]***[     0,     1,     1,     1] [     0,     0,     0]***[2]
     Snk_Flow [     0,     1,     1,     1] [     0,     0,     0]***[   169,   128,     1,     1] [   192,   169, 24576]***[     0,     1,     1,     1] [     0,     0,     0]***[2]
 LINK_P                         26977764176 :  [3,1,1,1]
    FM_IN_PART     <227> (PP,U8b)[ 1, 1,    0, 1]:  L2( 0),   195,   195,   256, 49920,[  0,  0],     0 |||| FM_FULL        <226> ( L,U8b)[ 1, 1,    0, 1]: MSMC( 0),   192,   169,   512, 98304,[ 49152,     0], 58100
     Src_Flow [     0,     1,     1,     1] [     0,     0,     0]***[   169,   128,     1,     1] [   195, 24960,     0]***[     0,     1,     1,     1] [     0,     0,     0]***[2]
     Snk_Flow [     0,     1,     1,     1] [     0,     0,     0]***[   169,   128,     1,     1] [   192,   169, 24576]***[     0,     1,     1,     1] [     0,     0,     0]***[2]
 LINK_P                         28051506000 :  [4,1,1,1]
    FM_IN_PART     <227> (PP,U8b)[ 1, 1,    0, 1]:  L2( 0),   195,   195,   256, 49920,[24960,  0],     0 |||| FM_FULL        <226> ( L,U8b)[ 1, 1,    0, 1]: MSMC( 0),   192,   169,   512, 98304,[ 73728,     0], 58100
     Src_Flow [     0,     1,     1,     1] [     0,     0,     0]***[   169,   128,     1,     1] [   195,-24960,     0]***[     0,     1,     1,     1] [     0,     0,     0]***[2]
     Snk_Flow [     0,     1,     1,     1] [     0,     0,     0]***[   169,   128,     1,     1] [   192,   169, 24576]***[     0,     1,     1,     1] [     0,     0,     0]***[2]
Padding Info [Row, Col]: Actual  IN -> OUT : [ 0,  0] -> [ 0,  0],  To fill zero OUT: [ 0,  0], Virtual Pad(T,L,B,R): [ 0,  0,  0,  0]

 ------------- 54( 0, 54, 0, 2, 0) [512 x 13 x  13] => [256 x 13 x  13] | TIDL_ConvolutionLayer
 LINK_X_FM_IN_FULL_TO_PART      28454159200 :  [0,1,1,1]
    FM_FULL        <226> ( L,U8b)[ 1, 1,    0, 1]: MSMC( 0),   192,   169,   512, 98304,[  0,  0], 58100 |||| FM_IN_PART     <229> ( L,U8b)[ 1, 1,    0, 1]:  L2( 0),   192,   192,   512, 98432,[     0,     0],     0
     Src_Flow [     0,     1,     1,     1] [     0,     0,     0]***[   169,   512,     1,     1] [   192,   169, 98304]***[     0,     1,     1,     1] [     0,     0,     0]***[2]
     Snk_Flow [     0,     1,     1,     1] [     0,     0,     0]***[   169,   512,     1,     1] [   192,   169,     0]***[     0,     1,     1,     1] [     0,     0,     0]***[2]
 LINK_X_COEFF_IN_ANY_TO_FINAL   28504490848 :  [0,1,1,1]
    COEFF_FULL     <230> ( L,S8b)[ 1, 1,    0, 1]: DDR_PERSIST( 0),   512,   512,   256,132608,[  0,  0], 9b780 |||| COEFF_IN_FINAL <231> ( L,S8b)[ 1, 1,    0, 1]: MSMC( 0),   576,   512,   256,148992,[     0,     0], 70100
     Src_Flow [     0,     1,     1,     1] [     0,     0,     0]***[   512,   256,     1,     1] [   512,   512,131072]***[     0,     1,     1,     1] [     0,     0,     0]***[2]
     Snk_Flow [     0,     1,     1,     1] [     0,     0,     0]***[   512,   256,     1,     1] [   576,   512,     0]***[     0,     1,     1,     1] [     0,     0,     0]***[2]
 LINK_X_BIAS_IN_FULL_TO_FINAL   28521268064 :  [0,1,1,1]
    COEFF_BIAS_FULL <232> ( L,S8b)[ 1, 1,    0, 1]: DDR_PERSIST( 0),     6,     6,   256,  1536,[  0,  0], bb780 |||| COEFF_IN_BIAS  <233> ( L,S8b)[ 1, 1,    0, 1]: MSMC( 0),     6,     6,   256,  1536,[     0,     0], 94100
     Src_Flow [     0,     1,     1,     1] [     0,     0,     0]***[     6,   256,     1,     1] [     6,     6,  1536]***[     0,     1,     1,     1] [     0,     0,     0]***[2]
     Snk_Flow [     0,     1,     1,     1] [     0,     0,     0]***[     6,   256,     1,     1] [     6,     6,     0]***[     0,     1,     1,     1] [     0,     0,     0]***[2]
 LINK_P                         28588376928 :  [1,1,1,1]
    FM_IN_PART     <229> ( L,U8b)[ 1, 1,    0, 1]:  L2( 0),   192,   192,   512, 98432,[  0,  0],     0 |||| FM_FULL        <228> ( L,U8b)[ 1, 1,    0, 1]: MSMC( 0),   192,   169,   256, 49152,[     0,     0],     0
    COEFF_IN_FINAL  <231> ( L,S8b)[ 1, 1,    0, 1]: MSMC( 0),   576,   512,   256,148992,[  0,  0], 70100
    COEFF_IN_BIAS   <233> ( L,S8b)[ 1, 1,    0, 1]: MSMC( 0),     6,     6,   256,  1536,[  0,  0], 94100
     Src_Flow [     0,     1,     1,     1] [     0,     0,     0]***[   169,   512,     1,     1] [   192,   169,     0]***[     0,     1,     1,     1] [     0,     0,     0]***[2]
    Src2_Flow [     0,     1,     1,     1] [     0,     0,     0]***[   512,   256,     1,     1] [   576,147456,     0]***[     0,     1,     1,     1] [     0,     0,     0]***[2]
    Src2_Flow [     0,     1,     1,     1] [     0,     0,     0]***[     6,   256,     1,     1] [     6,  1536,     0]***[     0,     1,     1,     1] [     0,     0,     0]***[2]
     Snk_Flow [     0,     1,     1,     1] [     0,     0,     0]***[   169,   256,     1,     1] [   192,   169, 49152]***[     0,     1,     1,     1] [     0,     0,     0]***[2]
Padding Info [Row, Col]: Actual  IN -> OUT : [ 0,  0] -> [ 0,  0],  To fill zero OUT: [ 0,  0], Virtual Pad(T,L,B,R): [ 0,  0,  0,  0]

 ------------- 55( 0, 55, 0, 2, 0) [256 x 13 x  13] => [128 x 13 x  13] | TIDL_ConvolutionLayer
 LINK_X_FM_IN_FULL_TO_PART      28991030128 :  [0,1,1,1]
    FM_FULL        <228> ( L,U8b)[ 1, 1,    0, 1]: MSMC( 0),   192,   169,   256, 49152,[  0,  0],     0 |||| FM_IN_PART     <235> ( L,U8b)[ 1, 1,    0, 1]:  L2( 0),   192,   192,   256, 49280,[     0,     0],     0
     Src_Flow [     0,     1,     1,     1] [     0,     0,     0]***[   169,   256,     1,     1] [   192,   169, 49152]***[     0,     1,     1,     1] [     0,     0,     0]***[2]
     Snk_Flow [     0,     1,     1,     1] [     0,     0,     0]***[   169,   256,     1,     1] [   192,   169,     0]***[     0,     1,     1,     1] [     0,     0,     0]***[2]
 LINK_X_COEFF_IN_ANY_TO_FINAL   29041361776 :  [0,1,1,1]
    COEFF_FULL     <236> ( L,S8b)[ 1, 1,    0, 1]: DDR_PERSIST( 0),   256,   256,   128, 33536,[  0,  0], bbd80 |||| COEFF_IN_FINAL <237> ( L,S8b)[ 1, 1,    0, 1]: MSMC( 0),   320,   256,   128, 41728,[     0,     0],  c000
     Src_Flow [     0,     1,     1,     1] [     0,     0,     0]***[   256,   128,     1,     1] [   256,   256, 32768]***[     0,     1,     1,     1] [     0,     0,     0]***[2]
     Snk_Flow [     0,     1,     1,     1] [     0,     0,     0]***[   256,   128,     1,     1] [   320,   256,     0]***[     0,     1,     1,     1] [     0,     0,     0]***[2]
 LINK_X_BIAS_IN_FULL_TO_FINAL   29058138992 :  [0,1,1,1]
    COEFF_BIAS_FULL <238> ( L,S8b)[ 1, 1,    0, 1]: DDR_PERSIST( 0),     6,     6,   128,   768,[  0,  0], c3d80 |||| COEFF_IN_BIAS  <239> ( L,S8b)[ 1, 1,    0, 1]: MSMC( 0),     6,     6,   128,   768,[     0,     0], 16000
     Src_Flow [     0,     1,     1,     1] [     0,     0,     0]***[     6,   128,     1,     1] [     6,     6,   768]***[     0,     1,     1,     1] [     0,     0,     0]***[2]
     Snk_Flow [     0,     1,     1,     1] [     0,     0,     0]***[     6,   128,     1,     1] [     6,     6,     0]***[     0,     1,     1,     1] [     0,     0,     0]***[2]
 LINK_P                         29125247856 :  [1,1,1,1]
    FM_IN_PART     <235> ( L,U8b)[ 1, 1,    0, 1]:  L2( 0),   192,   192,   256, 49280,[  0,  0],     0 |||| FM_FULL        <234> ( L,U8b)[ 1, 1,    0, 1]: MSMC( 0),   192,   169,   128, 24576,[     0,     0], 58100
    COEFF_IN_FINAL  <237> ( L,S8b)[ 1, 1,    0, 1]: MSMC( 0),   320,   256,   128, 41728,[  0,  0],  c000
    COEFF_IN_BIAS   <239> ( L,S8b)[ 1, 1,    0, 1]: MSMC( 0),     6,     6,   128,   768,[  0,  0], 16000
     Src_Flow [     0,     1,     1,     1] [     0,     0,     0]***[   169,   256,     1,     1] [   192,   169,     0]***[     0,     1,     1,     1] [     0,     0,     0]***[2]
    Src2_Flow [     0,     1,     1,     1] [     0,     0,     0]***[   256,   128,     1,     1] [   320, 40960,     0]***[     0,     1,     1,     1] [     0,     0,     0]***[2]
    Src2_Flow [     0,     1,     1,     1] [     0,     0,     0]***[     6,   128,     1,     1] [     6,   768,     0]***[     0,     1,     1,     1] [     0,     0,     0]***[2]
     Snk_Flow [     0,     1,     1,     1] [     0,     0,     0]***[   169,   128,     1,     1] [   192,   169, 24576]***[     0,     1,     1,     1] [     0,     0,     0]***[2]
Padding Info [Row, Col]: Actual  IN -> OUT : [ 0,  0] -> [ 0,  0],  To fill zero OUT: [ 0,  0], Virtual Pad(T,L,B,R): [ 0,  0,  0,  0]

 ------------- 56( 0, 57, 0, 2, 0) [128 x 13 x  13] => [128 x 13 x  13] | TIDL_ConvolutionLayer
 LINK_X_FM_IN_FULL_TO_PART      29527901072 :  [0,1,1,1]
    FM_FULL        <234> ( L,U8b)[ 1, 1,    0, 1]: MSMC( 0),   192,   169,   128, 24576,[  0,  0], 58100 |||| FM_IN_PART     <241> ( L,U8b)[ 1, 1,    0, 1]:  L2( 0),   192,   192,   128, 24704,[     0,     0],     0
     Src_Flow [     0,     1,     1,     1] [     0,     0,     0]***[   169,   128,     1,     1] [   192,   169, 24576]***[     0,     1,     1,     1] [     0,     0,     0]***[2]
     Snk_Flow [     0,     1,     1,     1] [     0,     0,     0]***[   169,   128,     1,     1] [   192,   169,     0]***[     0,     1,     1,     1] [     0,     0,     0]***[2]
 LINK_X_COEFF_IN_ANY_TO_FINAL   29578232720 :  [0,1,1,1]
    COEFF_FULL     <242> ( L,S8b)[ 1, 1,    0, 1]: DDR_PERSIST( 0),   128,   128,   128, 17152,[  0,  0], c4080 |||| COEFF_IN_FINAL <243> ( L,S8b)[ 1, 1,    0, 1]: MSMC( 0),   192,   128,   128, 25344,[     0,     0], 5e100
     Src_Flow [     0,     1,     1,     1] [     0,     0,     0]***[   128,   128,     1,     1] [   128,   128, 16384]***[     0,     1,     1,     1] [     0,     0,     0]***[2]
     Snk_Flow [     0,     1,     1,     1] [     0,     0,     0]***[   128,   128,     1,     1] [   192,   128,     0]***[     0,     1,     1,     1] [     0,     0,     0]***[2]
 LINK_X_BIAS_IN_FULL_TO_FINAL   29595009936 :  [0,1,1,1]
    COEFF_BIAS_FULL <244> ( L,S8b)[ 1, 1,    0, 1]: DDR_PERSIST( 0),     6,     6,   128,   768,[  0,  0], c8080 |||| COEFF_IN_BIAS  <245> ( L,S8b)[ 1, 1,    0, 1]: MSMC( 0),     6,     6,   128,   768,[     0,     0], 64100
     Src_Flow [     0,     1,     1,     1] [     0,     0,     0]***[     6,   128,     1,     1] [     6,     6,   768]***[     0,     1,     1,     1] [     0,     0,     0]***[2]
     Snk_Flow [     0,     1,     1,     1] [     0,     0,     0]***[     6,   128,     1,     1] [     6,     6,     0]***[     0,     1,     1,     1] [     0,     0,     0]***[2]
 LINK_P                         29662118800 :  [1,1,1,1]
    FM_IN_PART     <241> ( L,U8b)[ 1, 1,    0, 1]:  L2( 0),   192,   192,   128, 24704,[  0,  0],     0 |||| FM_FULL        <240> ( L,U8b)[ 1, 1,    0, 1]: MSMC( 0),   192,   169,   128, 24576,[     0,     0],  c000
    COEFF_IN_FINAL  <243> ( L,S8b)[ 1, 1,    0, 1]: MSMC( 0),   192,   128,   128, 25344,[  0,  0], 5e100
    COEFF_IN_BIAS   <245> ( L,S8b)[ 1, 1,    0, 1]: MSMC( 0),     6,     6,   128,   768,[  0,  0], 64100
     Src_Flow [     0,     1,     1,     1] [     0,     0,     0]***[   169,   128,     1,     1] [   192,   169,     0]***[     0,     1,     1,     1] [     0,     0,     0]***[2]
    Src2_Flow [     0,     1,     1,     1] [     0,     0,     0]***[   128,   128,     1,     1] [   192, 24576,     0]***[     0,     1,     1,     1] [     0,     0,     0]***[2]
    Src2_Flow [     0,     1,     1,     1] [     0,     0,     0]***[     6,   128,     1,     1] [     6,   768,     0]***[     0,     1,     1,     1] [     0,     0,     0]***[2]
     Snk_Flow [     0,     1,     1,     1] [     0,     0,     0]***[   169,   128,     1,     1] [   192,   169, 24576]***[     0,     1,     1,     1] [     0,     0,     0]***[2]
Padding Info [Row, Col]: Actual  IN -> OUT : [ 0,  0] -> [ 0,  0],  To fill zero OUT: [ 0,  0], Virtual Pad(T,L,B,R): [ 0,  0,  0,  0]

 ------------- 57( 0, 58, 0, 2, 0) [128 x 13 x  13] => [128 x 13 x  13] | TIDL_ConvolutionLayer
 LINK_X_FM_IN_FULL_TO_PART      30601642912 :  [0,1,1,1]
    FM_FULL        <240> ( L,U8b)[ 1, 1,    0, 1]: MSMC( 0),   192,   169,   128, 24576,[  0,  0],  c000 |||| FM_IN_PART     <247> ( L,U8b)[ 1, 1,    0, 1]:  L2( 0),   192,   192,   128, 24832,[   128,     0],     0
     Src_Flow [     0,     1,     1,     1] [     0,     0,     0]***[   169,   128,     1,     1] [   192,   169, 24576]***[     0,     1,     1,     1] [     0,     0,     0]***[2]
     Snk_Flow [     0,     1,     1,     1] [     0,     0,     0]***[   169,   128,     1,     1] [   192,   169,     0]***[     0,     1,     1,     1] [     0,     0,     0]***[2]
 LINK_X_BIAS_IN_FULL_TO_FINAL   30668751776 :  [0,1,1,1]
    COEFF_BIAS_FULL <250> ( L,S8b)[ 1, 1,    0, 1]: DDR_PERSIST( 0),     6,     6,   128,   768,[  0,  0], ec380 |||| COEFF_IN_BIAS  <251> ( L,S8b)[ 1, 1,    0, 1]: MSMC( 0),     6,     6,   128,   768,[     0,     0], e7d00
     Src_Flow [     0,     1,     1,     1] [     0,     0,     0]***[     6,   128,     1,     1] [     6,     6,   768]***[     0,     1,     1,     1] [     0,     0,     0]***[2]
     Snk_Flow [     0,     1,     1,     1] [     0,     0,     0]***[     6,   128,     1,     1] [     6,     6,     0]***[     0,     1,     1,     1] [     0,     0,     0]***[2]
 LINK_P                         30735860640 :  [1,1,1,1]
    FM_IN_PART     <247> ( L,U8b)[ 1, 1,    0, 1]:  L2( 0),   192,   192,   128, 24832,[128,  0],     0 |||| FM_FULL        <246> ( L,U8b)[ 1, 1,    0, 1]: MSMC( 0),   192,   169,   128, 24576,[     0,     0],  c000
    COEFF_IN_FINAL  <249> ( L,S8b)[ 1, 1,    0, 1]: MSMC( 0),  1216,  1152,   128,156416,[  0,  0], c1d00
    COEFF_IN_BIAS   <251> ( L,S8b)[ 1, 1,    0, 1]: MSMC( 0),     6,     6,   128,   768,[  0,  0], e7d00
     Src_Flow [     0,     1,     1,     1] [     0,     0,     0]***[   169,   128,     1,     1] [   192,   169,     0]***[     0,     1,     1,     1] [     1,     1,     1]***[2]
    Src2_Flow [     0,     1,     1,     1] [     0,     0,     0]***[  1152,   128,     1,     1] [  1216,155648,     0]***[     0,     1,     1,     1] [     0,     0,     0]***[2]
    Src2_Flow [     0,     1,     1,     1] [     0,     0,     0]***[     6,   128,     1,     1] [     6,   768,     0]***[     0,     1,     1,     1] [     0,     0,     0]***[2]
     Snk_Flow [     0,     1,     1,     1] [     0,     0,     0]***[   169,   128,     1,     1] [   192,   169, 24576]***[     0,     1,     1,     1] [     0,     0,     0]***[2]
Padding Info [Row, Col]: Actual  IN -> OUT : [ 0,  0] -> [ 0,  0],  To fill zero OUT: [ 0,  0], Virtual Pad(T,L,B,R): [ 1,  1,  1,  1]

 ------------- 58( 0, 56, 0, 2, 0) [256 x 13 x  13] => [128 x 13 x  13] | TIDL_ConvolutionLayer
 LINK_X_FM_IN_FULL_TO_PART      28991030144 :  [0,1,1,1]
    FM_FULL        <228> ( L,U8b)[ 1, 1,    0, 1]: MSMC( 0),   192,   169,   256, 49152,[  0,  0],     0 |||| FM_IN_PART     <253> ( L,U8b)[ 1, 1,    0, 1]:  L2( 0),   192,   192,   256, 49280,[     0,     0],     0
     Src_Flow [     0,     1,     1,     1] [     0,     0,     0]***[   169,   256,     1,     1] [   192,   169, 49152]***[     0,     1,     1,     1] [     0,     0,     0]***[2]
     Snk_Flow [     0,     1,     1,     1] [     0,     0,     0]***[   169,   256,     1,     1] [   192,   169,     0]***[     0,     1,     1,     1] [     0,     0,     0]***[2]
 LINK_X_COEFF_IN_ANY_TO_FINAL   29041361792 :  [0,1,1,1]
    COEFF_FULL     <254> ( L,S8b)[ 1, 1,    0, 1]: DDR_PERSIST( 0),   256,   256,   128, 33536,[  0,  0], ec680 |||| COEFF_IN_FINAL <255> ( L,S8b)[ 1, 1,    0, 1]: MSMC( 0),   320,   256,   128, 41728,[     0,     0], 58100
     Src_Flow [     0,     1,     1,     1] [     0,     0,     0]***[   256,   128,     1,     1] [   256,   256, 32768]***[     0,     1,     1,     1] [     0,     0,     0]***[2]
     Snk_Flow [     0,     1,     1,     1] [     0,     0,     0]***[   256,   128,     1,     1] [   320,   256,     0]***[     0,     1,     1,     1] [     0,     0,     0]***[2]
 LINK_X_BIAS_IN_FULL_TO_FINAL   29058139008 :  [0,1,1,1]
    COEFF_BIAS_FULL <256> ( L,S8b)[ 1, 1,    0, 1]: DDR_PERSIST( 0),     6,     6,   128,   768,[  0,  0], f4680 |||| COEFF_IN_BIAS  <257> ( L,S8b)[ 1, 1,    0, 1]: MSMC( 0),     6,     6,   128,   768,[     0,     0], 62100
     Src_Flow [     0,     1,     1,     1] [     0,     0,     0]***[     6,   128,     1,     1] [     6,     6,   768]***[     0,     1,     1,     1] [     0,     0,     0]***[2]
     Snk_Flow [     0,     1,     1,     1] [     0,     0,     0]***[     6,   128,     1,     1] [     6,     6,     0]***[     0,     1,     1,     1] [     0,     0,     0]***[2]
 LINK_P                         29125247872 :  [1,1,1,1]
    FM_IN_PART     <253> ( L,U8b)[ 1, 1,    0, 1]:  L2( 0),   192,   192,   256, 49280,[  0,  0],     0 |||| FM_FULL        <252> ( L,U8b)[ 1, 1,    0, 1]: MSMC( 0),   192,   169,   128, 24576,[     0,     0],     0
    COEFF_IN_FINAL  <255> ( L,S8b)[ 1, 1,    0, 1]: MSMC( 0),   320,   256,   128, 41728,[  0,  0], 58100
    COEFF_IN_BIAS   <257> ( L,S8b)[ 1, 1,    0, 1]: MSMC( 0),     6,     6,   128,   768,[  0,  0], 62100
     Src_Flow [     0,     1,     1,     1] [     0,     0,     0]***[   169,   256,     1,     1] [   192,   169,     0]***[     0,     1,     1,     1] [     0,     0,     0]***[2]
    Src2_Flow [     0,     1,     1,     1] [     0,     0,     0]***[   256,   128,     1,     1] [   320, 40960,     0]***[     0,     1,     1,     1] [     0,     0,     0]***[2]
    Src2_Flow [     0,     1,     1,     1] [     0,     0,     0]***[     6,   128,     1,     1] [     6,   768,     0]***[     0,     1,     1,     1] [     0,     0,     0]***[2]
     Snk_Flow [     0,     1,     1,     1] [     0,     0,     0]***[   169,   128,     1,     1] [   192,   169, 24576]***[     0,     1,     1,     1] [     0,     0,     0]***[2]
Padding Info [Row, Col]: Actual  IN -> OUT : [ 0,  0] -> [ 0,  0],  To fill zero OUT: [ 0,  0], Virtual Pad(T,L,B,R): [ 0,  0,  0,  0]

 ------------- 59( 0, 59, 0, 3, 0) [256 x 13 x  13] => [256 x 13 x  13] | TIDL_ConcatLayer
 LINK_X_FM_IN_FULL_TO_PART      31138513840 :  [0,1,1,1]
    FM_FULL        <246> ( L,U8b)[ 1, 1,    0, 1]: MSMC( 0),   192,   169,   128, 24576,[  0,  0],  c000 |||| FM_IN_PART     <259> (PP,U8b)[ 1, 1,    0, 1]:  L2( 0),   195,   195,   256, 49920,[     0,     0],     0
     Src_Flow [     0,     1,     1,     1] [     0,     0,     0]***[   169,   128,     1,     1] [   192,   169, 24576]***[     0,     1,     1,     1] [     0,     0,     0]***[2]
     Snk_Flow [     0,     1,     1,     1] [     0,     0,     0]***[   169,   128,     1,     1] [   195, 24960,     0]***[     0,     1,     1,     1] [     0,     0,     0]***[2]
 LINK_X_FM_IN_FULL_TO_PART      30064772016 :  [1,1,1,1]
    FM_FULL        <252> ( L,U8b)[ 1, 1,    0, 1]: MSMC( 0),   192,   169,   128, 24576,[  0,  0],     0 |||| FM_IN_PART     <259> (PP,U8b)[ 1, 1,    0, 1]:  L2( 0),   195,   195,   256, 49920,[ 24960,     0],     0
     Src_Flow [     0,     1,     1,     1] [     0,     0,     0]***[   169,   128,     1,     1] [   192,   169, 24576]***[     0,     1,     1,     1] [     0,     0,     0]***[2]
     Snk_Flow [     0,     1,     1,     1] [     0,     0,     0]***[   169,   128,     1,     1] [   195,-24960,     0]***[     0,     1,     1,     1] [     0,     0,     0]***[2]
 LINK_P                         31272731568 :  [1,1,1,1]
    FM_IN_PART     <259> (PP,U8b)[ 1, 1,    0, 1]:  L2( 0),   195,   195,   256, 49920,[  0,  0],     0 |||| FM_FULL        <258> ( L,S8b)[ 1, 1,    0, 1]: MSMC( 0),   320,   195,   256, 81933,[    13,     0], 58173
     Src_Flow [     0,     1,     1,     1] [     0,     0,     0]***[   169,   128,     1,     1] [   195, 24960,     0]***[     0,     1,     1,     1] [     0,     0,     0]***[2]
     Snk_Flow [     0,     1,     1,     1] [     0,     0,     0]***[   169,   128,     1,     1] [   320,   169, 40960]***[     0,     1,     1,     1] [     0,     0,     0]***[2]
 LINK_P                         30198989744 :  [2,1,1,1]
    FM_IN_PART     <259> (PP,U8b)[ 1, 1,    0, 1]:  L2( 0),   195,   195,   256, 49920,[24960,  0],     0 |||| FM_FULL        <258> ( L,S8b)[ 1, 1,    0, 1]: MSMC( 0),   320,   195,   256, 81933,[ 40973,     0], 58173
     Src_Flow [     0,     1,     1,     1] [     0,     0,     0]***[   169,   128,     1,     1] [   195,-24960,     0]***[     0,     1,     1,     1] [     0,     0,     0]***[2]
     Snk_Flow [     0,     1,     1,     1] [     0,     0,     0]***[   169,   128,     1,     1] [   320,   169, 40960]***[     0,     1,     1,     1] [     0,     0,     0]***[2]
Padding Info [Row, Col]: Actual  IN -> OUT : [ 0,  0] -> [ 1,  0],  To fill zero OUT: [ 0,  0], Virtual Pad(T,L,B,R): [ 0,  0,  0,  0]

 ------------- 60( 0, 60, 0, 2, 0) [256 x 13 x  13] => [256 x 13 x  13] | TIDL_ConvolutionLayer
 LINK_X_FM_IN_FULL_TO_PART      31675384768 :  [0,1,1,1]
    FM_FULL        <258> ( L,S8b)[ 1, 1,    0, 1]: MSMC( 0),   320,   195,   256, 81933,[ 13,  0], 58173 |||| FM_IN_PART     <261> ( L,S8b)[ 1, 1,    0, 1]:  L2( 0),   192,   192,   256, 49280,[     0,     0],     0
     Src_Flow [     0,     1,     1,     1] [     0,     0,     0]***[   169,   256,     1,     1] [   320,   169, 81920]***[     0,     1,     1,     1] [     0,     0,     0]***[2]
     Snk_Flow [     0,     1,     1,     1] [     0,     0,     0]***[   169,   256,     1,     1] [   192,   169,     0]***[     0,     1,     1,     1] [     0,     0,     0]***[2]
 LINK_X_COEFF_IN_ANY_TO_FINAL   31725716416 :  [0,1,1,1]
    COEFF_FULL     <262> ( L,S8b)[ 1, 1,    0, 1]: DDR_PERSIST( 0),   256,   256,   256, 67072,[  0,  0], f4980 |||| COEFF_IN_FINAL <263> ( L,S8b)[ 1, 1,    0, 1]: MSMC( 0),   320,   256,   256, 83456,[     0,     0],     0
     Src_Flow [     0,     1,     1,     1] [     0,     0,     0]***[   256,   256,     1,     1] [   256,   256, 65536]***[     0,     1,     1,     1] [     0,     0,     0]***[2]
     Snk_Flow [     0,     1,     1,     1] [     0,     0,     0]***[   256,   256,     1,     1] [   320,   256,     0]***[     0,     1,     1,     1] [     0,     0,     0]***[2]
 LINK_X_BIAS_IN_FULL_TO_FINAL   31742493632 :  [0,1,1,1]
    COEFF_BIAS_FULL <264> ( L,S8b)[ 1, 1,    0, 1]: DDR_PERSIST( 0),     6,     6,   256,  1536,[  0,  0],104980 |||| COEFF_IN_BIAS  <265> ( L,S8b)[ 1, 1,    0, 1]: MSMC( 0),     6,     6,   256,  1536,[     0,     0], 14000
     Src_Flow [     0,     1,     1,     1] [     0,     0,     0]***[     6,   256,     1,     1] [     6,     6,  1536]***[     0,     1,     1,     1] [     0,     0,     0]***[2]
     Snk_Flow [     0,     1,     1,     1] [     0,     0,     0]***[     6,   256,     1,     1] [     6,     6,     0]***[     0,     1,     1,     1] [     0,     0,     0]***[2]
 LINK_P                         31809602496 :  [1,1,1,1]
    FM_IN_PART     <261> ( L,S8b)[ 1, 1,    0, 1]:  L2( 0),   192,   192,   256, 49280,[  0,  0],     0 |||| FM_FULL        <260> ( L,U8b)[ 1, 1,    0, 1]: MSMC( 0),   320,   195,   256, 81933,[    13,     0], 58173
    COEFF_IN_FINAL  <263> ( L,S8b)[ 1, 1,    0, 1]: MSMC( 0),   320,   256,   256, 83456,[  0,  0],     0
    COEFF_IN_BIAS   <265> ( L,S8b)[ 1, 1,    0, 1]: MSMC( 0),     6,     6,   256,  1536,[  0,  0], 14000
     Src_Flow [     0,     1,     1,     1] [     0,     0,     0]***[   169,   256,     1,     1] [   192,   169,     0]***[     0,     1,     1,     1] [     0,     0,     0]***[2]
    Src2_Flow [     0,     1,     1,     1] [     0,     0,     0]***[   256,   256,     1,     1] [   320, 81920,     0]***[     0,     1,     1,     1] [     0,     0,     0]***[2]
    Src2_Flow [     0,     1,     1,     1] [     0,     0,     0]***[     6,   256,     1,     1] [     6,  1536,     0]***[     0,     1,     1,     1] [     0,     0,     0]***[2]
     Snk_Flow [     0,     1,     1,     1] [     0,     0,     0]***[   169,   256,     1,     1] [   320,   169, 81920]***[     0,     1,     1,     1] [     0,     0,     0]***[2]
Padding Info [Row, Col]: Actual  IN -> OUT : [ 1,  0] -> [ 1,  0],  To fill zero OUT: [ 0,  0], Virtual Pad(T,L,B,R): [ 0,  0,  0,  0]

 ------------- 61( 0, 61, 0, 2, 0) [256 x 13 x  13] => [128 x 13 x  13] | TIDL_ConvolutionLayer
 LINK_X_FM_IN_FULL_TO_PART      32212255696 :  [0,1,1,1]
    FM_FULL        <260> ( L,U8b)[ 1, 1,    0, 1]: MSMC( 0),   320,   195,   256, 81933,[ 13,  0], 58173 |||| FM_IN_PART     <267> ( L,U8b)[ 1, 1,    0, 1]:  L2( 0),   192,   192,   256, 49280,[     0,     0],     0
     Src_Flow [     0,     1,     1,     1] [     0,     0,     0]***[   169,   256,     1,     1] [   320,   169, 81920]***[     0,     1,     1,     1] [     0,     0,     0]***[2]
     Snk_Flow [     0,     1,     1,     1] [     0,     0,     0]***[   169,   256,     1,     1] [   192,   169,     0]***[     0,     1,     1,     1] [     0,     0,     0]***[2]
 LINK_X_COEFF_IN_ANY_TO_FINAL   32262587344 :  [0,1,1,1]
    COEFF_FULL     <268> ( L,S8b)[ 1, 1,    0, 1]: DDR_PERSIST( 0),   256,   256,   128, 33536,[  0,  0],104f80 |||| COEFF_IN_FINAL <269> ( L,S8b)[ 1, 1,    0, 1]: MSMC( 0),   320,   256,   128, 41728,[     0,     0],  a080
     Src_Flow [     0,     1,     1,     1] [     0,     0,     0]***[   256,   128,     1,     1] [   256,   256, 32768]***[     0,     1,     1,     1] [     0,     0,     0]***[2]
     Snk_Flow [     0,     1,     1,     1] [     0,     0,     0]***[   256,   128,     1,     1] [   320,   256,     0]***[     0,     1,     1,     1] [     0,     0,     0]***[2]
 LINK_X_BIAS_IN_FULL_TO_FINAL   32279364560 :  [0,1,1,1]
    COEFF_BIAS_FULL <270> ( L,S8b)[ 1, 1,    0, 1]: DDR_PERSIST( 0),     6,     6,   128,   768,[  0,  0],10cf80 |||| COEFF_IN_BIAS  <271> ( L,S8b)[ 1, 1,    0, 1]: MSMC( 0),     6,     6,   128,   768,[     0,     0], 14080
     Src_Flow [     0,     1,     1,     1] [     0,     0,     0]***[     6,   128,     1,     1] [     6,     6,   768]***[     0,     1,     1,     1] [     0,     0,     0]***[2]
     Snk_Flow [     0,     1,     1,     1] [     0,     0,     0]***[     6,   128,     1,     1] [     6,     6,     0]***[     0,     1,     1,     1] [     0,     0,     0]***[2]
 LINK_P                         32346473424 :  [1,1,1,1]
    FM_IN_PART     <267> ( L,U8b)[ 1, 1,    0, 1]:  L2( 0),   192,   192,   256, 49280,[  0,  0],     0 |||| FM_FULL        <266> ( L,U8b)[ 1, 1,    0, 1]: MSMC( 0),   320,   195,   128, 40973,[    13,     0],    73
    COEFF_IN_FINAL  <269> ( L,S8b)[ 1, 1,    0, 1]: MSMC( 0),   320,   256,   128, 41728,[  0,  0],  a080
    COEFF_IN_BIAS   <271> ( L,S8b)[ 1, 1,    0, 1]: MSMC( 0),     6,     6,   128,   768,[  0,  0], 14080
     Src_Flow [     0,     1,     1,     1] [     0,     0,     0]***[   169,   256,     1,     1] [   192,   169,     0]***[     0,     1,     1,     1] [     0,     0,     0]***[2]
    Src2_Flow [     0,     1,     1,     1] [     0,     0,     0]***[   256,   128,     1,     1] [   320, 40960,     0]***[     0,     1,     1,     1] [     0,     0,     0]***[2]
    Src2_Flow [     0,     1,     1,     1] [     0,     0,     0]***[     6,   128,     1,     1] [     6,   768,     0]***[     0,     1,     1,     1] [     0,     0,     0]***[2]
     Snk_Flow [     0,     1,     1,     1] [     0,     0,     0]***[   169,   128,     1,     1] [   320,   169, 40960]***[     0,     1,     1,     1] [     0,     0,     0]***[2]
Padding Info [Row, Col]: Actual  IN -> OUT : [ 1,  0] -> [ 1,  0],  To fill zero OUT: [ 1,  0], Virtual Pad(T,L,B,R): [ 0,  0,  0,  0]

 ------------- 62( 0, 62, 0, 2, 0) [128 x 13 x  13] => [128 x 26 x  26] | TIDL_ResizeLayer
 LINK_X_FM_IN_FULL_TO_PART      32749126624 :  [0,1,1,1]
    FM_FULL        <266> ( L,U8b)[ 1, 1,    0, 1]: MSMC( 0),   320,   195,   128, 40973,[  0,  0],    73 |||| FM_IN_PART     <273> (PP,U8b)[ 1, 1,    0, 1]:  L2( 0),   325,   325,   128, 41600,[     0,     0],     0
     Src_Flow [     0,     1,     1,     1] [     0,     0,     0]***[   195,   128,     1,     1] [   320,   195, 40960]***[     0,     1,     1,     1] [     0,     0,     0]***[2]
     Snk_Flow [     0,     1,     1,     1] [     0,     0,     0]***[   195,   128,     1,     1] [   325, 20800,     0]***[     0,     1,     1,     1] [     0,     0,     0]***[2]
 LINK_P                         32883344352 :  [1,1,1,1]
    FM_IN_PART     <273> (PP,U8b)[ 1, 1,    0, 1]:  L2( 0),   325,   325,   128, 41600,[  0,  0],     0 |||| FM_FULL        <272> ( L,U8b)[ 1, 1,    0, 1]: MSMC( 0),   832,   728,   128,106650,[    26,     0], 58166
     Src_Flow [     0,     1,     1,     1] [     0,     0,     0]***[   195,   128,     1,     1] [   325, 20800,     0]***[     0,     1,     1,     1] [     0,     0,     0]***[2]
     Snk_Flow [     0,     1,     1,     1] [     0,     0,     0]***[   728,   128,     1,     1] [   832,   728,106496]***[     0,     1,     1,     1] [     0,     0,     0]***[2]
Padding Info [Row, Col]: Actual  IN -> OUT : [ 1,  0] -> [ 1,  0],  To fill zero OUT: [ 0,  0], Virtual Pad(T,L,B,R): [ 0,  0,  0,  0]

 ------------- 63( 0, 63, 0, 3, 0) [256 x 26 x  26] => [256 x 26 x  26] | TIDL_ConcatLayer
 LINK_X_FM_IN_FULL_TO_PART      33285997552 :  [0,1,1,1]
    FM_FULL        <272> ( L,U8b)[ 1, 1,    0, 1]: MSMC( 0),   832,   728,   128,106650,[ 26,  0], 58166 |||| FM_IN_PART     <275> (PP,U8b)[ 1, 1,    0, 1]:  L2( 0),   832,   832,   256,212992,[     0,     0],     0
     Src_Flow [     0,     1,     1,     1] [     0,     0,     0]***[   676,   128,     1,     1] [   832,   676,106496]***[     0,     1,     1,     1] [     0,     0,     0]***[2]
     Snk_Flow [     0,     1,     1,     1] [     0,     0,     0]***[   676,   128,     1,     1] [   832,106496,     0]***[     0,     1,     1,     1] [     0,     0,     0]***[2]
 LINK_X_FM_IN_FULL_TO_PART      20401095664 :  [1,1,1,1]
    FM_FULL        <184> ( L,U8b)[ 1, 1,    0, 1]: MSMC( 0),   704,   676,   128, 90112,[  0,  0], 42100 |||| FM_IN_PART     <275> (PP,U8b)[ 1, 1,    0, 1]:  L2( 0),   832,   832,   256,212992,[106496,     0],     0
     Src_Flow [     0,     1,     1,     1] [     0,     0,     0]***[   676,   128,     1,     1] [   704,   676, 90112]***[     0,     1,     1,     1] [     0,     0,     0]***[2]
     Snk_Flow [     0,     1,     1,     1] [     0,     0,     0]***[   676,   128,     1,     1] [   832,-106496,     0]***[     0,     1,     1,     1] [     0,     0,     0]***[2]
 LINK_P                         33420215280 :  [1,1,1,1]
    FM_IN_PART     <275> (PP,U8b)[ 1, 1,    0, 1]:  L2( 0),   832,   832,   256,212992,[  0,  0],     0 |||| FM_FULL        <274> ( L,S8b)[ 1, 1,    0, 1]: MSMC( 0),   704,   676,   256,180224,[     0,     0], 58100
     Src_Flow [     0,     1,     1,     1] [     0,     0,     0]***[   676,   128,     1,     1] [   832,106496,     0]***[     0,     1,     1,     1] [     0,     0,     0]***[2]
     Snk_Flow [     0,     1,     1,     1] [     0,     0,     0]***[   676,   128,     1,     1] [   704,   676, 90112]***[     0,     1,     1,     1] [     0,     0,     0]***[2]
 LINK_P                         20535313392 :  [2,1,1,1]
    FM_IN_PART     <275> (PP,U8b)[ 1, 1,    0, 1]:  L2( 0),   832,   832,   256,212992,[106496,  0],     0 |||| FM_FULL        <274> ( L,S8b)[ 1, 1,    0, 1]: MSMC( 0),   704,   676,   256,180224,[ 90112,     0], 58100
     Src_Flow [     0,     1,     1,     1] [     0,     0,     0]***[   676,   128,     1,     1] [   832,-106496,     0]***[     0,     1,     1,     1] [     0,     0,     0]***[2]
     Snk_Flow [     0,     1,     1,     1] [     0,     0,     0]***[   676,   128,     1,     1] [   704,   676, 90112]***[     0,     1,     1,     1] [     0,     0,     0]***[2]
Padding Info [Row, Col]: Actual  IN -> OUT : [ 0,  0] -> [ 0,  0],  To fill zero OUT: [ 0,  0], Virtual Pad(T,L,B,R): [ 0,  0,  0,  0]

 ------------- 64( 0, 64, 0, 3, 0) [256 x 26 x  26] => [64 x 26 x  26] | TIDL_ConvolutionLayer
 LINK_X_FM_IN_FULL_TO_PART      33822868480 :  [0,2,1,1]
    FM_FULL        <274> ( L,S8b)[ 2, 1,    0, 1]: MSMC( 0),   704,   676,   256,180224,[  0,  0], 58100 |||| FM_IN_PART     <277> ( L,S8b)[ 2, 1,    0, 1]:  L2( 0),   832,   832,   256,213120,[     0,     0],     0
     Src_Flow [     0,     1,     1,     1] [     0,     0,     0]***[   416,   256,     1,     1] [   704,   416,180224]***[   260,   256,     1,     1] [   704,   416,     0]***[2]
     Snk_Flow [     0,     1,     1,     1] [     0,     0,     0]***[   416,   256,     1,     1] [   832,   416,     0]***[   260,   256,     1,     1] [   832,   416,     0]***[2]
 LINK_X_COEFF_IN_ANY_TO_FINAL   33873200128 :  [0,1,1,1]
    COEFF_FULL     <278> ( L,S8b)[ 1, 1,    0, 1]: DDR_PERSIST( 0),   256,   256,    64, 16768,[  0,  0],10d280 |||| COEFF_IN_FINAL <279> ( L,S8b)[ 1, 1,    0, 1]: MSMC( 0),   320,   256,    64, 20864,[     0,     0],  a080
     Src_Flow [     0,     1,     1,     1] [     0,     0,     0]***[   256,    64,     1,     1] [   256,   256, 16384]***[     0,     1,     1,     1] [     0,     0,     0]***[2]
     Snk_Flow [     0,     1,     1,     1] [     0,     0,     0]***[   256,    64,     1,     1] [   320,   256,     0]***[     0,     1,     1,     1] [     0,     0,     0]***[2]
 LINK_X_BIAS_IN_FULL_TO_FINAL   33889977344 :  [0,1,1,1]
    COEFF_BIAS_FULL <280> ( L,S8b)[ 1, 1,    0, 1]: DDR_PERSIST( 0),     6,     6,    64,   384,[  0,  0],111280 |||| COEFF_IN_BIAS  <281> ( L,S8b)[ 1, 1,    0, 1]: MSMC( 0),     6,     6,    64,   384,[     0,     0],  f080
     Src_Flow [     0,     1,     1,     1] [     0,     0,     0]***[     6,    64,     1,     1] [     6,     6,   384]***[     0,     1,     1,     1] [     0,     0,     0]***[2]
     Snk_Flow [     0,     1,     1,     1] [     0,     0,     0]***[     6,    64,     1,     1] [     6,     6,     0]***[     0,     1,     1,     1] [     0,     0,     0]***[2]
 LINK_P                         33957086208 :  [1,2,1,1]
    FM_IN_PART     <277> ( L,S8b)[ 2, 1,    0, 1]:  L2( 0),   832,   832,   256,213120,[  0,  0],     0 |||| FM_FULL        <276> ( L,U8b)[ 2, 1,    0, 1]: MSMC( 0),   704,   676,    64, 45056,[     0,     0], 42100
    COEFF_IN_FINAL  <279> ( L,S8b)[ 1, 1,    0, 1]: MSMC( 0),   320,   256,    64, 20864,[  0,  0],  a080
    COEFF_IN_BIAS   <281> ( L,S8b)[ 1, 1,    0, 1]: MSMC( 0),     6,     6,    64,   384,[  0,  0],  f080
     Src_Flow [     0,     1,     1,     1] [     0,     0,     0]***[   416,   256,     1,     1] [   832,   416,     0]***[   260,   256,     1,     1] [   832,   416,     0]***[2]
    Src2_Flow [     0,     1,     1,     1] [     0,     0,     0]***[   256,    64,     1,     1] [   320, 20480,     0]***[     0,     1,     1,     1] [     0,     0,     0]***[2]
    Src2_Flow [     0,     1,     1,     1] [     0,     0,     0]***[     6,    64,     1,     1] [     6,   384,     0]***[     0,     1,     1,     1] [     0,     0,     0]***[2]
     Snk_Flow [     0,     1,     1,     1] [     0,     0,     0]***[   416,    64,     1,     1] [   704,   416, 45056]***[   260,    64,     1,     1] [   704,   416,     0]***[2]
Padding Info [Row, Col]: Actual  IN -> OUT : [ 0,  0] -> [ 0,  0],  To fill zero OUT: [ 0,  0], Virtual Pad(T,L,B,R): [ 0,  0,  0,  0]

 ------------- 65( 0, 66, 0, 2, 0) [64 x 26 x  26] => [64 x 26 x  26] | TIDL_ConvolutionLayer
 LINK_X_FM_IN_FULL_TO_PART      34359739424 :  [0,1,1,1]
    FM_FULL        <276> ( L,U8b)[ 1, 1,    0, 1]: MSMC( 0),   704,   676,    64, 45056,[  0,  0], 42100 |||| FM_IN_PART     <283> ( L,U8b)[ 1, 1,    0, 1]:  L2( 0),   704,   704,    64, 45184,[     0,     0],     0
     Src_Flow [     0,     1,     1,     1] [     0,     0,     0]***[   676,    64,     1,     1] [   704,   676, 45056]***[     0,     1,     1,     1] [     0,     0,     0]***[2]
     Snk_Flow [     0,     1,     1,     1] [     0,     0,     0]***[   676,    64,     1,     1] [   704,   676,     0]***[     0,     1,     1,     1] [     0,     0,     0]***[2]
 LINK_X_COEFF_IN_ANY_TO_FINAL   34410071072 :  [0,1,1,1]
    COEFF_FULL     <284> ( L,S8b)[ 1, 1,    0, 1]: DDR_PERSIST( 0),    64,    64,    64,  4480,[  0,  0],111400 |||| COEFF_IN_FINAL <285> ( L,S8b)[ 1, 1,    0, 1]: MSMC( 0),    64,    64,    64,  4480,[     0,     0], 15080
     Src_Flow [     0,     1,     1,     1] [     0,     0,     0]***[    64,    64,     1,     1] [    64,    64,  4096]***[     0,     1,     1,     1] [     0,     0,     0]***[2]
     Snk_Flow [     0,     1,     1,     1] [     0,     0,     0]***[    64,    64,     1,     1] [    64,    64,     0]***[     0,     1,     1,     1] [     0,     0,     0]***[2]
 LINK_X_BIAS_IN_FULL_TO_FINAL   34426848288 :  [0,1,1,1]
    COEFF_BIAS_FULL <286> ( L,S8b)[ 1, 1,    0, 1]: DDR_PERSIST( 0),     6,     6,    64,   384,[  0,  0],112400 |||| COEFF_IN_BIAS  <287> ( L,S8b)[ 1, 1,    0, 1]: MSMC( 0),     6,     6,    64,   384,[     0,     0], 16080
     Src_Flow [     0,     1,     1,     1] [     0,     0,     0]***[     6,    64,     1,     1] [     6,     6,   384]***[     0,     1,     1,     1] [     0,     0,     0]***[2]
     Snk_Flow [     0,     1,     1,     1] [     0,     0,     0]***[     6,    64,     1,     1] [     6,     6,     0]***[     0,     1,     1,     1] [     0,     0,     0]***[2]
 LINK_P                         34493957152 :  [1,1,1,1]
    FM_IN_PART     <283> ( L,U8b)[ 1, 1,    0, 1]:  L2( 0),   704,   704,    64, 45184,[  0,  0],     0 |||| FM_FULL        <282> ( L,U8b)[ 1, 1,    0, 1]: MSMC( 0),   704,   676,    64, 45056,[     0,     0],  a080
    COEFF_IN_FINAL  <285> ( L,S8b)[ 1, 1,    0, 1]: MSMC( 0),    64,    64,    64,  4480,[  0,  0], 15080
    COEFF_IN_BIAS   <287> ( L,S8b)[ 1, 1,    0, 1]: MSMC( 0),     6,     6,    64,   384,[  0,  0], 16080
     Src_Flow [     0,     1,     1,     1] [     0,     0,     0]***[   676,    64,     1,     1] [   704,   676,     0]***[     0,     1,     1,     1] [     0,     0,     0]***[2]
    Src2_Flow [     0,     1,     1,     1] [     0,     0,     0]***[    64,    64,     1,     1] [    64,  4096,     0]***[     0,     1,     1,     1] [     0,     0,     0]***[2]
    Src2_Flow [     0,     1,     1,     1] [     0,     0,     0]***[     6,    64,     1,     1] [     6,   384,     0]***[     0,     1,     1,     1] [     0,     0,     0]***[2]
     Snk_Flow [     0,     1,     1,     1] [     0,     0,     0]***[   676,    64,     1,     1] [   704,   676, 45056]***[     0,     1,     1,     1] [     0,     0,     0]***[2]
Padding Info [Row, Col]: Actual  IN -> OUT : [ 0,  0] -> [ 0,  0],  To fill zero OUT: [ 0,  0], Virtual Pad(T,L,B,R): [ 0,  0,  0,  0]

 ------------- 66( 0, 67, 0, 2, 0) [64 x 26 x  26] => [64 x 26 x  26] | TIDL_ConvolutionLayer
 LINK_X_FM_IN_FULL_TO_PART      35433481264 :  [0,1,1,1]
    FM_FULL        <282> ( L,U8b)[ 1, 1,    0, 1]: MSMC( 0),   704,   676,    64, 45056,[  0,  0],  a080 |||| FM_IN_PART     <289> ( L,U8b)[ 1, 1,    0, 1]:  L2( 0),   704,   704,    64, 45824,[   128,     0],     0
     Src_Flow [     0,     1,     1,     1] [     0,     0,     0]***[   676,    64,     1,     1] [   704,   676, 45056]***[     0,     1,     1,     1] [     0,     0,     0]***[2]
     Snk_Flow [     0,     1,     1,     1] [     0,     0,     0]***[   676,    64,     1,     1] [   704,   676,     0]***[     0,     1,     1,     1] [     0,     0,     0]***[2]
 LINK_X_COEFF_IN_ANY_TO_FINAL   35483812912 :  [0,1,1,1]
    COEFF_FULL     <290> ( L,S8b)[ 1, 1,    0, 1]: DDR_PERSIST( 0),   576,   576,    64, 37248,[  0,  0],112580 |||| COEFF_IN_FINAL <291> ( L,S8b)[ 1, 1,    0, 1]: MSMC( 0),   576,   576,    64, 37248,[     0,     0], 42100
     Src_Flow [     0,     1,     1,     1] [     0,     0,     0]***[   576,    64,     1,     1] [   576,   576, 36864]***[     0,     1,     1,     1] [     0,     0,     0]***[2]
     Snk_Flow [     0,     1,     1,     1] [     0,     0,     0]***[   576,    64,     1,     1] [   576,   576,     0]***[     0,     1,     1,     1] [     0,     0,     0]***[2]
 LINK_X_BIAS_IN_FULL_TO_FINAL   35500590128 :  [0,1,1,1]
    COEFF_BIAS_FULL <292> ( L,S8b)[ 1, 1,    0, 1]: DDR_PERSIST( 0),     6,     6,    64,   384,[  0,  0],11b580 |||| COEFF_IN_BIAS  <293> ( L,S8b)[ 1, 1,    0, 1]: MSMC( 0),     6,     6,    64,   384,[     0,     0], 4b100
     Src_Flow [     0,     1,     1,     1] [     0,     0,     0]***[     6,    64,     1,     1] [     6,     6,   384]***[     0,     1,     1,     1] [     0,     0,     0]***[2]
     Snk_Flow [     0,     1,     1,     1] [     0,     0,     0]***[     6,    64,     1,     1] [     6,     6,     0]***[     0,     1,     1,     1] [     0,     0,     0]***[2]
 LINK_P                         35567698992 :  [1,1,1,1]
    FM_IN_PART     <289> ( L,U8b)[ 1, 1,    0, 1]:  L2( 0),   704,   704,    64, 45824,[128,  0],     0 |||| FM_FULL        <288> ( L,U8b)[ 1, 1,    0, 1]: MSMC( 0),   704,   676,    64, 45056,[     0,     0],  a080
    COEFF_IN_FINAL  <291> ( L,S8b)[ 1, 1,    0, 1]: MSMC( 0),   576,   576,    64, 37248,[  0,  0], 42100
    COEFF_IN_BIAS   <293> ( L,S8b)[ 1, 1,    0, 1]: MSMC( 0),     6,     6,    64,   384,[  0,  0], 4b100
     Src_Flow [     0,     1,     1,     1] [     0,     0,     0]***[   676,    64,     1,     1] [   704,   676,     0]***[     0,     1,     1,     1] [     1,     1,     1]***[2]
    Src2_Flow [     0,     1,     1,     1] [     0,     0,     0]***[   576,    64,     1,     1] [   576, 36864,     0]***[     0,     1,     1,     1] [     0,     0,     0]***[2]
    Src2_Flow [     0,     1,     1,     1] [     0,     0,     0]***[     6,    64,     1,     1] [     6,   384,     0]***[     0,     1,     1,     1] [     0,     0,     0]***[2]
     Snk_Flow [     0,     1,     1,     1] [     0,     0,     0]***[   676,    64,     1,     1] [   704,   676, 45056]***[     0,     1,     1,     1] [     0,     0,     0]***[2]
Padding Info [Row, Col]: Actual  IN -> OUT : [ 0,  0] -> [ 0,  0],  To fill zero OUT: [ 0,  0], Virtual Pad(T,L,B,R): [ 1,  1,  1,  1]

 ------------- 67( 0, 65, 0, 3, 0) [256 x 26 x  26] => [64 x 26 x  26] | TIDL_ConvolutionLayer
 LINK_X_FM_IN_FULL_TO_PART      33822868496 :  [0,2,1,1]
    FM_FULL        <274> ( L,S8b)[ 2, 1,    0, 1]: MSMC( 0),   704,   676,   256,180224,[  0,  0], 58100 |||| FM_IN_PART     <295> ( L,S8b)[ 2, 1,    0, 1]:  L2( 0),   832,   832,   256,213120,[     0,     0],     0
     Src_Flow [     0,     1,     1,     1] [     0,     0,     0]***[   416,   256,     1,     1] [   704,   416,180224]***[   260,   256,     1,     1] [   704,   416,     0]***[2]
     Snk_Flow [     0,     1,     1,     1] [     0,     0,     0]***[   416,   256,     1,     1] [   832,   416,     0]***[   260,   256,     1,     1] [   832,   416,     0]***[2]
 LINK_X_COEFF_IN_ANY_TO_FINAL   33873200144 :  [0,1,1,1]
    COEFF_FULL     <296> ( L,S8b)[ 1, 1,    0, 1]: DDR_PERSIST( 0),   256,   256,    64, 16768,[  0,  0],11b700 |||| COEFF_IN_FINAL <297> ( L,S8b)[ 1, 1,    0, 1]: MSMC( 0),   320,   256,    64, 20864,[     0,     0], 42100
     Src_Flow [     0,     1,     1,     1] [     0,     0,     0]***[   256,    64,     1,     1] [   256,   256, 16384]***[     0,     1,     1,     1] [     0,     0,     0]***[2]
     Snk_Flow [     0,     1,     1,     1] [     0,     0,     0]***[   256,    64,     1,     1] [   320,   256,     0]***[     0,     1,     1,     1] [     0,     0,     0]***[2]
 LINK_X_BIAS_IN_FULL_TO_FINAL   33889977360 :  [0,1,1,1]
    COEFF_BIAS_FULL <298> ( L,S8b)[ 1, 1,    0, 1]: DDR_PERSIST( 0),     6,     6,    64,   384,[  0,  0],11f700 |||| COEFF_IN_BIAS  <299> ( L,S8b)[ 1, 1,    0, 1]: MSMC( 0),     6,     6,    64,   384,[     0,     0], 47100
     Src_Flow [     0,     1,     1,     1] [     0,     0,     0]***[     6,    64,     1,     1] [     6,     6,   384]***[     0,     1,     1,     1] [     0,     0,     0]***[2]
     Snk_Flow [     0,     1,     1,     1] [     0,     0,     0]***[     6,    64,     1,     1] [     6,     6,     0]***[     0,     1,     1,     1] [     0,     0,     0]***[2]
 LINK_P                         33957086224 :  [1,2,1,1]
    FM_IN_PART     <295> ( L,S8b)[ 2, 1,    0, 1]:  L2( 0),   832,   832,   256,213120,[  0,  0],     0 |||| FM_FULL        <294> ( L,U8b)[ 2, 1,    0, 1]: MSMC( 0),   704,   676,    64, 45056,[     0,     0], 47280
    COEFF_IN_FINAL  <297> ( L,S8b)[ 1, 1,    0, 1]: MSMC( 0),   320,   256,    64, 20864,[  0,  0], 42100
    COEFF_IN_BIAS   <299> ( L,S8b)[ 1, 1,    0, 1]: MSMC( 0),     6,     6,    64,   384,[  0,  0], 47100
     Src_Flow [     0,     1,     1,     1] [     0,     0,     0]***[   416,   256,     1,     1] [   832,   416,     0]***[   260,   256,     1,     1] [   832,   416,     0]***[2]
    Src2_Flow [     0,     1,     1,     1] [     0,     0,     0]***[   256,    64,     1,     1] [   320, 20480,     0]***[     0,     1,     1,     1] [     0,     0,     0]***[2]
    Src2_Flow [     0,     1,     1,     1] [     0,     0,     0]***[     6,    64,     1,     1] [     6,   384,     0]***[     0,     1,     1,     1] [     0,     0,     0]***[2]
     Snk_Flow [     0,     1,     1,     1] [     0,     0,     0]***[   416,    64,     1,     1] [   704,   416, 45056]***[   260,    64,     1,     1] [   704,   416,     0]***[2]
Padding Info [Row, Col]: Actual  IN -> OUT : [ 0,  0] -> [ 0,  0],  To fill zero OUT: [ 0,  0], Virtual Pad(T,L,B,R): [ 0,  0,  0,  0]

 ------------- 68( 0, 68, 0, 3, 0) [128 x 26 x  26] => [128 x 26 x  26] | TIDL_ConcatLayer
 LINK_X_FM_IN_FULL_TO_PART      35970352192 :  [0,1,1,1]
    FM_FULL        <288> ( L,U8b)[ 1, 1,    0, 1]: MSMC( 0),   704,   676,    64, 45056,[  0,  0],  a080 |||| FM_IN_PART     <301> (PP,U8b)[ 1, 1,    0, 1]:  L2( 0),   728,   728,   128, 93184,[     0,     0],     0
     Src_Flow [     0,     1,     1,     1] [     0,     0,     0]***[   676,    64,     1,     1] [   704,   676, 45056]***[     0,     1,     1,     1] [     0,     0,     0]***[2]
     Snk_Flow [     0,     1,     1,     1] [     0,     0,     0]***[   676,    64,     1,     1] [   728, 46592,     0]***[     0,     1,     1,     1] [     0,     0,     0]***[2]
 LINK_X_FM_IN_FULL_TO_PART      34896610368 :  [1,1,1,1]
    FM_FULL        <294> ( L,U8b)[ 1, 1,    0, 1]: MSMC( 0),   704,   676,    64, 45056,[  0,  0], 47280 |||| FM_IN_PART     <301> (PP,U8b)[ 1, 1,    0, 1]:  L2( 0),   728,   728,   128, 93184,[ 46592,     0],     0
     Src_Flow [     0,     1,     1,     1] [     0,     0,     0]***[   676,    64,     1,     1] [   704,   676, 45056]***[     0,     1,     1,     1] [     0,     0,     0]***[2]
     Snk_Flow [     0,     1,     1,     1] [     0,     0,     0]***[   676,    64,     1,     1] [   728,-46592,     0]***[     0,     1,     1,     1] [     0,     0,     0]***[2]
 LINK_P                         36104569920 :  [1,1,1,1]
    FM_IN_PART     <301> (PP,U8b)[ 1, 1,    0, 1]:  L2( 0),   728,   728,   128, 93184,[  0,  0],     0 |||| FM_FULL        <300> ( L,S8b)[ 1, 1,    0, 1]: MSMC( 0),   832,   728,   128,106522,[    26,     0], 522e6
     Src_Flow [     0,     1,     1,     1] [     0,     0,     0]***[   676,    64,     1,     1] [   728, 46592,     0]***[     0,     1,     1,     1] [     0,     0,     0]***[2]
     Snk_Flow [     0,     1,     1,     1] [     0,     0,     0]***[   676,    64,     1,     1] [   832,   676, 53248]***[     0,     1,     1,     1] [     0,     0,     0]***[2]
 LINK_P                         35030828096 :  [2,1,1,1]
    FM_IN_PART     <301> (PP,U8b)[ 1, 1,    0, 1]:  L2( 0),   728,   728,   128, 93184,[46592,  0],     0 |||| FM_FULL        <300> ( L,S8b)[ 1, 1,    0, 1]: MSMC( 0),   832,   728,   128,106522,[ 53274,     0], 522e6
     Src_Flow [     0,     1,     1,     1] [     0,     0,     0]***[   676,    64,     1,     1] [   728,-46592,     0]***[     0,     1,     1,     1] [     0,     0,     0]***[2]
     Snk_Flow [     0,     1,     1,     1] [     0,     0,     0]***[   676,    64,     1,     1] [   832,   676, 53248]***[     0,     1,     1,     1] [     0,     0,     0]***[2]
Padding Info [Row, Col]: Actual  IN -> OUT : [ 0,  0] -> [ 1,  0],  To fill zero OUT: [ 0,  0], Virtual Pad(T,L,B,R): [ 0,  0,  0,  0]

 ------------- 69( 0, 69, 0, 2, 0) [128 x 26 x  26] => [128 x 26 x  26] | TIDL_ConvolutionLayer
 LINK_X_FM_IN_FULL_TO_PART      36507223120 :  [0,1,1,1]
    FM_FULL        <300> ( L,S8b)[ 1, 1,    0, 1]: MSMC( 0),   832,   728,   128,106522,[ 26,  0], 522e6 |||| FM_IN_PART     <303> ( L,S8b)[ 1, 1,    0, 1]:  L2( 0),   704,   704,   128, 90240,[     0,     0],     0
     Src_Flow [     0,     1,     1,     1] [     0,     0,     0]***[   676,   128,     1,     1] [   832,   676,106496]***[     0,     1,     1,     1] [     0,     0,     0]***[2]
     Snk_Flow [     0,     1,     1,     1] [     0,     0,     0]***[   676,   128,     1,     1] [   704,   676,     0]***[     0,     1,     1,     1] [     0,     0,     0]***[2]
 LINK_X_COEFF_IN_ANY_TO_FINAL   36557554768 :  [0,1,1,1]
    COEFF_FULL     <304> ( L,S8b)[ 1, 1,    0, 1]: DDR_PERSIST( 0),   128,   128,   128, 17152,[  0,  0],11f880 |||| COEFF_IN_FINAL <305> ( L,S8b)[ 1, 1,    0, 1]: MSMC( 0),   192,   128,   128, 25344,[     0,     0],  a080
     Src_Flow [     0,     1,     1,     1] [     0,     0,     0]***[   128,   128,     1,     1] [   128,   128, 16384]***[     0,     1,     1,     1] [     0,     0,     0]***[2]
     Snk_Flow [     0,     1,     1,     1] [     0,     0,     0]***[   128,   128,     1,     1] [   192,   128,     0]***[     0,     1,     1,     1] [     0,     0,     0]***[2]
 LINK_X_BIAS_IN_FULL_TO_FINAL   36574331984 :  [0,1,1,1]
    COEFF_BIAS_FULL <306> ( L,S8b)[ 1, 1,    0, 1]: DDR_PERSIST( 0),     6,     6,   128,   768,[  0,  0],123880 |||| COEFF_IN_BIAS  <307> ( L,S8b)[ 1, 1,    0, 1]: MSMC( 0),     6,     6,   128,   768,[     0,     0], 10080
     Src_Flow [     0,     1,     1,     1] [     0,     0,     0]***[     6,   128,     1,     1] [     6,     6,   768]***[     0,     1,     1,     1] [     0,     0,     0]***[2]
     Snk_Flow [     0,     1,     1,     1] [     0,     0,     0]***[     6,   128,     1,     1] [     6,     6,     0]***[     0,     1,     1,     1] [     0,     0,     0]***[2]
 LINK_P                         36641440848 :  [1,1,1,1]
    FM_IN_PART     <303> ( L,S8b)[ 1, 1,    0, 1]:  L2( 0),   704,   704,   128, 90240,[  0,  0],     0 |||| FM_FULL        <302> ( L,U8b)[ 1, 1,    0, 1]: MSMC( 0),   832,   728,   128,106522,[    26,     0], 42566
    COEFF_IN_FINAL  <305> ( L,S8b)[ 1, 1,    0, 1]: MSMC( 0),   192,   128,   128, 25344,[  0,  0],  a080
    COEFF_IN_BIAS   <307> ( L,S8b)[ 1, 1,    0, 1]: MSMC( 0),     6,     6,   128,   768,[  0,  0], 10080
     Src_Flow [     0,     1,     1,     1] [     0,     0,     0]***[   676,   128,     1,     1] [   704,   676,     0]***[     0,     1,     1,     1] [     0,     0,     0]***[2]
    Src2_Flow [     0,     1,     1,     1] [     0,     0,     0]***[   128,   128,     1,     1] [   192, 24576,     0]***[     0,     1,     1,     1] [     0,     0,     0]***[2]
    Src2_Flow [     0,     1,     1,     1] [     0,     0,     0]***[     6,   128,     1,     1] [     6,   768,     0]***[     0,     1,     1,     1] [     0,     0,     0]***[2]
     Snk_Flow [     0,     1,     1,     1] [     0,     0,     0]***[   676,   128,     1,     1] [   832,   676,106496]***[     0,     1,     1,     1] [     0,     0,     0]***[2]
Padding Info [Row, Col]: Actual  IN -> OUT : [ 1,  0] -> [ 1,  0],  To fill zero OUT: [ 0,  0], Virtual Pad(T,L,B,R): [ 0,  0,  0,  0]

 ------------- 70( 0, 70, 0, 2, 0) [128 x 26 x  26] => [64 x 26 x  26] | TIDL_ConvolutionLayer
 LINK_X_FM_IN_FULL_TO_PART      37044094048 :  [0,1,1,1]
    FM_FULL        <302> ( L,U8b)[ 1, 1,    0, 1]: MSMC( 0),   832,   728,   128,106522,[ 26,  0], 42566 |||| FM_IN_PART     <309> ( L,U8b)[ 1, 1,    0, 1]:  L2( 0),   704,   704,   128, 90240,[     0,     0],     0
     Src_Flow [     0,     1,     1,     1] [     0,     0,     0]***[   676,   128,     1,     1] [   832,   676,106496]***[     0,     1,     1,     1] [     0,     0,     0]***[2]
     Snk_Flow [     0,     1,     1,     1] [     0,     0,     0]***[   676,   128,     1,     1] [   704,   676,     0]***[     0,     1,     1,     1] [     0,     0,     0]***[2]
 LINK_X_COEFF_IN_ANY_TO_FINAL   37094425696 :  [0,1,1,1]
    COEFF_FULL     <310> ( L,S8b)[ 1, 1,    0, 1]: DDR_PERSIST( 0),   128,   128,    64,  8576,[  0,  0],123b80 |||| COEFF_IN_FINAL <311> ( L,S8b)[ 1, 1,    0, 1]: MSMC( 0),   192,   128,    64, 12672,[     0,     0], 5c580
     Src_Flow [     0,     1,     1,     1] [     0,     0,     0]***[   128,    64,     1,     1] [   128,   128,  8192]***[     0,     1,     1,     1] [     0,     0,     0]***[2]
     Snk_Flow [     0,     1,     1,     1] [     0,     0,     0]***[   128,    64,     1,     1] [   192,   128,     0]***[     0,     1,     1,     1] [     0,     0,     0]***[2]
 LINK_X_BIAS_IN_FULL_TO_FINAL   37111202912 :  [0,1,1,1]
    COEFF_BIAS_FULL <312> ( L,S8b)[ 1, 1,    0, 1]: DDR_PERSIST( 0),     6,     6,    64,   384,[  0,  0],125b80 |||| COEFF_IN_BIAS  <313> ( L,S8b)[ 1, 1,    0, 1]: MSMC( 0),     6,     6,    64,   384,[     0,     0], 5f580
     Src_Flow [     0,     1,     1,     1] [     0,     0,     0]***[     6,    64,     1,     1] [     6,     6,   384]***[     0,     1,     1,     1] [     0,     0,     0]***[2]
     Snk_Flow [     0,     1,     1,     1] [     0,     0,     0]***[     6,    64,     1,     1] [     6,     6,     0]***[     0,     1,     1,     1] [     0,     0,     0]***[2]
 LINK_P                         37178311776 :  [1,1,1,1]
    FM_IN_PART     <309> ( L,U8b)[ 1, 1,    0, 1]:  L2( 0),   704,   704,   128, 90240,[  0,  0],     0 |||| FM_FULL        <308> ( L,U8b)[ 1, 1,    0, 1]: MSMC( 0),   832,   728,    64, 53274,[    26,     0],  a0e6
    COEFF_IN_FINAL  <311> ( L,S8b)[ 1, 1,    0, 1]: MSMC( 0),   192,   128,    64, 12672,[  0,  0], 5c580
    COEFF_IN_BIAS   <313> ( L,S8b)[ 1, 1,    0, 1]: MSMC( 0),     6,     6,    64,   384,[  0,  0], 5f580
     Src_Flow [     0,     1,     1,     1] [     0,     0,     0]***[   676,   128,     1,     1] [   704,   676,     0]***[     0,     1,     1,     1] [     0,     0,     0]***[2]
    Src2_Flow [     0,     1,     1,     1] [     0,     0,     0]***[   128,    64,     1,     1] [   192, 12288,     0]***[     0,     1,     1,     1] [     0,     0,     0]***[2]
    Src2_Flow [     0,     1,     1,     1] [     0,     0,     0]***[     6,    64,     1,     1] [     6,   384,     0]***[     0,     1,     1,     1] [     0,     0,     0]***[2]
     Snk_Flow [     0,     1,     1,     1] [     0,     0,     0]***[   676,    64,     1,     1] [   832,   676, 53248]***[     0,     1,     1,     1] [     0,     0,     0]***[2]
Padding Info [Row, Col]: Actual  IN -> OUT : [ 1,  0] -> [ 1,  0],  To fill zero OUT: [ 1,  0], Virtual Pad(T,L,B,R): [ 0,  0,  0,  0]

 ------------- 71( 0, 71, 0, 2, 0) [64 x 26 x  26] => [64 x 52 x  52] | TIDL_ResizeLayer
 LINK_X_FM_IN_FULL_TO_PART      37580964976 :  [0,1,1,1]
    FM_FULL        <308> ( L,U8b)[ 1, 1,    0, 1]: MSMC( 0),   832,   728,    64, 53274,[  0,  0],  a0e6 |||| FM_IN_PART     <315> (PP,U8b)[ 1, 1,    0, 1]:  L2( 0),   832,   832,    64, 53248,[     0,     0],     0
     Src_Flow [     0,     1,     1,     1] [     0,     0,     0]***[   728,    64,     1,     1] [   832,   728, 53248]***[     0,     1,     1,     1] [     0,     0,     0]***[2]
     Snk_Flow [     0,     1,     1,     1] [     0,     0,     0]***[   728,    64,     1,     1] [   832, 26624,     0]***[     0,     1,     1,     1] [     0,     0,     0]***[2]
 LINK_P                         37715182704 :  [1,1,1,1]
    FM_IN_PART     <315> (PP,U8b)[ 1, 1,    0, 1]:  L2( 0),   832,   832,    64, 53248,[  0,  0],     0 |||| FM_FULL        <314> ( L,U8b)[ 1, 1,    0, 1]: MSMC( 0),  2880,  2808,    64,184500,[    52,     0], 4214c
     Src_Flow [     0,     1,     1,     1] [     0,     0,     0]***[   728,    64,     1,     1] [   832, 26624,     0]***[     0,     1,     1,     1] [     0,     0,     0]***[2]
     Snk_Flow [     0,     1,     1,     1] [     0,     0,     0]***[  2808,    64,     1,     1] [  2880,  2808,184320]***[     0,     1,     1,     1] [     0,     0,     0]***[2]
Padding Info [Row, Col]: Actual  IN -> OUT : [ 1,  0] -> [ 1,  0],  To fill zero OUT: [ 0,  0], Virtual Pad(T,L,B,R): [ 0,  0,  0,  0]

 ------------- 72( 0, 72, 0, 5, 0) [128 x 52 x  52] => [128 x 52 x  52] | TIDL_ConcatLayer
 LINK_X_FM_IN_FULL_TO_PART      38117835904 :  [0,2,1,1]
    FM_FULL        <314> ( L,U8b)[ 2, 1,    0, 1]: MSMC( 0),  2880,  2808,    64,184500,[ 52,  0], 4214c |||| FM_IN_PART     <317> (PP,U8b)[ 2, 1,    0, 1]:  L2( 0),  2912,  2912,    64,186368,[     0,     0],     0
     Src_Flow [     0,     1,     1,     1] [     0,     0,     0]***[  2704,    32,     2,     1] [  2880, 92160, 92160]***[     0,     1,     1,     1] [     0,     0,     0]***[2]
     Snk_Flow [     0,     1,     1,     1] [     0,     0,     0]***[  2704,    32,     2,     1] [  2912, 93184,     0]***[     0,     1,     1,     1] [     0,     0,     0]***[2]
 LINK_X_FM_IN_FULL_TO_PART      12884903040 :  [2,2,1,1]
    FM_FULL        <116> ( L,U8b)[ 2, 1,    0, 1]: MSMC( 0),  2752,  2704,    64,176128,[  0,  0], 17100 |||| FM_IN_PART     <317> (PP,U8b)[ 2, 1,    0, 1]:  L2( 0),  2912,  2912,    64,186368,[     0,     0],     0
     Src_Flow [     0,     1,     1,     1] [     0,     0,     0]***[  2704,    32,     2,     1] [  2752, 88064, 88064]***[     0,     1,     1,     1] [     0,     0,     0]***[2]
     Snk_Flow [     0,     1,     1,     1] [     0,     0,     0]***[  2704,    32,     2,     1] [  2912, 93184,     0]***[     0,     1,     1,     1] [     0,     0,     0]***[2]
 LINK_P                         38252053632 :  [1,2,1,1]
    FM_IN_PART     <317> (PP,U8b)[ 2, 1,    0, 1]:  L2( 0),  2912,  2912,    64,186368,[  0,  0],     0 |||| FM_FULL        <316> ( L,S8b)[ 2, 1,    0, 1]: MSMC( 0),  2752,  2704,   128,352256,[     0,     0], 42100
     Src_Flow [     0,     1,     1,     1] [     0,     0,     0]***[  2704,    32,     2,     1] [  2912, 93184,     0]***[     0,     1,     1,     1] [     0,     0,     0]***[2]
     Snk_Flow [     0,     1,     1,     1] [     0,     0,     0]***[  2704,    32,     2,     1] [  2752, 88064, 88064]***[     0,     1,     1,     1] [     0,     0,     0]***[2]
 LINK_P                         13019120768 :  [3,2,1,1]
    FM_IN_PART     <317> (PP,U8b)[ 2, 1,    0, 1]:  L2( 0),  2912,  2912,    64,186368,[  0,  0],     0 |||| FM_FULL        <316> ( L,S8b)[ 2, 1,    0, 1]: MSMC( 0),  2752,  2704,   128,352256,[176128,     0], 42100
     Src_Flow [     0,     1,     1,     1] [     0,     0,     0]***[  2704,    32,     2,     1] [  2912, 93184,     0]***[     0,     1,     1,     1] [     0,     0,     0]***[2]
     Snk_Flow [     0,     1,     1,     1] [     0,     0,     0]***[  2704,    32,     2,     1] [  2752, 88064, 88064]***[     0,     1,     1,     1] [     0,     0,     0]***[2]
Padding Info [Row, Col]: Actual  IN -> OUT : [ 0,  0] -> [ 0,  0],  To fill zero OUT: [ 0,  0], Virtual Pad(T,L,B,R): [ 0,  0,  0,  0]

 ------------- 73( 0, 73, 0, 5, 0) [128 x 52 x  52] => [32 x 52 x  52] | TIDL_ConvolutionLayer
 LINK_X_FM_IN_FULL_TO_PART      38654706832 :  [0,4,1,1]
    FM_FULL        <316> ( L,S8b)[ 4, 1,    0, 1]: MSMC( 0),  2752,  2704,   128,352256,[  0,  0], 42100 |||| FM_IN_PART     <319> ( L,S8b)[ 4, 1,    0, 1]:  L2( 0),  1728,  1728,   128,223104,[     0,     0],     0
     Src_Flow [     0,     1,     1,     1] [     0,     0,     0]***[   864,   128,     3,     1] [  2752,   864,352256]***[   112,   128,     1,     1] [  2752,   864,     0]***[2]
     Snk_Flow [     0,     1,     1,     1] [     0,     0,     0]***[   864,   128,     3,     1] [  1728,   864,     0]***[   112,   128,     1,     1] [  1728,   864,     0]***[2]
 LINK_X_COEFF_IN_ANY_TO_FINAL   38705038480 :  [0,1,1,1]
    COEFF_FULL     <320> ( L,S8b)[ 1, 1,    0, 1]: DDR_PERSIST( 0),   128,   128,    32,  4352,[  0,  0],125d00 |||| COEFF_IN_FINAL <321> ( L,S8b)[ 1, 1,    0, 1]: MSMC( 0),   192,   128,    32,  6400,[     0,     0], 17100
     Src_Flow [     0,     1,     1,     1] [     0,     0,     0]***[   128,    32,     1,     1] [   128,   128,  4096]***[     0,     1,     1,     1] [     0,     0,     0]***[2]
     Snk_Flow [     0,     1,     1,     1] [     0,     0,     0]***[   128,    32,     1,     1] [   192,   128,     0]***[     0,     1,     1,     1] [     0,     0,     0]***[2]
 LINK_X_BIAS_IN_FULL_TO_FINAL   38721815696 :  [0,1,1,1]
    COEFF_BIAS_FULL <322> ( L,S8b)[ 1, 1,    0, 1]: DDR_PERSIST( 0),     6,     6,    42,   256,[  0,  0],126d00 |||| COEFF_IN_BIAS  <323> ( L,S8b)[ 1, 1,    0, 1]: MSMC( 0),     6,     6,    42,   256,[     0,     0], 18900
     Src_Flow [     0,     1,     1,     1] [     0,     0,     0]***[     6,    32,     1,     1] [     6,     6,   192]***[     0,     1,     1,     1] [     0,     0,     0]***[2]
     Snk_Flow [     0,     1,     1,     1] [     0,     0,     0]***[     6,    32,     1,     1] [     6,     6,     0]***[     0,     1,     1,     1] [     0,     0,     0]***[2]
 LINK_P                         38788924560 :  [1,4,1,1]
    FM_IN_PART     <319> ( L,S8b)[ 4, 1,    0, 1]:  L2( 0),  1728,  1728,   128,223104,[  0,  0],     0 |||| FM_FULL        <318> ( L,U8b)[ 4, 1,    0, 1]: MSMC( 0),  2752,  2704,    32, 88064,[     0,     0], 19a00
    COEFF_IN_FINAL  <321> ( L,S8b)[ 1, 1,    0, 1]: MSMC( 0),   192,   128,    32,  6400,[  0,  0], 17100
    COEFF_IN_BIAS   <323> ( L,S8b)[ 1, 1,    0, 1]: MSMC( 0),     6,     6,    42,   256,[  0,  0], 18900
     Src_Flow [     0,     1,     1,     1] [     0,     0,     0]***[   864,   128,     3,     1] [  1728,   864,     0]***[   112,   128,     1,     1] [  1728,   864,     0]***[2]
    Src2_Flow [     0,     1,     1,     1] [     0,     0,     0]***[   128,    32,     1,     1] [   192,  6144,     0]***[     0,     1,     1,     1] [     0,     0,     0]***[2]
    Src2_Flow [     0,     1,     1,     1] [     0,     0,     0]***[     6,    32,     1,     1] [     6,   192,     0]***[     0,     1,     1,     1] [     0,     0,     0]***[2]
     Snk_Flow [     0,     1,     1,     1] [     0,     0,     0]***[   864,    32,     3,     1] [  2752,   864, 88064]***[   112,    32,     1,     1] [  2752,   864,     0]***[2]
Padding Info [Row, Col]: Actual  IN -> OUT : [ 0,  0] -> [ 0,  0],  To fill zero OUT: [ 0,  0], Virtual Pad(T,L,B,R): [ 0,  0,  0,  0]

 ------------- 74( 0, 75, 0, 2, 0) [32 x 52 x  52] => [32 x 52 x  52] | TIDL_ConvolutionLayer
 LINK_X_FM_IN_FULL_TO_PART      39191577776 :  [0,1,1,1]
    FM_FULL        <318> ( L,U8b)[ 1, 1,    0, 1]: MSMC( 0),  2752,  2704,    32, 88064,[  0,  0], 19a00 |||| FM_IN_PART     <325> ( L,U8b)[ 1, 1,    0, 1]:  L2( 0),  2752,  2752,    32, 88192,[     0,     0],     0
     Src_Flow [     0,     1,     1,     1] [     0,     0,     0]***[  2704,    32,     1,     1] [  2752,  2704, 88064]***[     0,     1,     1,     1] [     0,     0,     0]***[2]
     Snk_Flow [     0,     1,     1,     1] [     0,     0,     0]***[  2704,    32,     1,     1] [  2752,  2704,     0]***[     0,     1,     1,     1] [     0,     0,     0]***[2]
 LINK_X_COEFF_IN_ANY_TO_FINAL   39241909424 :  [0,1,1,1]
    COEFF_FULL     <326> ( L,S8b)[ 1, 1,    0, 1]: DDR_PERSIST( 0),    32,    32,    32,  1280,[  0,  0],126e00 |||| COEFF_IN_FINAL <327> ( L,S8b)[ 1, 1,    0, 1]: MSMC( 0),    32,    32,    32,  1280,[     0,     0], 17100
     Src_Flow [     0,     1,     1,     1] [     0,     0,     0]***[    32,    32,     1,     1] [    32,    32,  1024]***[     0,     1,     1,     1] [     0,     0,     0]***[2]
     Snk_Flow [     0,     1,     1,     1] [     0,     0,     0]***[    32,    32,     1,     1] [    32,    32,     0]***[     0,     1,     1,     1] [     0,     0,     0]***[2]
 LINK_X_BIAS_IN_FULL_TO_FINAL   39258686640 :  [0,1,1,1]
    COEFF_BIAS_FULL <328> ( L,S8b)[ 1, 1,    0, 1]: DDR_PERSIST( 0),     6,     6,    42,   256,[  0,  0],127200 |||| COEFF_IN_BIAS  <329> ( L,S8b)[ 1, 1,    0, 1]: MSMC( 0),     6,     6,    42,   256,[     0,     0], 17500
     Src_Flow [     0,     1,     1,     1] [     0,     0,     0]***[     6,    32,     1,     1] [     6,     6,   192]***[     0,     1,     1,     1] [     0,     0,     0]***[2]
     Snk_Flow [     0,     1,     1,     1] [     0,     0,     0]***[     6,    32,     1,     1] [     6,     6,     0]***[     0,     1,     1,     1] [     0,     0,     0]***[2]
 LINK_P                         39325795504 :  [1,1,1,1]
    FM_IN_PART     <325> ( L,U8b)[ 1, 1,    0, 1]:  L2( 0),  2752,  2752,    32, 88192,[  0,  0],     0 |||| FM_FULL        <324> ( L,U8b)[ 1, 1,    0, 1]: MSMC( 0),  2752,  2704,    32, 88064,[     0,     0], 19a00
    COEFF_IN_FINAL  <327> ( L,S8b)[ 1, 1,    0, 1]: MSMC( 0),    32,    32,    32,  1280,[  0,  0], 17100
    COEFF_IN_BIAS   <329> ( L,S8b)[ 1, 1,    0, 1]: MSMC( 0),     6,     6,    42,   256,[  0,  0], 17500
     Src_Flow [     0,     1,     1,     1] [     0,     0,     0]***[  2704,    32,     1,     1] [  2752,  2704,     0]***[     0,     1,     1,     1] [     0,     0,     0]***[2]
    Src2_Flow [     0,     1,     1,     1] [     0,     0,     0]***[    32,    32,     1,     1] [    32,  1024,     0]***[     0,     1,     1,     1] [     0,     0,     0]***[2]
    Src2_Flow [     0,     1,     1,     1] [     0,     0,     0]***[     6,    32,     1,     1] [     6,   192,     0]***[     0,     1,     1,     1] [     0,     0,     0]***[2]
     Snk_Flow [     0,     1,     1,     1] [     0,     0,     0]***[  2704,    32,     1,     1] [  2752,  2704, 88064]***[     0,     1,     1,     1] [     0,     0,     0]***[2]
Padding Info [Row, Col]: Actual  IN -> OUT : [ 0,  0] -> [ 0,  0],  To fill zero OUT: [ 0,  0], Virtual Pad(T,L,B,R): [ 0,  0,  0,  0]

 ------------- 75( 0, 76, 0, 2, 0) [32 x 52 x  52] => [32 x 52 x  52] | TIDL_ConvolutionLayer
 LINK_X_FM_IN_FULL_TO_PART      40265319616 :  [0,1,1,1]
    FM_FULL        <324> ( L,U8b)[ 1, 1,    0, 1]: MSMC( 0),  2752,  2704,    32, 88064,[  0,  0], 19a00 |||| FM_IN_PART     <331> ( L,U8b)[ 1, 1,    0, 1]:  L2( 0),  2752,  2752,    32, 90752,[   128,     0],     0
     Src_Flow [     0,     1,     1,     1] [     0,     0,     0]***[  2704,    32,     1,     1] [  2752,  2704, 88064]***[     0,     1,     1,     1] [     0,     0,     0]***[2]
     Snk_Flow [     0,     1,     1,     1] [     0,     0,     0]***[  2704,    32,     1,     1] [  2752,  2704,     0]***[     0,     1,     1,     1] [     0,     0,     0]***[2]
 LINK_X_COEFF_IN_ANY_TO_FINAL   40315651264 :  [0,1,1,1]
    COEFF_FULL     <332> ( L,S8b)[ 1, 1,    0, 1]: DDR_PERSIST( 0),   288,   288,    32,  9472,[  0,  0],127300 |||| COEFF_IN_FINAL <333> ( L,S8b)[ 1, 1,    0, 1]: MSMC( 0),   320,   288,    32, 10496,[     0,     0], 17100
     Src_Flow [     0,     1,     1,     1] [     0,     0,     0]***[   288,    32,     1,     1] [   288,   288,  9216]***[     0,     1,     1,     1] [     0,     0,     0]***[2]
     Snk_Flow [     0,     1,     1,     1] [     0,     0,     0]***[   288,    32,     1,     1] [   320,   288,     0]***[     0,     1,     1,     1] [     0,     0,     0]***[2]
 LINK_X_BIAS_IN_FULL_TO_FINAL   40332428480 :  [0,1,1,1]
    COEFF_BIAS_FULL <334> ( L,S8b)[ 1, 1,    0, 1]: DDR_PERSIST( 0),     6,     6,    42,   256,[  0,  0],129700 |||| COEFF_IN_BIAS  <335> ( L,S8b)[ 1, 1,    0, 1]: MSMC( 0),     6,     6,    42,   256,[     0,     0], 19900
     Src_Flow [     0,     1,     1,     1] [     0,     0,     0]***[     6,    32,     1,     1] [     6,     6,   192]***[     0,     1,     1,     1] [     0,     0,     0]***[2]
     Snk_Flow [     0,     1,     1,     1] [     0,     0,     0]***[     6,    32,     1,     1] [     6,     6,     0]***[     0,     1,     1,     1] [     0,     0,     0]***[2]
 LINK_P                         40399537344 :  [1,1,1,1]
    FM_IN_PART     <331> ( L,U8b)[ 1, 1,    0, 1]:  L2( 0),  2752,  2752,    32, 90752,[128,  0],     0 |||| FM_FULL        <330> ( L,U8b)[ 1, 1,    0, 1]: MSMC( 0),  2752,  2704,    32, 88064,[     0,     0], 19a00
    COEFF_IN_FINAL  <333> ( L,S8b)[ 1, 1,    0, 1]: MSMC( 0),   320,   288,    32, 10496,[  0,  0], 17100
    COEFF_IN_BIAS   <335> ( L,S8b)[ 1, 1,    0, 1]: MSMC( 0),     6,     6,    42,   256,[  0,  0], 19900
     Src_Flow [     0,     1,     1,     1] [     0,     0,     0]***[  2704,    32,     1,     1] [  2752,  2704,     0]***[     0,     1,     1,     1] [     1,     1,     1]***[2]
    Src2_Flow [     0,     1,     1,     1] [     0,     0,     0]***[   288,    32,     1,     1] [   320, 10240,     0]***[     0,     1,     1,     1] [     0,     0,     0]***[2]
    Src2_Flow [     0,     1,     1,     1] [     0,     0,     0]***[     6,    32,     1,     1] [     6,   192,     0]***[     0,     1,     1,     1] [     0,     0,     0]***[2]
     Snk_Flow [     0,     1,     1,     1] [     0,     0,     0]***[  2704,    32,     1,     1] [  2752,  2704, 88064]***[     0,     1,     1,     1] [     0,     0,     0]***[2]
Padding Info [Row, Col]: Actual  IN -> OUT : [ 0,  0] -> [ 0,  0],  To fill zero OUT: [ 0,  0], Virtual Pad(T,L,B,R): [ 1,  1,  1,  1]

 ------------- 76( 0, 74, 0, 5, 0) [128 x 52 x  52] => [32 x 52 x  52] | TIDL_ConvolutionLayer
 LINK_X_FM_IN_FULL_TO_PART      38654706848 :  [0,4,1,1]
    FM_FULL        <316> ( L,S8b)[ 4, 1,    0, 1]: MSMC( 0),  2752,  2704,   128,352256,[  0,  0], 42100 |||| FM_IN_PART     <337> ( L,S8b)[ 4, 1,    0, 1]:  L2( 0),  1728,  1728,   128,223104,[     0,     0],     0
     Src_Flow [     0,     1,     1,     1] [     0,     0,     0]***[   864,   128,     3,     1] [  2752,   864,352256]***[   112,   128,     1,     1] [  2752,   864,     0]***[2]
     Snk_Flow [     0,     1,     1,     1] [     0,     0,     0]***[   864,   128,     3,     1] [  1728,   864,     0]***[   112,   128,     1,     1] [  1728,   864,     0]***[2]
 LINK_X_COEFF_IN_ANY_TO_FINAL   38705038496 :  [0,1,1,1]
    COEFF_FULL     <338> ( L,S8b)[ 1, 1,    0, 1]: DDR_PERSIST( 0),   128,   128,    32,  4352,[  0,  0],129800 |||| COEFF_IN_FINAL <339> ( L,S8b)[ 1, 1,    0, 1]: MSMC( 0),   192,   128,    32,  6400,[     0,     0], 17100
     Src_Flow [     0,     1,     1,     1] [     0,     0,     0]***[   128,    32,     1,     1] [   128,   128,  4096]***[     0,     1,     1,     1] [     0,     0,     0]***[2]
     Snk_Flow [     0,     1,     1,     1] [     0,     0,     0]***[   128,    32,     1,     1] [   192,   128,     0]***[     0,     1,     1,     1] [     0,     0,     0]***[2]
 LINK_X_BIAS_IN_FULL_TO_FINAL   38721815712 :  [0,1,1,1]
    COEFF_BIAS_FULL <340> ( L,S8b)[ 1, 1,    0, 1]: DDR_PERSIST( 0),     6,     6,    42,   256,[  0,  0],12a800 |||| COEFF_IN_BIAS  <341> ( L,S8b)[ 1, 1,    0, 1]: MSMC( 0),     6,     6,    42,   256,[     0,     0], 18900
     Src_Flow [     0,     1,     1,     1] [     0,     0,     0]***[     6,    32,     1,     1] [     6,     6,   192]***[     0,     1,     1,     1] [     0,     0,     0]***[2]
     Snk_Flow [     0,     1,     1,     1] [     0,     0,     0]***[     6,    32,     1,     1] [     6,     6,     0]***[     0,     1,     1,     1] [     0,     0,     0]***[2]
 LINK_P                         38788924576 :  [1,4,1,1]
    FM_IN_PART     <337> ( L,S8b)[ 4, 1,    0, 1]:  L2( 0),  1728,  1728,   128,223104,[  0,  0],     0 |||| FM_FULL        <336> ( L,U8b)[ 4, 1,    0, 1]: MSMC( 0),  2752,  2704,    32, 88064,[     0,     0], 2f400
    COEFF_IN_FINAL  <339> ( L,S8b)[ 1, 1,    0, 1]: MSMC( 0),   192,   128,    32,  6400,[  0,  0], 17100
    COEFF_IN_BIAS   <341> ( L,S8b)[ 1, 1,    0, 1]: MSMC( 0),     6,     6,    42,   256,[  0,  0], 18900
     Src_Flow [     0,     1,     1,     1] [     0,     0,     0]***[   864,   128,     3,     1] [  1728,   864,     0]***[   112,   128,     1,     1] [  1728,   864,     0]***[2]
    Src2_Flow [     0,     1,     1,     1] [     0,     0,     0]***[   128,    32,     1,     1] [   192,  6144,     0]***[     0,     1,     1,     1] [     0,     0,     0]***[2]
    Src2_Flow [     0,     1,     1,     1] [     0,     0,     0]***[     6,    32,     1,     1] [     6,   192,     0]***[     0,     1,     1,     1] [     0,     0,     0]***[2]
     Snk_Flow [     0,     1,     1,     1] [     0,     0,     0]***[   864,    32,     3,     1] [  2752,   864, 88064]***[   112,    32,     1,     1] [  2752,   864,     0]***[2]
Padding Info [Row, Col]: Actual  IN -> OUT : [ 0,  0] -> [ 0,  0],  To fill zero OUT: [ 0,  0], Virtual Pad(T,L,B,R): [ 0,  0,  0,  0]

 ------------- 77( 0, 77, 0, 3, 0) [64 x 52 x  52] => [64 x 52 x  52] | TIDL_ConcatLayer
 LINK_X_FM_IN_FULL_TO_PART      40802190544 :  [0,1,1,1]
    FM_FULL        <330> ( L,U8b)[ 1, 1,    0, 1]: MSMC( 0),  2752,  2704,    32, 88064,[  0,  0], 19a00 |||| FM_IN_PART     <343> (PP,U8b)[ 1, 1,    0, 1]:  L2( 0),  2756,  2756,    64,176384,[     0,     0],     0
     Src_Flow [     0,     1,     1,     1] [     0,     0,     0]***[  2704,    32,     1,     1] [  2752,  2704, 88064]***[     0,     1,     1,     1] [     0,     0,     0]***[2]
     Snk_Flow [     0,     1,     1,     1] [     0,     0,     0]***[  2704,    32,     1,     1] [  2756, 88192,     0]***[     0,     1,     1,     1] [     0,     0,     0]***[2]
 LINK_X_FM_IN_FULL_TO_PART      39728448720 :  [1,1,1,1]
    FM_FULL        <336> ( L,U8b)[ 1, 1,    0, 1]: MSMC( 0),  2752,  2704,    32, 88064,[  0,  0], 2f400 |||| FM_IN_PART     <343> (PP,U8b)[ 1, 1,    0, 1]:  L2( 0),  2756,  2756,    64,176384,[ 88192,     0],     0
     Src_Flow [     0,     1,     1,     1] [     0,     0,     0]***[  2704,    32,     1,     1] [  2752,  2704, 88064]***[     0,     1,     1,     1] [     0,     0,     0]***[2]
     Snk_Flow [     0,     1,     1,     1] [     0,     0,     0]***[  2704,    32,     1,     1] [  2756,-88192,     0]***[     0,     1,     1,     1] [     0,     0,     0]***[2]
 LINK_P                         40936408272 :  [1,1,1,1]
    FM_IN_PART     <343> (PP,U8b)[ 1, 1,    0, 1]:  L2( 0),  2756,  2756,    64,176384,[  0,  0],     0 |||| FM_FULL        <342> ( L,S8b)[ 1, 1,    0, 1]: MSMC( 0),  2752,  2704,    64,176128,[     0,     0], 44c00
     Src_Flow [     0,     1,     1,     1] [     0,     0,     0]***[  2704,    32,     1,     1] [  2756, 88192,     0]***[     0,     1,     1,     1] [     0,     0,     0]***[2]
     Snk_Flow [     0,     1,     1,     1] [     0,     0,     0]***[  2704,    32,     1,     1] [  2752,  2704, 88064]***[     0,     1,     1,     1] [     0,     0,     0]***[2]
 LINK_P                         39862666448 :  [2,1,1,1]
    FM_IN_PART     <343> (PP,U8b)[ 1, 1,    0, 1]:  L2( 0),  2756,  2756,    64,176384,[88192,  0],     0 |||| FM_FULL        <342> ( L,S8b)[ 1, 1,    0, 1]: MSMC( 0),  2752,  2704,    64,176128,[ 88064,     0], 44c00
     Src_Flow [     0,     1,     1,     1] [     0,     0,     0]***[  2704,    32,     1,     1] [  2756,-88192,     0]***[     0,     1,     1,     1] [     0,     0,     0]***[2]
     Snk_Flow [     0,     1,     1,     1] [     0,     0,     0]***[  2704,    32,     1,     1] [  2752,  2704, 88064]***[     0,     1,     1,     1] [     0,     0,     0]***[2]
Padding Info [Row, Col]: Actual  IN -> OUT : [ 0,  0] -> [ 0,  0],  To fill zero OUT: [ 0,  0], Virtual Pad(T,L,B,R): [ 0,  0,  0,  0]

 ------------- 78( 0, 78, 0, 3, 0) [64 x 52 x  52] => [64 x 52 x  52] | TIDL_ConvolutionLayer
 LINK_X_FM_IN_FULL_TO_PART      41339061472 :  [0,2,1,1]
    FM_FULL        <342> ( L,S8b)[ 2, 1,    0, 1]: MSMC( 0),  2752,  2704,    64,176128,[  0,  0], 44c00 |||| FM_IN_PART     <345> ( L,S8b)[ 2, 1,    0, 1]:  L2( 0),  3520,  3520,    64,225408,[     0,     0],     0
     Src_Flow [     0,     1,     1,     1] [     0,     0,     0]***[  1760,    64,     1,     1] [  2752,  1760,176128]***[   944,    64,     1,     1] [  2752,  1760,     0]***[2]
     Snk_Flow [     0,     1,     1,     1] [     0,     0,     0]***[  1760,    64,     1,     1] [  3520,  1760,     0]***[   944,    64,     1,     1] [  3520,  1760,     0]***[2]
 LINK_X_COEFF_IN_ANY_TO_FINAL   41389393120 :  [0,1,1,1]
    COEFF_FULL     <346> ( L,S8b)[ 1, 1,    0, 1]: DDR_PERSIST( 0),    64,    64,    64,  4480,[  0,  0],12a900 |||| COEFF_IN_FINAL <347> ( L,S8b)[ 1, 1,    0, 1]: MSMC( 0),    64,    64,    64,  4480,[     0,     0], 42100
     Src_Flow [     0,     1,     1,     1] [     0,     0,     0]***[    64,    64,     1,     1] [    64,    64,  4096]***[     0,     1,     1,     1] [     0,     0,     0]***[2]
     Snk_Flow [     0,     1,     1,     1] [     0,     0,     0]***[    64,    64,     1,     1] [    64,    64,     0]***[     0,     1,     1,     1] [     0,     0,     0]***[2]
 LINK_X_BIAS_IN_FULL_TO_FINAL   41406170336 :  [0,1,1,1]
    COEFF_BIAS_FULL <348> ( L,S8b)[ 1, 1,    0, 1]: DDR_PERSIST( 0),     6,     6,    64,   384,[  0,  0],12b900 |||| COEFF_IN_BIAS  <349> ( L,S8b)[ 1, 1,    0, 1]: MSMC( 0),     6,     6,    64,   384,[     0,     0], 43100
     Src_Flow [     0,     1,     1,     1] [     0,     0,     0]***[     6,    64,     1,     1] [     6,     6,   384]***[     0,     1,     1,     1] [     0,     0,     0]***[2]
     Snk_Flow [     0,     1,     1,     1] [     0,     0,     0]***[     6,    64,     1,     1] [     6,     6,     0]***[     0,     1,     1,     1] [     0,     0,     0]***[2]
 LINK_P                         41473279200 :  [1,2,1,1]
    FM_IN_PART     <345> ( L,S8b)[ 2, 1,    0, 1]:  L2( 0),  3520,  3520,    64,225408,[  0,  0],     0 |||| FM_FULL        <344> ( L,U8b)[ 2, 1,    0, 1]: MSMC( 0),  2752,  2704,    64,176128,[     0,     0], 17100
    COEFF_IN_FINAL  <347> ( L,S8b)[ 1, 1,    0, 1]: MSMC( 0),    64,    64,    64,  4480,[  0,  0], 42100
    COEFF_IN_BIAS   <349> ( L,S8b)[ 1, 1,    0, 1]: MSMC( 0),     6,     6,    64,   384,[  0,  0], 43100
     Src_Flow [     0,     1,     1,     1] [     0,     0,     0]***[  1760,    64,     1,     1] [  3520,  1760,     0]***[   944,    64,     1,     1] [  3520,  1760,     0]***[2]
    Src2_Flow [     0,     1,     1,     1] [     0,     0,     0]***[    64,    64,     1,     1] [    64,  4096,     0]***[     0,     1,     1,     1] [     0,     0,     0]***[2]
    Src2_Flow [     0,     1,     1,     1] [     0,     0,     0]***[     6,    64,     1,     1] [     6,   384,     0]***[     0,     1,     1,     1] [     0,     0,     0]***[2]
     Snk_Flow [     0,     1,     1,     1] [     0,     0,     0]***[  1760,    64,     1,     1] [  2752,  1760,176128]***[   944,    64,     1,     1] [  2752,  1760,     0]***[2]
Padding Info [Row, Col]: Actual  IN -> OUT : [ 0,  0] -> [ 0,  0],  To fill zero OUT: [ 0,  0], Virtual Pad(T,L,B,R): [ 0,  0,  0,  0]

 ------------- 79( 0, 80, 0, 3, 0) [64 x 52 x  52] => [64 x 52 x  52] | TIDL_ConvolutionLayer
 LINK_X_FM_IN_FULL_TO_PART      41875932416 :  [0,2,1,1]
    FM_FULL        <344> ( L,U8b)[ 2, 1,    0, 1]: MSMC( 0),  2752,  2704,    64,176128,[  0,  0], 17100 |||| FM_IN_PART     <351> ( L,U8b)[ 2, 1,    0, 1]:  L2( 0),  3520,  3520,    64,225408,[     0,     0],     0
     Src_Flow [     0,     1,     1,     1] [     0,     0,     0]***[  1760,    64,     1,     1] [  2752,  1760,176128]***[   944,    64,     1,     1] [  2752,  1760,     0]***[2]
     Snk_Flow [     0,     1,     1,     1] [     0,     0,     0]***[  1760,    64,     1,     1] [  3520,  1760,     0]***[   944,    64,     1,     1] [  3520,  1760,     0]***[2]
 LINK_X_COEFF_IN_ANY_TO_FINAL   41926264064 :  [0,1,1,1]
    COEFF_FULL     <352> ( L,S8b)[ 1, 1,    0, 1]: DDR_PERSIST( 0),    64,    64,    64,  4480,[  0,  0],12ba80 |||| COEFF_IN_FINAL <353> ( L,S8b)[ 1, 1,    0, 1]: MSMC( 0),    64,    64,    64,  4480,[     0,     0], 6d100
     Src_Flow [     0,     1,     1,     1] [     0,     0,     0]***[    64,    64,     1,     1] [    64,    64,  4096]***[     0,     1,     1,     1] [     0,     0,     0]***[2]
     Snk_Flow [     0,     1,     1,     1] [     0,     0,     0]***[    64,    64,     1,     1] [    64,    64,     0]***[     0,     1,     1,     1] [     0,     0,     0]***[2]
 LINK_X_BIAS_IN_FULL_TO_FINAL   41943041280 :  [0,1,1,1]
    COEFF_BIAS_FULL <354> ( L,S8b)[ 1, 1,    0, 1]: DDR_PERSIST( 0),     6,     6,    64,   384,[  0,  0],12ca80 |||| COEFF_IN_BIAS  <355> ( L,S8b)[ 1, 1,    0, 1]: MSMC( 0),     6,     6,    64,   384,[     0,     0], 6e100
     Src_Flow [     0,     1,     1,     1] [     0,     0,     0]***[     6,    64,     1,     1] [     6,     6,   384]***[     0,     1,     1,     1] [     0,     0,     0]***[2]
     Snk_Flow [     0,     1,     1,     1] [     0,     0,     0]***[     6,    64,     1,     1] [     6,     6,     0]***[     0,     1,     1,     1] [     0,     0,     0]***[2]
 LINK_P                         42010150144 :  [1,2,1,1]
    FM_IN_PART     <351> ( L,U8b)[ 2, 1,    0, 1]:  L2( 0),  3520,  3520,    64,225408,[  0,  0],     0 |||| FM_FULL        <350> ( L,U8b)[ 2, 1,    0, 1]: MSMC( 0),  2752,  2704,    64,176128,[     0,     0], 42100
    COEFF_IN_FINAL  <353> ( L,S8b)[ 1, 1,    0, 1]: MSMC( 0),    64,    64,    64,  4480,[  0,  0], 6d100
    COEFF_IN_BIAS   <355> ( L,S8b)[ 1, 1,    0, 1]: MSMC( 0),     6,     6,    64,   384,[  0,  0], 6e100
     Src_Flow [     0,     1,     1,     1] [     0,     0,     0]***[  1760,    64,     1,     1] [  3520,  1760,     0]***[   944,    64,     1,     1] [  3520,  1760,     0]***[2]
    Src2_Flow [     0,     1,     1,     1] [     0,     0,     0]***[    64,    64,     1,     1] [    64,  4096,     0]***[     0,     1,     1,     1] [     0,     0,     0]***[2]
    Src2_Flow [     0,     1,     1,     1] [     0,     0,     0]***[     6,    64,     1,     1] [     6,   384,     0]***[     0,     1,     1,     1] [     0,     0,     0]***[2]
     Snk_Flow [     0,     1,     1,     1] [     0,     0,     0]***[  1760,    64,     1,     1] [  2752,  1760,176128]***[   944,    64,     1,     1] [  2752,  1760,     0]***[2]
Padding Info [Row, Col]: Actual  IN -> OUT : [ 0,  0] -> [ 0,  0],  To fill zero OUT: [ 0,  0], Virtual Pad(T,L,B,R): [ 0,  0,  0,  0]

 ------------- 80( 0, 83, 0, 3, 0) [64 x 52 x  52] => [64 x 52 x  52] | TIDL_ConvolutionLayer
 LINK_X_FM_IN_FULL_TO_PART      42949674288 :  [0,2,1,1]
    FM_FULL        <350> ( L,U8b)[ 2, 1,    0, 1]: MSMC( 0),  2752,  2704,    64,176128,[  0,  0], 42100 |||| FM_IN_PART     <357> ( L,U8b)[ 2, 1,    0, 1]:  L2( 0),  3520,  3520,    64,225408,[   128,     0],     0
     Src_Flow [  1749,    64,     1,     1] [  2752,  1749,     0]***[   955,    64,     1,     1] [  2752,  1696,     0]***[     0,     1,     1,     1] [     1,     1,     1]***[2]
     Snk_Flow [  1749,    64,     1,     1] [  3520,  1749,     0]***[   955,    64,     1,     1] [  3520,  1696,     0]***[     0,     1,     1,     1] [     1,     1,     1]***[2]
 LINK_X_COEFF_IN_ANY_TO_FINAL   43000005936 :  [0,1,1,1]
    COEFF_FULL     <358> ( L,S8b)[ 1, 1,    0, 1]: DDR_PERSIST( 0),   576,   576,    64, 37248,[  0,  0],12cc00 |||| COEFF_IN_FINAL <359> ( L,S8b)[ 1, 1,    0, 1]: MSMC( 0),   576,   576,    64, 37248,[     0,     0], 6d100
     Src_Flow [     0,     1,     1,     1] [     0,     0,     0]***[   576,    64,     1,     1] [   576,   576, 36864]***[     0,     1,     1,     1] [     0,     0,     0]***[2]
     Snk_Flow [     0,     1,     1,     1] [     0,     0,     0]***[   576,    64,     1,     1] [   576,   576,     0]***[     0,     1,     1,     1] [     0,     0,     0]***[2]
 LINK_X_BIAS_IN_FULL_TO_FINAL   43016783152 :  [0,1,1,1]
    COEFF_BIAS_FULL <360> ( L,S8b)[ 1, 1,    0, 1]: DDR_PERSIST( 0),     6,     6,    64,   384,[  0,  0],135c00 |||| COEFF_IN_BIAS  <361> ( L,S8b)[ 1, 1,    0, 1]: MSMC( 0),     6,     6,    64,   384,[     0,     0], 76100
     Src_Flow [     0,     1,     1,     1] [     0,     0,     0]***[     6,    64,     1,     1] [     6,     6,   384]***[     0,     1,     1,     1] [     0,     0,     0]***[2]
     Snk_Flow [     0,     1,     1,     1] [     0,     0,     0]***[     6,    64,     1,     1] [     6,     6,     0]***[     0,     1,     1,     1] [     0,     0,     0]***[2]
 LINK_P                         43083892016 :  [1,2,1,1]
    FM_IN_PART     <357> ( L,U8b)[ 2, 1,    0, 1]:  L2( 0),  3520,  3520,    64,225408,[128,  0],     0 |||| FM_FULL        <356> ( L,U8b)[ 2, 1,    0, 1]: MSMC( 0),  2752,  2704,    64,176128,[     0,     0], 76280
    COEFF_IN_FINAL  <359> ( L,S8b)[ 1, 1,    0, 1]: MSMC( 0),   576,   576,    64, 37248,[  0,  0], 6d100
    COEFF_IN_BIAS   <361> ( L,S8b)[ 1, 1,    0, 1]: MSMC( 0),     6,     6,    64,   384,[  0,  0], 76100
     Src_Flow [  1749,    64,     1,     1] [  3520,  1643,     0]***[  1061,    64,     1,     1] [  3520,  1696,     0]***[     0,     1,     1,     1] [     1,     1,     1]***[2]
    Src2_Flow [     0,     1,     1,     1] [     0,     0,     0]***[   576,    64,     1,     1] [   576, 36864,     0]***[     0,     1,     1,     1] [     0,     0,     0]***[2]
    Src2_Flow [     0,     1,     1,     1] [     0,     0,     0]***[     6,    64,     1,     1] [     6,   384,     0]***[     0,     1,     1,     1] [     0,     0,     0]***[2]
     Snk_Flow [  1696,    64,     1,     1] [  2752,  1696,     0]***[  1008,    64,     1,     1] [  2752,  1696,     0]***[     0,     1,     1,     1] [     1,     1,     1]***[2]
Padding Info [Row, Col]: Actual  IN -> OUT : [ 0,  0] -> [ 0,  0],  To fill zero OUT: [ 0,  0], Virtual Pad(T,L,B,R): [ 1,  1,  1,  1]

 ------------- 81( 0, 87, 0, 3, 0) [64 x 52 x  52] => [64 x 52 x  52] | TIDL_ConvolutionLayer
 LINK_X_FM_IN_FULL_TO_PART      44560287088 :  [0,2,1,1]
    FM_FULL        <356> ( L,U8b)[ 2, 1,    0, 1]: MSMC( 0),  2752,  2704,    64,176128,[  0,  0], 76280 |||| FM_IN_PART     <363> ( L,U8b)[ 2, 1,    0, 1]:  L2( 0),  3520,  3520,    64,225408,[   128,     0],     0
     Src_Flow [  1749,    64,     1,     1] [  2752,  1749,     0]***[   955,    64,     1,     1] [  2752,  1696,     0]***[     0,     1,     1,     1] [     1,     1,     1]***[2]
     Snk_Flow [  1749,    64,     1,     1] [  3520,  1749,     0]***[   955,    64,     1,     1] [  3520,  1696,     0]***[     0,     1,     1,     1] [     1,     1,     1]***[2]
 LINK_X_BIAS_IN_FULL_TO_FINAL   44627395952 :  [0,1,1,1]
    COEFF_BIAS_FULL <366> ( L,S8b)[ 1, 1,    0, 1]: DDR_PERSIST( 0),     6,     6,    64,   384,[  0,  0],13ed80 |||| COEFF_IN_BIAS  <367> ( L,S8b)[ 1, 1,    0, 1]: MSMC( 0),     6,     6,    64,   384,[     0,     0], f1000
     Src_Flow [     0,     1,     1,     1] [     0,     0,     0]***[     6,    64,     1,     1] [     6,     6,   384]***[     0,     1,     1,     1] [     0,     0,     0]***[2]
     Snk_Flow [     0,     1,     1,     1] [     0,     0,     0]***[     6,    64,     1,     1] [     6,     6,     0]***[     0,     1,     1,     1] [     0,     0,     0]***[2]
 LINK_P                         44694504816 :  [1,2,1,1]
    FM_IN_PART     <363> ( L,U8b)[ 2, 1,    0, 1]:  L2( 0),  3520,  3520,    64,225408,[128,  0],     0 |||| FM_FULL        <362> ( L,U8b)[ 2, 1,    0, 1]: MSMC( 0),  2752,  2704,    64,176128,[     0,     0], 76280
    COEFF_IN_FINAL  <365> ( L,S8b)[ 1, 1,    0, 1]: MSMC( 0),   576,   576,    64, 37248,[  0,  0], e8000
    COEFF_IN_BIAS   <367> ( L,S8b)[ 1, 1,    0, 1]: MSMC( 0),     6,     6,    64,   384,[  0,  0], f1000
     Src_Flow [  1749,    64,     1,     1] [  3520,  1643,     0]***[  1061,    64,     1,     1] [  3520,  1696,     0]***[     0,     1,     1,     1] [     1,     1,     1]***[2]
    Src2_Flow [     0,     1,     1,     1] [     0,     0,     0]***[   576,    64,     1,     1] [   576, 36864,     0]***[     0,     1,     1,     1] [     0,     0,     0]***[2]
    Src2_Flow [     0,     1,     1,     1] [     0,     0,     0]***[     6,    64,     1,     1] [     6,   384,     0]***[     0,     1,     1,     1] [     0,     0,     0]***[2]
     Snk_Flow [  1696,    64,     1,     1] [  2752,  1696,     0]***[  1008,    64,     1,     1] [  2752,  1696,     0]***[     0,     1,     1,     1] [     1,     1,     1]***[2]
Padding Info [Row, Col]: Actual  IN -> OUT : [ 0,  0] -> [ 0,  0],  To fill zero OUT: [ 0,  0], Virtual Pad(T,L,B,R): [ 1,  1,  1,  1]

 ------------- 82( 0, 91, 0, 5, 0) [64 x 52 x  52] => [1 x 52 x  52] | TIDL_ConvolutionLayer
 LINK_X_FM_IN_FULL_TO_PART      46707770800 :  [0,4,1,1]
    FM_FULL        <362> ( L,U8b)[ 4, 1,    0, 1]: MSMC( 0),  2752,  2704,    64,176128,[  0,  0], 76280 |||| FM_IN_PART     <369> ( L,U16b)[ 4, 1,    0, 1]:  L2( 0),  1696,  1696,    64,110336,[     0,     0],     0
     Src_Flow [     0,     1,     1,     1] [     0,     0,     0]***[   848,    64,     3,     1] [  2752,   848,176128]***[   160,    64,     1,     1] [  2752,   848,     0]***[2]
     Snk_Flow [     0,     1,     1,     1] [     0,     0,     0]***[   848,    64,     3,     1] [  1696,   848,     0]***[   160,    64,     1,     1] [  1696,   848,     0]***[2]
 LINK_X_COEFF_IN_ANY_TO_FINAL   46758102448 :  [0,1,1,1]
    COEFF_FULL     <370> ( L,S16b)[ 1, 1,    0, 1]: DDR_PERSIST( 0),    64,    64,     1,   128,[  0,  0],13ef00 |||| COEFF_IN_FINAL <371> ( L,S16b)[ 1, 1,    0, 1]: MSMC( 0),    96,    64,     1,   128,[     0,     0], 6d100
     Src_Flow [     0,     1,     1,     1] [     0,     0,     0]***[    64,     1,     1,     1] [    64,    64,    64]***[     0,     1,     1,     1] [     0,     0,     0]***[2]
     Snk_Flow [     0,     1,     1,     1] [     0,     0,     0]***[    64,     1,     1,     1] [    96,    64,     0]***[     0,     1,     1,     1] [     0,     0,     0]***[2]
 LINK_X_BIAS_IN_FULL_TO_FINAL   46774879664 :  [0,1,1,1]
    COEFF_BIAS_FULL <372> ( L,S16b)[ 1, 1,    0, 1]: DDR_PERSIST( 0),     4,     4,    16,    64,[  0,  0],13ef80 |||| COEFF_IN_BIAS  <373> ( L,S16b)[ 1, 1,    0, 1]: MSMC( 0),     4,     4,     8,    32,[     0,     0], 6d1c0
     Src_Flow [     0,     1,     1,     1] [     0,     0,     0]***[     4,     1,     1,     1] [     4,     4,     4]***[     0,     1,     1,     1] [     0,     0,     0]***[2]
     Snk_Flow [     0,     1,     1,     1] [     0,     0,     0]***[     4,     1,     1,     1] [     4,     4,     0]***[     0,     1,     1,     1] [     0,     0,     0]***[2]
 LINK_P                         46841988528 :  [1,4,1,1]
    FM_IN_PART     <369> ( L,U16b)[ 4, 1,    0, 1]:  L2( 0),  1696,  1696,    64,110336,[  0,  0],     0 |||| FM_FULL        <368> ( L,S16b)[ 4, 1,    0, 1]: MSMC( 0),  2720,  2704,     1,  2752,[     0,     0], 6d200
    COEFF_IN_FINAL  <371> ( L,S16b)[ 1, 1,    0, 1]: MSMC( 0),    96,    64,     1,   128,[  0,  0], 6d100
    COEFF_IN_BIAS   <373> ( L,S16b)[ 1, 1,    0, 1]: MSMC( 0),     4,     4,     8,    32,[  0,  0], 6d1c0
     Src_Flow [     0,     1,     1,     1] [     0,     0,     0]***[   848,    64,     3,     1] [  1696,   848,     0]***[   160,    64,     1,     1] [  1696,   848,     0]***[2]
    Src2_Flow [     0,     1,     1,     1] [     0,     0,     0]***[    64,     1,     1,     1] [    96,    96,     0]***[     0,     1,     1,     1] [     0,     0,     0]***[2]
    Src2_Flow [     0,     1,     1,     1] [     0,     0,     0]***[     4,     1,     1,     1] [     4,     4,     0]***[     0,     1,     1,     1] [     0,     0,     0]***[2]
     Snk_Flow [     0,     1,     1,     1] [     0,     0,     0]***[   848,     1,     3,     1] [  2720,   848,  2720]***[   160,     1,     1,     1] [  2720,   848,     0]***[2]
Padding Info [Row, Col]: Actual  IN -> OUT : [ 0,  0] -> [ 0,  0],  To fill zero OUT: [ 0,  0], Virtual Pad(T,L,B,R): [ 0,  0,  0,  0]

 ------------- 83( 0, 82, 0, 3, 0) [64 x 52 x  52] => [64 x 52 x  52] | TIDL_ConvolutionLayer
 LINK_X_FM_IN_FULL_TO_PART      42949674272 :  [0,2,1,1]
    FM_FULL        <350> ( L,U8b)[ 2, 1,    0, 1]: MSMC( 0),  2752,  2704,    64,176128,[  0,  0], 42100 |||| FM_IN_PART     <375> ( L,U8b)[ 2, 1,    0, 1]:  L2( 0),  3520,  3520,    64,225408,[   128,     0],     0
     Src_Flow [  1749,    64,     1,     1] [  2752,  1749,     0]***[   955,    64,     1,     1] [  2752,  1696,     0]***[     0,     1,     1,     1] [     1,     1,     1]***[2]
     Snk_Flow [  1749,    64,     1,     1] [  3520,  1749,     0]***[   955,    64,     1,     1] [  3520,  1696,     0]***[     0,     1,     1,     1] [     1,     1,     1]***[2]
 LINK_X_COEFF_IN_ANY_TO_FINAL   43000005920 :  [0,1,1,1]
    COEFF_FULL     <376> ( L,S8b)[ 1, 1,    0, 1]: DDR_PERSIST( 0),   576,   576,    64, 37248,[  0,  0],13f000 |||| COEFF_IN_FINAL <377> ( L,S8b)[ 1, 1,    0, 1]: MSMC( 0),   576,   576,    64, 37248,[     0,     0], 6e780
     Src_Flow [     0,     1,     1,     1] [     0,     0,     0]***[   576,    64,     1,     1] [   576,   576, 36864]***[     0,     1,     1,     1] [     0,     0,     0]***[2]
     Snk_Flow [     0,     1,     1,     1] [     0,     0,     0]***[   576,    64,     1,     1] [   576,   576,     0]***[     0,     1,     1,     1] [     0,     0,     0]***[2]
 LINK_X_BIAS_IN_FULL_TO_FINAL   43016783136 :  [0,1,1,1]
    COEFF_BIAS_FULL <378> ( L,S8b)[ 1, 1,    0, 1]: DDR_PERSIST( 0),     6,     6,    64,   384,[  0,  0],148000 |||| COEFF_IN_BIAS  <379> ( L,S8b)[ 1, 1,    0, 1]: MSMC( 0),     6,     6,    64,   384,[     0,     0], 77780
     Src_Flow [     0,     1,     1,     1] [     0,     0,     0]***[     6,    64,     1,     1] [     6,     6,   384]***[     0,     1,     1,     1] [     0,     0,     0]***[2]
     Snk_Flow [     0,     1,     1,     1] [     0,     0,     0]***[     6,    64,     1,     1] [     6,     6,     0]***[     0,     1,     1,     1] [     0,     0,     0]***[2]
 LINK_P                         43083892000 :  [1,2,1,1]
    FM_IN_PART     <375> ( L,U8b)[ 2, 1,    0, 1]:  L2( 0),  3520,  3520,    64,225408,[128,  0],     0 |||| FM_FULL        <374> ( L,U8b)[ 2, 1,    0, 1]: MSMC( 0),  2752,  2704,    64,176128,[     0,     0], 42100
    COEFF_IN_FINAL  <377> ( L,S8b)[ 1, 1,    0, 1]: MSMC( 0),   576,   576,    64, 37248,[  0,  0], 6e780
    COEFF_IN_BIAS   <379> ( L,S8b)[ 1, 1,    0, 1]: MSMC( 0),     6,     6,    64,   384,[  0,  0], 77780
     Src_Flow [  1749,    64,     1,     1] [  3520,  1643,     0]***[  1061,    64,     1,     1] [  3520,  1696,     0]***[     0,     1,     1,     1] [     1,     1,     1]***[2]
    Src2_Flow [     0,     1,     1,     1] [     0,     0,     0]***[   576,    64,     1,     1] [   576, 36864,     0]***[     0,     1,     1,     1] [     0,     0,     0]***[2]
    Src2_Flow [     0,     1,     1,     1] [     0,     0,     0]***[     6,    64,     1,     1] [     6,   384,     0]***[     0,     1,     1,     1] [     0,     0,     0]***[2]
     Snk_Flow [  1696,    64,     1,     1] [  2752,  1696,     0]***[  1008,    64,     1,     1] [  2752,  1696,     0]***[     0,     1,     1,     1] [     1,     1,     1]***[2]
Padding Info [Row, Col]: Actual  IN -> OUT : [ 0,  0] -> [ 0,  0],  To fill zero OUT: [ 0,  0], Virtual Pad(T,L,B,R): [ 1,  1,  1,  1]

 ------------- 84( 0, 86, 0, 3, 0) [64 x 52 x  52] => [64 x 52 x  52] | TIDL_ConvolutionLayer
 LINK_X_FM_IN_FULL_TO_PART      44023416160 :  [0,2,1,1]
    FM_FULL        <374> ( L,U8b)[ 2, 1,    0, 1]: MSMC( 0),  2752,  2704,    64,176128,[  0,  0], 42100 |||| FM_IN_PART     <381> ( L,U8b)[ 2, 1,    0, 1]:  L2( 0),  3520,  3520,    64,225408,[   128,     0],     0
     Src_Flow [  1749,    64,     1,     1] [  2752,  1749,     0]***[   955,    64,     1,     1] [  2752,  1696,     0]***[     0,     1,     1,     1] [     1,     1,     1]***[2]
     Snk_Flow [  1749,    64,     1,     1] [  3520,  1749,     0]***[   955,    64,     1,     1] [  3520,  1696,     0]***[     0,     1,     1,     1] [     1,     1,     1]***[2]
 LINK_X_COEFF_IN_ANY_TO_FINAL   44073747808 :  [0,1,1,1]
    COEFF_FULL     <382> ( L,S8b)[ 1, 1,    0, 1]: DDR_PERSIST( 0),   576,   576,    64, 37248,[  0,  0],148180 |||| COEFF_IN_FINAL <383> ( L,S8b)[ 1, 1,    0, 1]: MSMC( 0),   576,   576,    64, 37248,[     0,     0], 6e780
     Src_Flow [     0,     1,     1,     1] [     0,     0,     0]***[   576,    64,     1,     1] [   576,   576, 36864]***[     0,     1,     1,     1] [     0,     0,     0]***[2]
     Snk_Flow [     0,     1,     1,     1] [     0,     0,     0]***[   576,    64,     1,     1] [   576,   576,     0]***[     0,     1,     1,     1] [     0,     0,     0]***[2]
 LINK_X_BIAS_IN_FULL_TO_FINAL   44090525024 :  [0,1,1,1]
    COEFF_BIAS_FULL <384> ( L,S8b)[ 1, 1,    0, 1]: DDR_PERSIST( 0),     6,     6,    64,   384,[  0,  0],151180 |||| COEFF_IN_BIAS  <385> ( L,S8b)[ 1, 1,    0, 1]: MSMC( 0),     6,     6,    64,   384,[     0,     0], 77780
     Src_Flow [     0,     1,     1,     1] [     0,     0,     0]***[     6,    64,     1,     1] [     6,     6,   384]***[     0,     1,     1,     1] [     0,     0,     0]***[2]
     Snk_Flow [     0,     1,     1,     1] [     0,     0,     0]***[     6,    64,     1,     1] [     6,     6,     0]***[     0,     1,     1,     1] [     0,     0,     0]***[2]
 LINK_P                         44157633888 :  [1,2,1,1]
    FM_IN_PART     <381> ( L,U8b)[ 2, 1,    0, 1]:  L2( 0),  3520,  3520,    64,225408,[128,  0],     0 |||| FM_FULL        <380> ( L,U8b)[ 2, 1,    0, 1]: MSMC( 0),  2752,  2704,    64,176128,[     0,     0], 42100
    COEFF_IN_FINAL  <383> ( L,S8b)[ 1, 1,    0, 1]: MSMC( 0),   576,   576,    64, 37248,[  0,  0], 6e780
    COEFF_IN_BIAS   <385> ( L,S8b)[ 1, 1,    0, 1]: MSMC( 0),     6,     6,    64,   384,[  0,  0], 77780
     Src_Flow [  1749,    64,     1,     1] [  3520,  1643,     0]***[  1061,    64,     1,     1] [  3520,  1696,     0]***[     0,     1,     1,     1] [     1,     1,     1]***[2]
    Src2_Flow [     0,     1,     1,     1] [     0,     0,     0]***[   576,    64,     1,     1] [   576, 36864,     0]***[     0,     1,     1,     1] [     0,     0,     0]***[2]
    Src2_Flow [     0,     1,     1,     1] [     0,     0,     0]***[     6,    64,     1,     1] [     6,   384,     0]***[     0,     1,     1,     1] [     0,     0,     0]***[2]
     Snk_Flow [  1696,    64,     1,     1] [  2752,  1696,     0]***[  1008,    64,     1,     1] [  2752,  1696,     0]***[     0,     1,     1,     1] [     1,     1,     1]***[2]
Padding Info [Row, Col]: Actual  IN -> OUT : [ 0,  0] -> [ 0,  0],  To fill zero OUT: [ 0,  0], Virtual Pad(T,L,B,R): [ 1,  1,  1,  1]

 ------------- 85( 0, 89, 0, 5, 0) [64 x 52 x  52] => [1 x 52 x  52] | TIDL_ConvolutionLayer
 LINK_X_FM_IN_FULL_TO_PART      46170899856 :  [0,4,1,1]
    FM_FULL        <380> ( L,U8b)[ 4, 1,    0, 1]: MSMC( 0),  2752,  2704,    64,176128,[  0,  0], 42100 |||| FM_IN_PART     <387> ( L,U16b)[ 4, 1,    0, 1]:  L2( 0),  1696,  1696,    64,110336,[     0,     0],     0
     Src_Flow [     0,     1,     1,     1] [     0,     0,     0]***[   848,    64,     3,     1] [  2752,   848,176128]***[   160,    64,     1,     1] [  2752,   848,     0]***[2]
     Snk_Flow [     0,     1,     1,     1] [     0,     0,     0]***[   848,    64,     3,     1] [  1696,   848,     0]***[   160,    64,     1,     1] [  1696,   848,     0]***[2]
 LINK_X_COEFF_IN_ANY_TO_FINAL   46221231504 :  [0,1,1,1]
    COEFF_FULL     <388> ( L,S16b)[ 1, 1,    0, 1]: DDR_PERSIST( 0),    64,    64,     1,   128,[  0,  0],151300 |||| COEFF_IN_FINAL <389> ( L,S16b)[ 1, 1,    0, 1]: MSMC( 0),    96,    64,     1,   128,[     0,     0], 6d100
     Src_Flow [     0,     1,     1,     1] [     0,     0,     0]***[    64,     1,     1,     1] [    64,    64,    64]***[     0,     1,     1,     1] [     0,     0,     0]***[2]
     Snk_Flow [     0,     1,     1,     1] [     0,     0,     0]***[    64,     1,     1,     1] [    96,    64,     0]***[     0,     1,     1,     1] [     0,     0,     0]***[2]
 LINK_X_BIAS_IN_FULL_TO_FINAL   46238008720 :  [0,1,1,1]
    COEFF_BIAS_FULL <390> ( L,S16b)[ 1, 1,    0, 1]: DDR_PERSIST( 0),     4,     4,    16,    64,[  0,  0],151380 |||| COEFF_IN_BIAS  <391> ( L,S16b)[ 1, 1,    0, 1]: MSMC( 0),     4,     4,     8,    32,[     0,     0], 6d1c0
     Src_Flow [     0,     1,     1,     1] [     0,     0,     0]***[     4,     1,     1,     1] [     4,     4,     4]***[     0,     1,     1,     1] [     0,     0,     0]***[2]
     Snk_Flow [     0,     1,     1,     1] [     0,     0,     0]***[     4,     1,     1,     1] [     4,     4,     0]***[     0,     1,     1,     1] [     0,     0,     0]***[2]
 LINK_P                         46305117584 :  [1,4,1,1]
    FM_IN_PART     <387> ( L,U16b)[ 4, 1,    0, 1]:  L2( 0),  1696,  1696,    64,110336,[  0,  0],     0 |||| FM_FULL        <386> ( L,S16b)[ 4, 1,    0, 1]: MSMC( 0),  2720,  2704,     1,  2752,[     0,     0], 6e780
    COEFF_IN_FINAL  <389> ( L,S16b)[ 1, 1,    0, 1]: MSMC( 0),    96,    64,     1,   128,[  0,  0], 6d100
    COEFF_IN_BIAS   <391> ( L,S16b)[ 1, 1,    0, 1]: MSMC( 0),     4,     4,     8,    32,[  0,  0], 6d1c0
     Src_Flow [     0,     1,     1,     1] [     0,     0,     0]***[   848,    64,     3,     1] [  1696,   848,     0]***[   160,    64,     1,     1] [  1696,   848,     0]***[2]
    Src2_Flow [     0,     1,     1,     1] [     0,     0,     0]***[    64,     1,     1,     1] [    96,    96,     0]***[     0,     1,     1,     1] [     0,     0,     0]***[2]
    Src2_Flow [     0,     1,     1,     1] [     0,     0,     0]***[     4,     1,     1,     1] [     4,     4,     0]***[     0,     1,     1,     1] [     0,     0,     0]***[2]
     Snk_Flow [     0,     1,     1,     1] [     0,     0,     0]***[   848,     1,     3,     1] [  2720,   848,  2720]***[   160,     1,     1,     1] [  2720,   848,     0]***[2]
Padding Info [Row, Col]: Actual  IN -> OUT : [ 0,  0] -> [ 0,  0],  To fill zero OUT: [ 0,  0], Virtual Pad(T,L,B,R): [ 0,  0,  0,  0]

 ------------- 86( 0, 90, 0, 5, 0) [64 x 52 x  52] => [4 x 52 x  52] | TIDL_ConvolutionLayer
 LINK_X_FM_IN_FULL_TO_PART      46170899872 :  [0,4,1,1]
    FM_FULL        <380> ( L,U8b)[ 4, 1,    0, 1]: MSMC( 0),  2752,  2704,    64,176128,[  0,  0], 42100 |||| FM_IN_PART     <393> ( L,U16b)[ 4, 1,    0, 1]:  L2( 0),  1696,  1696,    64,110336,[     0,     0],     0
     Src_Flow [     0,     1,     1,     1] [     0,     0,     0]***[   848,    64,     3,     1] [  2752,   848,176128]***[   160,    64,     1,     1] [  2752,   848,     0]***[2]
     Snk_Flow [     0,     1,     1,     1] [     0,     0,     0]***[   848,    64,     3,     1] [  1696,   848,     0]***[   160,    64,     1,     1] [  1696,   848,     0]***[2]
 LINK_X_COEFF_IN_ANY_TO_FINAL   46221231520 :  [0,1,1,1]
    COEFF_FULL     <394> ( L,S16b)[ 1, 1,    0, 1]: DDR_PERSIST( 0),    64,    64,     4,   320,[  0,  0],151400 |||| COEFF_IN_FINAL <395> ( L,S16b)[ 1, 1,    0, 1]: MSMC( 0),    96,    64,     4,   448,[     0,     0], 6fd00
     Src_Flow [     0,     1,     1,     1] [     0,     0,     0]***[    64,     4,     1,     1] [    64,    64,   256]***[     0,     1,     1,     1] [     0,     0,     0]***[2]
     Snk_Flow [     0,     1,     1,     1] [     0,     0,     0]***[    64,     4,     1,     1] [    96,    64,     0]***[     0,     1,     1,     1] [     0,     0,     0]***[2]
 LINK_X_BIAS_IN_FULL_TO_FINAL   46238008736 :  [0,1,1,1]
    COEFF_BIAS_FULL <396> ( L,S16b)[ 1, 1,    0, 1]: DDR_PERSIST( 0),     4,     4,    16,    64,[  0,  0],151600 |||| COEFF_IN_BIAS  <397> ( L,S16b)[ 1, 1,    0, 1]: MSMC( 0),     4,     4,    16,    64,[     0,     0], 70000
     Src_Flow [     0,     1,     1,     1] [     0,     0,     0]***[     4,     4,     1,     1] [     4,     4,    16]***[     0,     1,     1,     1] [     0,     0,     0]***[2]
     Snk_Flow [     0,     1,     1,     1] [     0,     0,     0]***[     4,     4,     1,     1] [     4,     4,     0]***[     0,     1,     1,     1] [     0,     0,     0]***[2]
 LINK_P                         46305117600 :  [1,4,1,1]
    FM_IN_PART     <393> ( L,U16b)[ 4, 1,    0, 1]:  L2( 0),  1696,  1696,    64,110336,[  0,  0],     0 |||| FM_FULL        <392> ( L,S16b)[ 4, 1,    0, 1]: MSMC( 0),  2720,  2704,     4, 10880,[     0,     0], 70080
    COEFF_IN_FINAL  <395> ( L,S16b)[ 1, 1,    0, 1]: MSMC( 0),    96,    64,     4,   448,[  0,  0], 6fd00
    COEFF_IN_BIAS   <397> ( L,S16b)[ 1, 1,    0, 1]: MSMC( 0),     4,     4,    16,    64,[  0,  0], 70000
     Src_Flow [     0,     1,     1,     1] [     0,     0,     0]***[   848,    64,     3,     1] [  1696,   848,     0]***[   160,    64,     1,     1] [  1696,   848,     0]***[2]
    Src2_Flow [     0,     1,     1,     1] [     0,     0,     0]***[    64,     4,     1,     1] [    96,   384,     0]***[     0,     1,     1,     1] [     0,     0,     0]***[2]
    Src2_Flow [     0,     1,     1,     1] [     0,     0,     0]***[     4,     4,     1,     1] [     4,    16,     0]***[     0,     1,     1,     1] [     0,     0,     0]***[2]
     Snk_Flow [     0,     1,     1,     1] [     0,     0,     0]***[   848,     4,     3,     1] [  2720,   848, 10880]***[   160,     4,     1,     1] [  2720,   848,     0]***[2]
Padding Info [Row, Col]: Actual  IN -> OUT : [ 0,  0] -> [ 0,  0],  To fill zero OUT: [ 0,  0], Virtual Pad(T,L,B,R): [ 0,  0,  0,  0]

 ------------- 87( 0, 93, 0, 7, 0) [6 x 52 x  52] => [6 x 52 x  52] | TIDL_ConcatLayer
 LINK_X_FM_IN_FULL_TO_PART      48318383568 :  [0,4,1,1]
    FM_FULL        <392> ( L,S16b)[ 4, 1,    0, 1]: MSMC( 0),  2720,  2704,     4, 10880,[  0,  0], 70080 |||| FM_IN_PART     <399> (PP,S16b)[ 4, 1,    0, 1]:  L2( 0),  2730,  2730,     2,  5504,[     0,     0],     0
     Src_Flow [     0,     1,     1,     1] [     0,     0,     0]***[  2704,     1,     4,     1] [  2720,  2720,  2720]***[     0,     1,     1,     1] [     0,     0,     0]***[2]
     Snk_Flow [     0,     1,     1,     1] [     0,     0,     0]***[  2704,     1,     2,     2] [  2730,  2730,     0]***[     0,     1,     1,     1] [     0,     0,     0]***[2]
 LINK_X_FM_IN_FULL_TO_PART      47781512656 :  [4,1,1,1]
    FM_FULL        <386> ( L,S16b)[ 1, 1,    0, 1]: MSMC( 0),  2720,  2704,     1,  2752,[  0,  0], 6e780 |||| FM_IN_PART     <399> (PP,S16b)[ 1, 1,    0, 1]:  L2( 0),  2730,  2730,     2,  5504,[     0,     0],     0
     Src_Flow [     0,     1,     1,     1] [     0,     0,     0]***[  2704,     1,     1,     1] [  2720,  2704,  2720]***[     0,     1,     1,     1] [     0,     0,     0]***[2]
     Snk_Flow [     0,     1,     1,     1] [     0,     0,     0]***[  2704,     1,     1,     1] [  2730,  2730,     0]***[     0,     1,     1,     1] [     0,     0,     0]***[2]
 LINK_X_FM_IN_FULL_TO_PART      48855254480 :  [5,1,1,1]
    FM_FULL        <368> ( L,S16b)[ 1, 1,    0, 1]: MSMC( 0),  2720,  2704,     1,  2752,[  0,  0], 6d200 |||| FM_IN_PART     <399> (PP,S16b)[ 1, 1,    0, 1]:  L2( 0),  2730,  2730,     2,  5504,[  2730,     0],     0
     Src_Flow [     0,     1,     1,     1] [     0,     0,     0]***[  2704,     1,     1,     1] [  2720,  2704,  2720]***[     0,     1,     1,     1] [     0,     0,     0]***[2]
     Snk_Flow [     0,     1,     1,     1] [     0,     0,     0]***[  2704,     1,     1,     1] [  2730, -2730,     0]***[     0,     1,     1,     1] [     0,     0,     0]***[2]
 LINK_P                         48452601296 :  [1,4,1,1]
    FM_IN_PART     <399> (PP,S16b)[ 4, 1,    0, 1]:  L2( 0),  2730,  2730,     2,  5504,[  0,  0],     0 |||| FM_FULL        <398> ( L,S16b)[ 4, 1,    0, 1]: MSMC( 0),  2720,  2704,     6, 16320,[     0,     0], 42100
     Src_Flow [     0,     1,     1,     1] [     0,     0,     0]***[  2704,     1,     2,     2] [  2730,  2730,     0]***[     0,     1,     1,     1] [     0,     0,     0]***[2]
     Snk_Flow [     0,     1,     1,     1] [     0,     0,     0]***[  2704,     1,     4,     1] [  2720,  2720,  2720]***[     0,     1,     1,     1] [     0,     0,     0]***[2]
 LINK_P                         47915730384 :  [5,1,1,1]
    FM_IN_PART     <399> (PP,S16b)[ 1, 1,    0, 1]:  L2( 0),  2730,  2730,     2,  5504,[  0,  0],     0 |||| FM_FULL        <398> ( L,S16b)[ 1, 1,    0, 1]: MSMC( 0),  2720,  2704,     6, 16320,[ 10880,     0], 42100
     Src_Flow [     0,     1,     1,     1] [     0,     0,     0]***[  2704,     1,     1,     1] [  2730,  2730,     0]***[     0,     1,     1,     1] [     0,     0,     0]***[2]
     Snk_Flow [     0,     1,     1,     1] [     0,     0,     0]***[  2704,     1,     1,     1] [  2720,  2704,  2720]***[     0,     1,     1,     1] [     0,     0,     0]***[2]
 LINK_P                         48989472208 :  [6,1,1,1]
    FM_IN_PART     <399> (PP,S16b)[ 1, 1,    0, 1]:  L2( 0),  2730,  2730,     2,  5504,[2730,  0],     0 |||| FM_FULL        <398> ( L,S16b)[ 1, 1,    0, 1]: MSMC( 0),  2720,  2704,     6, 16320,[ 13600,     0], 42100
     Src_Flow [     0,     1,     1,     1] [     0,     0,     0]***[  2704,     1,     1,     1] [  2730, -2730,     0]***[     0,     1,     1,     1] [     0,     0,     0]***[2]
     Snk_Flow [     0,     1,     1,     1] [     0,     0,     0]***[  2704,     1,     1,     1] [  2720,  2704,  2720]***[     0,     1,     1,     1] [     0,     0,     0]***[2]
Padding Info [Row, Col]: Actual  IN -> OUT : [ 0,  0] -> [ 0,  0],  To fill zero OUT: [ 0,  0], Virtual Pad(T,L,B,R): [ 0,  0,  0,  0]

 ------------- 88( 0, 79, 0, 3, 0) [64 x 52 x  52] => [64 x 26 x  26] | TIDL_ConvolutionLayer
 LINK_X_FM_IN_FULL_TO_PART      41875932400 :  [0,2,1,1]
    FM_FULL        <344> ( L,U8b)[ 2, 1,    0, 1]: MSMC( 0),  2752,  2704,    64,176128,[  0,  0], 17100 |||| FM_IN_PART     <401> ( L,U8b)[ 2, 1,    0, 1]:  L2( 0),  3392,  3392,    64,217216,[   128,     0],     0
     Src_Flow [     0,     1,     1,     1] [     0,     0,     0]***[  1664,    64,     1,     1] [  2752,  1664,176128]***[  1040,    64,     1,     1] [  2752,  1664,     0]***[2]
     Snk_Flow [     0,     1,     1,     1] [     0,     0,     0]***[  1664,    64,     1,     1] [  3392,  1664,     0]***[  1040,    64,     1,     1] [  3392,  1664,     0]***[2]
 LINK_X_COEFF_IN_ANY_TO_FINAL   41926264048 :  [0,1,1,1]
    COEFF_FULL     <402> ( L,S8b)[ 1, 1,    0, 1]: DDR_PERSIST( 0),   576,   576,    64, 37248,[  0,  0],151680 |||| COEFF_IN_FINAL <403> ( L,S8b)[ 1, 1,    0, 1]: MSMC( 0),   576,   576,    64, 37248,[     0,     0], 4a080
     Src_Flow [     0,     1,     1,     1] [     0,     0,     0]***[   576,    64,     1,     1] [   576,   576, 36864]***[     0,     1,     1,     1] [     0,     0,     0]***[2]
     Snk_Flow [     0,     1,     1,     1] [     0,     0,     0]***[   576,    64,     1,     1] [   576,   576,     0]***[     0,     1,     1,     1] [     0,     0,     0]***[2]
 LINK_X_BIAS_IN_FULL_TO_FINAL   41943041264 :  [0,1,1,1]
    COEFF_BIAS_FULL <404> ( L,S8b)[ 1, 1,    0, 1]: DDR_PERSIST( 0),     6,     6,    64,   384,[  0,  0],15a680 |||| COEFF_IN_BIAS  <405> ( L,S8b)[ 1, 1,    0, 1]: MSMC( 0),     6,     6,    64,   384,[     0,     0], 53080
     Src_Flow [     0,     1,     1,     1] [     0,     0,     0]***[     6,    64,     1,     1] [     6,     6,   384]***[     0,     1,     1,     1] [     0,     0,     0]***[2]
     Snk_Flow [     0,     1,     1,     1] [     0,     0,     0]***[     6,    64,     1,     1] [     6,     6,     0]***[     0,     1,     1,     1] [     0,     0,     0]***[2]
 LINK_P                         42010150128 :  [1,2,1,1]
    FM_IN_PART     <401> ( L,U8b)[ 2, 1,    0, 1]:  L2( 0),  3392,  3392,    64,217216,[128,  0],     0 |||| FM_FULL        <400> ( L,U8b)[ 2, 1,    0, 1]: MSMC( 0),   704,   676,    64, 45056,[     0,     0], 53200
    COEFF_IN_FINAL  <403> ( L,S8b)[ 1, 1,    0, 1]: MSMC( 0),   576,   576,    64, 37248,[  0,  0], 4a080
    COEFF_IN_BIAS   <405> ( L,S8b)[ 1, 1,    0, 1]: MSMC( 0),     6,     6,    64,   384,[  0,  0], 53080
     Src_Flow [  1664,    64,     1,     1] [  3392,  1612,     0]***[  1092,    64,     1,     1] [  3392,  1664,     0]***[     0,     1,     1,     1] [     1,     1,     1]***[2]
    Src2_Flow [     0,     1,     1,     1] [     0,     0,     0]***[   576,    64,     1,     1] [   576, 36864,     0]***[     0,     1,     1,     1] [     0,     0,     0]***[2]
    Src2_Flow [     0,     1,     1,     1] [     0,     0,     0]***[     6,    64,     1,     1] [     6,   384,     0]***[     0,     1,     1,     1] [     0,     0,     0]***[2]
     Snk_Flow [   416,    64,     1,     1] [   704,   416,     0]***[   260,    64,     1,     1] [   704,   416,     0]***[     0,     1,     1,     1] [     1,     1,     1]***[2]
Padding Info [Row, Col]: Actual  IN -> OUT : [ 0,  0] -> [ 0,  0],  To fill zero OUT: [ 0,  0], Virtual Pad(T,L,B,R): [ 1,  1,  1,  1]

 ------------- 89( 0, 81, 0, 3, 0) [128 x 26 x  26] => [128 x 26 x  26] | TIDL_ConcatLayer
 LINK_X_FM_IN_FULL_TO_PART      42412803344 :  [0,1,1,1]
    FM_FULL        <400> ( L,U8b)[ 1, 1,    0, 1]: MSMC( 0),   704,   676,    64, 45056,[  0,  0], 53200 |||| FM_IN_PART     <407> (PP,U8b)[ 1, 1,    0, 1]:  L2( 0),   832,   832,   128,106496,[     0,     0],     0
     Src_Flow [     0,     1,     1,     1] [     0,     0,     0]***[   676,    64,     1,     1] [   704,   676, 45056]***[     0,     1,     1,     1] [     0,     0,     0]***[2]
     Snk_Flow [     0,     1,     1,     1] [     0,     0,     0]***[   676,    64,     1,     1] [   832, 53248,     0]***[     0,     1,     1,     1] [     0,     0,     0]***[2]
 LINK_X_FM_IN_FULL_TO_PART      37580965136 :  [1,1,1,1]
    FM_FULL        <308> ( L,U8b)[ 1, 1,    0, 1]: MSMC( 0),   832,   728,    64, 53274,[ 26,  0],  a0e6 |||| FM_IN_PART     <407> (PP,U8b)[ 1, 1,    0, 1]:  L2( 0),   832,   832,   128,106496,[ 53248,     0],     0
     Src_Flow [     0,     1,     1,     1] [     0,     0,     0]***[   676,    64,     1,     1] [   832,   676, 53248]***[     0,     1,     1,     1] [     0,     0,     0]***[2]
     Snk_Flow [     0,     1,     1,     1] [     0,     0,     0]***[   676,    64,     1,     1] [   832,-53248,     0]***[     0,     1,     1,     1] [     0,     0,     0]***[2]
 LINK_P                         42547021072 :  [1,1,1,1]
    FM_IN_PART     <407> (PP,U8b)[ 1, 1,    0, 1]:  L2( 0),   832,   832,   128,106496,[  0,  0],     0 |||| FM_FULL        <406> ( L,S8b)[ 1, 1,    0, 1]: MSMC( 0),   704,   676,   128, 90112,[     0,     0], 17100
     Src_Flow [     0,     1,     1,     1] [     0,     0,     0]***[   676,    64,     1,     1] [   832, 53248,     0]***[     0,     1,     1,     1] [     0,     0,     0]***[2]
     Snk_Flow [     0,     1,     1,     1] [     0,     0,     0]***[   676,    64,     1,     1] [   704,   676, 45056]***[     0,     1,     1,     1] [     0,     0,     0]***[2]
 LINK_P                         37715182864 :  [2,1,1,1]
    FM_IN_PART     <407> (PP,U8b)[ 1, 1,    0, 1]:  L2( 0),   832,   832,   128,106496,[53248,  0],     0 |||| FM_FULL        <406> ( L,S8b)[ 1, 1,    0, 1]: MSMC( 0),   704,   676,   128, 90112,[ 45056,     0], 17100
     Src_Flow [     0,     1,     1,     1] [     0,     0,     0]***[   676,    64,     1,     1] [   832,-53248,     0]***[     0,     1,     1,     1] [     0,     0,     0]***[2]
     Snk_Flow [     0,     1,     1,     1] [     0,     0,     0]***[   676,    64,     1,     1] [   704,   676, 45056]***[     0,     1,     1,     1] [     0,     0,     0]***[2]
Padding Info [Row, Col]: Actual  IN -> OUT : [ 1,  0] -> [ 0,  0],  To fill zero OUT: [ 0,  0], Virtual Pad(T,L,B,R): [ 0,  0,  0,  0]

 ------------- 90( 0, 84, 0, 2, 0) [128 x 26 x  26] => [64 x 26 x  26] | TIDL_ConvolutionLayer
 LINK_X_FM_IN_FULL_TO_PART      43486545216 :  [0,1,1,1]
    FM_FULL        <406> ( L,S8b)[ 1, 1,    0, 1]: MSMC( 0),   704,   676,   128, 90112,[  0,  0], 17100 |||| FM_IN_PART     <409> ( L,S8b)[ 1, 1,    0, 1]:  L2( 0),   704,   704,   128, 90240,[     0,     0],     0
     Src_Flow [     0,     1,     1,     1] [     0,     0,     0]***[   676,   128,     1,     1] [   704,   676, 90112]***[     0,     1,     1,     1] [     0,     0,     0]***[2]
     Snk_Flow [     0,     1,     1,     1] [     0,     0,     0]***[   676,   128,     1,     1] [   704,   676,     0]***[     0,     1,     1,     1] [     0,     0,     0]***[2]
 LINK_X_COEFF_IN_ANY_TO_FINAL   43536876864 :  [0,1,1,1]
    COEFF_FULL     <410> ( L,S8b)[ 1, 1,    0, 1]: DDR_PERSIST( 0),   128,   128,    64,  8576,[  0,  0],15a800 |||| COEFF_IN_FINAL <411> ( L,S8b)[ 1, 1,    0, 1]: MSMC( 0),   192,   128,    64, 12672,[     0,     0],  a080
     Src_Flow [     0,     1,     1,     1] [     0,     0,     0]***[   128,    64,     1,     1] [   128,   128,  8192]***[     0,     1,     1,     1] [     0,     0,     0]***[2]
     Snk_Flow [     0,     1,     1,     1] [     0,     0,     0]***[   128,    64,     1,     1] [   192,   128,     0]***[     0,     1,     1,     1] [     0,     0,     0]***[2]
 LINK_X_BIAS_IN_FULL_TO_FINAL   43553654080 :  [0,1,1,1]
    COEFF_BIAS_FULL <412> ( L,S8b)[ 1, 1,    0, 1]: DDR_PERSIST( 0),     6,     6,    64,   384,[  0,  0],15c800 |||| COEFF_IN_BIAS  <413> ( L,S8b)[ 1, 1,    0, 1]: MSMC( 0),     6,     6,    64,   384,[     0,     0],  d080
     Src_Flow [     0,     1,     1,     1] [     0,     0,     0]***[     6,    64,     1,     1] [     6,     6,   384]***[     0,     1,     1,     1] [     0,     0,     0]***[2]
     Snk_Flow [     0,     1,     1,     1] [     0,     0,     0]***[     6,    64,     1,     1] [     6,     6,     0]***[     0,     1,     1,     1] [     0,     0,     0]***[2]
 LINK_P                         43620762944 :  [1,1,1,1]
    FM_IN_PART     <409> ( L,S8b)[ 1, 1,    0, 1]:  L2( 0),   704,   704,   128, 90240,[  0,  0],     0 |||| FM_FULL        <408> ( L,U8b)[ 1, 1,    0, 1]: MSMC( 0),   704,   676,    64, 45056,[     0,     0], 2d100
    COEFF_IN_FINAL  <411> ( L,S8b)[ 1, 1,    0, 1]: MSMC( 0),   192,   128,    64, 12672,[  0,  0],  a080
    COEFF_IN_BIAS   <413> ( L,S8b)[ 1, 1,    0, 1]: MSMC( 0),     6,     6,    64,   384,[  0,  0],  d080
     Src_Flow [     0,     1,     1,     1] [     0,     0,     0]***[   676,   128,     1,     1] [   704,   676,     0]***[     0,     1,     1,     1] [     0,     0,     0]***[2]
    Src2_Flow [     0,     1,     1,     1] [     0,     0,     0]***[   128,    64,     1,     1] [   192, 12288,     0]***[     0,     1,     1,     1] [     0,     0,     0]***[2]
    Src2_Flow [     0,     1,     1,     1] [     0,     0,     0]***[     6,    64,     1,     1] [     6,   384,     0]***[     0,     1,     1,     1] [     0,     0,     0]***[2]
     Snk_Flow [     0,     1,     1,     1] [     0,     0,     0]***[   676,    64,     1,     1] [   704,   676, 45056]***[     0,     1,     1,     1] [     0,     0,     0]***[2]
Padding Info [Row, Col]: Actual  IN -> OUT : [ 0,  0] -> [ 0,  0],  To fill zero OUT: [ 0,  0], Virtual Pad(T,L,B,R): [ 0,  0,  0,  0]

 ------------- 91( 0, 88, 0, 2, 0) [64 x 26 x  26] => [64 x 26 x  26] | TIDL_ConvolutionLayer
 LINK_X_FM_IN_FULL_TO_PART      45097158016 :  [0,1,1,1]
    FM_FULL        <408> ( L,U8b)[ 1, 1,    0, 1]: MSMC( 0),   704,   676,    64, 45056,[  0,  0], 2d100 |||| FM_IN_PART     <415> ( L,U8b)[ 1, 1,    0, 1]:  L2( 0),   704,   704,    64, 45184,[     0,     0],     0
     Src_Flow [     0,     1,     1,     1] [     0,     0,     0]***[   676,    64,     1,     1] [   704,   676, 45056]***[     0,     1,     1,     1] [     0,     0,     0]***[2]
     Snk_Flow [     0,     1,     1,     1] [     0,     0,     0]***[   676,    64,     1,     1] [   704,   676,     0]***[     0,     1,     1,     1] [     0,     0,     0]***[2]
 LINK_X_COEFF_IN_ANY_TO_FINAL   45147489664 :  [0,1,1,1]
    COEFF_FULL     <416> ( L,S8b)[ 1, 1,    0, 1]: DDR_PERSIST( 0),    64,    64,    64,  4480,[  0,  0],15c980 |||| COEFF_IN_FINAL <417> ( L,S8b)[ 1, 1,    0, 1]: MSMC( 0),    64,    64,    64,  4480,[     0,     0],  a080
     Src_Flow [     0,     1,     1,     1] [     0,     0,     0]***[    64,    64,     1,     1] [    64,    64,  4096]***[     0,     1,     1,     1] [     0,     0,     0]***[2]
     Snk_Flow [     0,     1,     1,     1] [     0,     0,     0]***[    64,    64,     1,     1] [    64,    64,     0]***[     0,     1,     1,     1] [     0,     0,     0]***[2]
 LINK_X_BIAS_IN_FULL_TO_FINAL   45164266880 :  [0,1,1,1]
    COEFF_BIAS_FULL <418> ( L,S8b)[ 1, 1,    0, 1]: DDR_PERSIST( 0),     6,     6,    64,   384,[  0,  0],15d980 |||| COEFF_IN_BIAS  <419> ( L,S8b)[ 1, 1,    0, 1]: MSMC( 0),     6,     6,    64,   384,[     0,     0],  b080
     Src_Flow [     0,     1,     1,     1] [     0,     0,     0]***[     6,    64,     1,     1] [     6,     6,   384]***[     0,     1,     1,     1] [     0,     0,     0]***[2]
     Snk_Flow [     0,     1,     1,     1] [     0,     0,     0]***[     6,    64,     1,     1] [     6,     6,     0]***[     0,     1,     1,     1] [     0,     0,     0]***[2]
 LINK_P                         45231375744 :  [1,1,1,1]
    FM_IN_PART     <415> ( L,U8b)[ 1, 1,    0, 1]:  L2( 0),   704,   704,    64, 45184,[  0,  0],     0 |||| FM_FULL        <414> ( L,U8b)[ 1, 1,    0, 1]: MSMC( 0),   704,   676,    64, 45056,[     0,     0], 2d100
    COEFF_IN_FINAL  <417> ( L,S8b)[ 1, 1,    0, 1]: MSMC( 0),    64,    64,    64,  4480,[  0,  0],  a080
    COEFF_IN_BIAS   <419> ( L,S8b)[ 1, 1,    0, 1]: MSMC( 0),     6,     6,    64,   384,[  0,  0],  b080
     Src_Flow [     0,     1,     1,     1] [     0,     0,     0]***[   676,    64,     1,     1] [   704,   676,     0]***[     0,     1,     1,     1] [     0,     0,     0]***[2]
    Src2_Flow [     0,     1,     1,     1] [     0,     0,     0]***[    64,    64,     1,     1] [    64,  4096,     0]***[     0,     1,     1,     1] [     0,     0,     0]***[2]
    Src2_Flow [     0,     1,     1,     1] [     0,     0,     0]***[     6,    64,     1,     1] [     6,   384,     0]***[     0,     1,     1,     1] [     0,     0,     0]***[2]
     Snk_Flow [     0,     1,     1,     1] [     0,     0,     0]***[   676,    64,     1,     1] [   704,   676, 45056]***[     0,     1,     1,     1] [     0,     0,     0]***[2]
Padding Info [Row, Col]: Actual  IN -> OUT : [ 0,  0] -> [ 0,  0],  To fill zero OUT: [ 0,  0], Virtual Pad(T,L,B,R): [ 0,  0,  0,  0]

 ------------- 92( 0, 92, 0, 2, 0) [64 x 26 x  26] => [64 x 26 x  26] | TIDL_ConvolutionLayer
 LINK_X_FM_IN_FULL_TO_PART      47244641728 :  [0,1,1,1]
    FM_FULL        <414> ( L,U8b)[ 1, 1,    0, 1]: MSMC( 0),   704,   676,    64, 45056,[  0,  0], 2d100 |||| FM_IN_PART     <421> ( L,U8b)[ 1, 1,    0, 1]:  L2( 0),   704,   704,    64, 45824,[   128,     0],     0
     Src_Flow [     0,     1,     1,     1] [     0,     0,     0]***[   676,    64,     1,     1] [   704,   676, 45056]***[     0,     1,     1,     1] [     0,     0,     0]***[2]
     Snk_Flow [     0,     1,     1,     1] [     0,     0,     0]***[   676,    64,     1,     1] [   704,   676,     0]***[     0,     1,     1,     1] [     0,     0,     0]***[2]
 LINK_X_COEFF_IN_ANY_TO_FINAL   47294973376 :  [0,1,1,1]
    COEFF_FULL     <422> ( L,S8b)[ 1, 1,    0, 1]: DDR_PERSIST( 0),   576,   576,    64, 37248,[  0,  0],15db00 |||| COEFF_IN_FINAL <423> ( L,S8b)[ 1, 1,    0, 1]: MSMC( 0),   576,   576,    64, 37248,[     0,     0],  a080
     Src_Flow [     0,     1,     1,     1] [     0,     0,     0]***[   576,    64,     1,     1] [   576,   576, 36864]***[     0,     1,     1,     1] [     0,     0,     0]***[2]
     Snk_Flow [     0,     1,     1,     1] [     0,     0,     0]***[   576,    64,     1,     1] [   576,   576,     0]***[     0,     1,     1,     1] [     0,     0,     0]***[2]
 LINK_X_BIAS_IN_FULL_TO_FINAL   47311750592 :  [0,1,1,1]
    COEFF_BIAS_FULL <424> ( L,S8b)[ 1, 1,    0, 1]: DDR_PERSIST( 0),     6,     6,    64,   384,[  0,  0],166b00 |||| COEFF_IN_BIAS  <425> ( L,S8b)[ 1, 1,    0, 1]: MSMC( 0),     6,     6,    64,   384,[     0,     0], 13080
     Src_Flow [     0,     1,     1,     1] [     0,     0,     0]***[     6,    64,     1,     1] [     6,     6,   384]***[     0,     1,     1,     1] [     0,     0,     0]***[2]
     Snk_Flow [     0,     1,     1,     1] [     0,     0,     0]***[     6,    64,     1,     1] [     6,     6,     0]***[     0,     1,     1,     1] [     0,     0,     0]***[2]
 LINK_P                         47378859456 :  [1,1,1,1]
    FM_IN_PART     <421> ( L,U8b)[ 1, 1,    0, 1]:  L2( 0),   704,   704,    64, 45824,[128,  0],     0 |||| FM_FULL        <420> ( L,U8b)[ 1, 1,    0, 1]: MSMC( 0),   704,   676,    64, 45056,[     0,     0], 2d100
    COEFF_IN_FINAL  <423> ( L,S8b)[ 1, 1,    0, 1]: MSMC( 0),   576,   576,    64, 37248,[  0,  0],  a080
    COEFF_IN_BIAS   <425> ( L,S8b)[ 1, 1,    0, 1]: MSMC( 0),     6,     6,    64,   384,[  0,  0], 13080
     Src_Flow [     0,     1,     1,     1] [     0,     0,     0]***[   676,    64,     1,     1] [   704,   676,     0]***[     0,     1,     1,     1] [     1,     1,     1]***[2]
    Src2_Flow [     0,     1,     1,     1] [     0,     0,     0]***[   576,    64,     1,     1] [   576, 36864,     0]***[     0,     1,     1,     1] [     0,     0,     0]***[2]
    Src2_Flow [     0,     1,     1,     1] [     0,     0,     0]***[     6,    64,     1,     1] [     6,   384,     0]***[     0,     1,     1,     1] [     0,     0,     0]***[2]
     Snk_Flow [     0,     1,     1,     1] [     0,     0,     0]***[   676,    64,     1,     1] [   704,   676, 45056]***[     0,     1,     1,     1] [     0,     0,     0]***[2]
Padding Info [Row, Col]: Actual  IN -> OUT : [ 0,  0] -> [ 0,  0],  To fill zero OUT: [ 0,  0], Virtual Pad(T,L,B,R): [ 1,  1,  1,  1]

 ------------- 93( 0, 85, 0, 2, 0) [128 x 26 x  26] => [64 x 26 x  26] | TIDL_ConvolutionLayer
 LINK_X_FM_IN_FULL_TO_PART      43486545232 :  [0,1,1,1]
    FM_FULL        <406> ( L,S8b)[ 1, 1,    0, 1]: MSMC( 0),   704,   676,   128, 90112,[  0,  0], 17100 |||| FM_IN_PART     <427> ( L,S8b)[ 1, 1,    0, 1]:  L2( 0),   704,   704,   128, 90240,[     0,     0],     0
     Src_Flow [     0,     1,     1,     1] [     0,     0,     0]***[   676,   128,     1,     1] [   704,   676, 90112]***[     0,     1,     1,     1] [     0,     0,     0]***[2]
     Snk_Flow [     0,     1,     1,     1] [     0,     0,     0]***[   676,   128,     1,     1] [   704,   676,     0]***[     0,     1,     1,     1] [     0,     0,     0]***[2]
 LINK_X_COEFF_IN_ANY_TO_FINAL   43536876880 :  [0,1,1,1]
    COEFF_FULL     <428> ( L,S8b)[ 1, 1,    0, 1]: DDR_PERSIST( 0),   128,   128,    64,  8576,[  0,  0],166c80 |||| COEFF_IN_FINAL <429> ( L,S8b)[ 1, 1,    0, 1]: MSMC( 0),   192,   128,    64, 12672,[     0,     0],  a080
     Src_Flow [     0,     1,     1,     1] [     0,     0,     0]***[   128,    64,     1,     1] [   128,   128,  8192]***[     0,     1,     1,     1] [     0,     0,     0]***[2]
     Snk_Flow [     0,     1,     1,     1] [     0,     0,     0]***[   128,    64,     1,     1] [   192,   128,     0]***[     0,     1,     1,     1] [     0,     0,     0]***[2]
 LINK_X_BIAS_IN_FULL_TO_FINAL   43553654096 :  [0,1,1,1]
    COEFF_BIAS_FULL <430> ( L,S8b)[ 1, 1,    0, 1]: DDR_PERSIST( 0),     6,     6,    64,   384,[  0,  0],168c80 |||| COEFF_IN_BIAS  <431> ( L,S8b)[ 1, 1,    0, 1]: MSMC( 0),     6,     6,    64,   384,[     0,     0],  d080
     Src_Flow [     0,     1,     1,     1] [     0,     0,     0]***[     6,    64,     1,     1] [     6,     6,   384]***[     0,     1,     1,     1] [     0,     0,     0]***[2]
     Snk_Flow [     0,     1,     1,     1] [     0,     0,     0]***[     6,    64,     1,     1] [     6,     6,     0]***[     0,     1,     1,     1] [     0,     0,     0]***[2]
 LINK_P                         43620762960 :  [1,1,1,1]
    FM_IN_PART     <427> ( L,S8b)[ 1, 1,    0, 1]:  L2( 0),   704,   704,   128, 90240,[  0,  0],     0 |||| FM_FULL        <426> ( L,U8b)[ 1, 1,    0, 1]: MSMC( 0),   704,   676,    64, 45056,[     0,     0],  d700
    COEFF_IN_FINAL  <429> ( L,S8b)[ 1, 1,    0, 1]: MSMC( 0),   192,   128,    64, 12672,[  0,  0],  a080
    COEFF_IN_BIAS   <431> ( L,S8b)[ 1, 1,    0, 1]: MSMC( 0),     6,     6,    64,   384,[  0,  0],  d080
     Src_Flow [     0,     1,     1,     1] [     0,     0,     0]***[   676,   128,     1,     1] [   704,   676,     0]***[     0,     1,     1,     1] [     0,     0,     0]***[2]
    Src2_Flow [     0,     1,     1,     1] [     0,     0,     0]***[   128,    64,     1,     1] [   192, 12288,     0]***[     0,     1,     1,     1] [     0,     0,     0]***[2]
    Src2_Flow [     0,     1,     1,     1] [     0,     0,     0]***[     6,    64,     1,     1] [     6,   384,     0]***[     0,     1,     1,     1] [     0,     0,     0]***[2]
     Snk_Flow [     0,     1,     1,     1] [     0,     0,     0]***[   676,    64,     1,     1] [   704,   676, 45056]***[     0,     1,     1,     1] [     0,     0,     0]***[2]
Padding Info [Row, Col]: Actual  IN -> OUT : [ 0,  0] -> [ 0,  0],  To fill zero OUT: [ 0,  0], Virtual Pad(T,L,B,R): [ 0,  0,  0,  0]

 ------------- 94( 0, 94, 0, 3, 0) [128 x 26 x  26] => [128 x 26 x  26] | TIDL_ConcatLayer
 LINK_X_FM_IN_FULL_TO_PART      49392125408 :  [0,1,1,1]
    FM_FULL        <420> ( L,U8b)[ 1, 1,    0, 1]: MSMC( 0),   704,   676,    64, 45056,[  0,  0], 2d100 |||| FM_IN_PART     <433> (PP,U8b)[ 1, 1,    0, 1]:  L2( 0),   728,   728,   128, 93184,[     0,     0],     0
     Src_Flow [     0,     1,     1,     1] [     0,     0,     0]***[   676,    64,     1,     1] [   704,   676, 45056]***[     0,     1,     1,     1] [     0,     0,     0]***[2]
     Snk_Flow [     0,     1,     1,     1] [     0,     0,     0]***[   676,    64,     1,     1] [   728, 46592,     0]***[     0,     1,     1,     1] [     0,     0,     0]***[2]
 LINK_X_FM_IN_FULL_TO_PART      45634029024 :  [1,1,1,1]
    FM_FULL        <426> ( L,U8b)[ 1, 1,    0, 1]: MSMC( 0),   704,   676,    64, 45056,[  0,  0],  d700 |||| FM_IN_PART     <433> (PP,U8b)[ 1, 1,    0, 1]:  L2( 0),   728,   728,   128, 93184,[ 46592,     0],     0
     Src_Flow [     0,     1,     1,     1] [     0,     0,     0]***[   676,    64,     1,     1] [   704,   676, 45056]***[     0,     1,     1,     1] [     0,     0,     0]***[2]
     Snk_Flow [     0,     1,     1,     1] [     0,     0,     0]***[   676,    64,     1,     1] [   728,-46592,     0]***[     0,     1,     1,     1] [     0,     0,     0]***[2]
 LINK_P                         49526343136 :  [1,1,1,1]
    FM_IN_PART     <433> (PP,U8b)[ 1, 1,    0, 1]:  L2( 0),   728,   728,   128, 93184,[  0,  0],     0 |||| FM_FULL        <432> ( L,S8b)[ 1, 1,    0, 1]: MSMC( 0),   704,   676,   128, 90112,[     0,     0], 18780
     Src_Flow [     0,     1,     1,     1] [     0,     0,     0]***[   676,    64,     1,     1] [   728, 46592,     0]***[     0,     1,     1,     1] [     0,     0,     0]***[2]
     Snk_Flow [     0,     1,     1,     1] [     0,     0,     0]***[   676,    64,     1,     1] [   704,   676, 45056]***[     0,     1,     1,     1] [     0,     0,     0]***[2]
 LINK_P                         45768246752 :  [2,1,1,1]
    FM_IN_PART     <433> (PP,U8b)[ 1, 1,    0, 1]:  L2( 0),   728,   728,   128, 93184,[46592,  0],     0 |||| FM_FULL        <432> ( L,S8b)[ 1, 1,    0, 1]: MSMC( 0),   704,   676,   128, 90112,[ 45056,     0], 18780
     Src_Flow [     0,     1,     1,     1] [     0,     0,     0]***[   676,    64,     1,     1] [   728,-46592,     0]***[     0,     1,     1,     1] [     0,     0,     0]***[2]
     Snk_Flow [     0,     1,     1,     1] [     0,     0,     0]***[   676,    64,     1,     1] [   704,   676, 45056]***[     0,     1,     1,     1] [     0,     0,     0]***[2]
Padding Info [Row, Col]: Actual  IN -> OUT : [ 0,  0] -> [ 0,  0],  To fill zero OUT: [ 0,  0], Virtual Pad(T,L,B,R): [ 0,  0,  0,  0]

 ------------- 95( 0, 95, 0, 2, 0) [128 x 26 x  26] => [128 x 26 x  26] | TIDL_ConvolutionLayer
 LINK_X_FM_IN_FULL_TO_PART      50465867248 :  [0,1,1,1]
    FM_FULL        <432> ( L,S8b)[ 1, 1,    0, 1]: MSMC( 0),   704,   676,   128, 90112,[  0,  0], 18780 |||| FM_IN_PART     <435> ( L,S8b)[ 1, 1,    0, 1]:  L2( 0),   704,   704,   128, 90240,[     0,     0],     0
     Src_Flow [     0,     1,     1,     1] [     0,     0,     0]***[   676,   128,     1,     1] [   704,   676, 90112]***[     0,     1,     1,     1] [     0,     0,     0]***[2]
     Snk_Flow [     0,     1,     1,     1] [     0,     0,     0]***[   676,   128,     1,     1] [   704,   676,     0]***[     0,     1,     1,     1] [     0,     0,     0]***[2]
 LINK_X_COEFF_IN_ANY_TO_FINAL   50516198896 :  [0,1,1,1]
    COEFF_FULL     <436> ( L,S8b)[ 1, 1,    0, 1]: DDR_PERSIST( 0),   128,   128,   128, 17152,[  0,  0],168e00 |||| COEFF_IN_FINAL <437> ( L,S8b)[ 1, 1,    0, 1]: MSMC( 0),   192,   128,   128, 25344,[     0,     0], 2e780
     Src_Flow [     0,     1,     1,     1] [     0,     0,     0]***[   128,   128,     1,     1] [   128,   128, 16384]***[     0,     1,     1,     1] [     0,     0,     0]***[2]
     Snk_Flow [     0,     1,     1,     1] [     0,     0,     0]***[   128,   128,     1,     1] [   192,   128,     0]***[     0,     1,     1,     1] [     0,     0,     0]***[2]
 LINK_X_BIAS_IN_FULL_TO_FINAL   50532976112 :  [0,1,1,1]
    COEFF_BIAS_FULL <438> ( L,S8b)[ 1, 1,    0, 1]: DDR_PERSIST( 0),     6,     6,   128,   768,[  0,  0],16ce00 |||| COEFF_IN_BIAS  <439> ( L,S8b)[ 1, 1,    0, 1]: MSMC( 0),     6,     6,   128,   768,[     0,     0], 34780
     Src_Flow [     0,     1,     1,     1] [     0,     0,     0]***[     6,   128,     1,     1] [     6,     6,   768]***[     0,     1,     1,     1] [     0,     0,     0]***[2]
     Snk_Flow [     0,     1,     1,     1] [     0,     0,     0]***[     6,   128,     1,     1] [     6,     6,     0]***[     0,     1,     1,     1] [     0,     0,     0]***[2]
 LINK_P                         50600084976 :  [1,1,1,1]
    FM_IN_PART     <435> ( L,S8b)[ 1, 1,    0, 1]:  L2( 0),   704,   704,   128, 90240,[  0,  0],     0 |||| FM_FULL        <434> ( L,U8b)[ 1, 1,    0, 1]: MSMC( 0),   704,   676,   128, 90112,[     0,     0],  a080
    COEFF_IN_FINAL  <437> ( L,S8b)[ 1, 1,    0, 1]: MSMC( 0),   192,   128,   128, 25344,[  0,  0], 2e780
    COEFF_IN_BIAS   <439> ( L,S8b)[ 1, 1,    0, 1]: MSMC( 0),     6,     6,   128,   768,[  0,  0], 34780
     Src_Flow [     0,     1,     1,     1] [     0,     0,     0]***[   676,   128,     1,     1] [   704,   676,     0]***[     0,     1,     1,     1] [     0,     0,     0]***[2]
    Src2_Flow [     0,     1,     1,     1] [     0,     0,     0]***[   128,   128,     1,     1] [   192, 24576,     0]***[     0,     1,     1,     1] [     0,     0,     0]***[2]
    Src2_Flow [     0,     1,     1,     1] [     0,     0,     0]***[     6,   128,     1,     1] [     6,   768,     0]***[     0,     1,     1,     1] [     0,     0,     0]***[2]
     Snk_Flow [     0,     1,     1,     1] [     0,     0,     0]***[   676,   128,     1,     1] [   704,   676, 90112]***[     0,     1,     1,     1] [     0,     0,     0]***[2]
Padding Info [Row, Col]: Actual  IN -> OUT : [ 0,  0] -> [ 0,  0],  To fill zero OUT: [ 0,  0], Virtual Pad(T,L,B,R): [ 0,  0,  0,  0]

 ------------- 96( 0, 97, 0, 2, 0) [128 x 26 x  26] => [64 x 26 x  26] | TIDL_ConvolutionLayer
 LINK_X_FM_IN_FULL_TO_PART      51002738192 :  [0,1,1,1]
    FM_FULL        <434> ( L,U8b)[ 1, 1,    0, 1]: MSMC( 0),   704,   676,   128, 90112,[  0,  0],  a080 |||| FM_IN_PART     <441> ( L,U8b)[ 1, 1,    0, 1]:  L2( 0),   704,   704,   128, 90240,[     0,     0],     0
     Src_Flow [     0,     1,     1,     1] [     0,     0,     0]***[   676,   128,     1,     1] [   704,   676, 90112]***[     0,     1,     1,     1] [     0,     0,     0]***[2]
     Snk_Flow [     0,     1,     1,     1] [     0,     0,     0]***[   676,   128,     1,     1] [   704,   676,     0]***[     0,     1,     1,     1] [     0,     0,     0]***[2]
 LINK_X_COEFF_IN_ANY_TO_FINAL   51053069840 :  [0,1,1,1]
    COEFF_FULL     <442> ( L,S8b)[ 1, 1,    0, 1]: DDR_PERSIST( 0),   128,   128,    64,  8576,[  0,  0],16d100 |||| COEFF_IN_FINAL <443> ( L,S8b)[ 1, 1,    0, 1]: MSMC( 0),   192,   128,    64, 12672,[     0,     0], 2b080
     Src_Flow [     0,     1,     1,     1] [     0,     0,     0]***[   128,    64,     1,     1] [   128,   128,  8192]***[     0,     1,     1,     1] [     0,     0,     0]***[2]
     Snk_Flow [     0,     1,     1,     1] [     0,     0,     0]***[   128,    64,     1,     1] [   192,   128,     0]***[     0,     1,     1,     1] [     0,     0,     0]***[2]
 LINK_X_BIAS_IN_FULL_TO_FINAL   51069847056 :  [0,1,1,1]
    COEFF_BIAS_FULL <444> ( L,S8b)[ 1, 1,    0, 1]: DDR_PERSIST( 0),     6,     6,    64,   384,[  0,  0],16f100 |||| COEFF_IN_BIAS  <445> ( L,S8b)[ 1, 1,    0, 1]: MSMC( 0),     6,     6,    64,   384,[     0,     0], 2e080
     Src_Flow [     0,     1,     1,     1] [     0,     0,     0]***[     6,    64,     1,     1] [     6,     6,   384]***[     0,     1,     1,     1] [     0,     0,     0]***[2]
     Snk_Flow [     0,     1,     1,     1] [     0,     0,     0]***[     6,    64,     1,     1] [     6,     6,     0]***[     0,     1,     1,     1] [     0,     0,     0]***[2]
 LINK_P                         51136955920 :  [1,1,1,1]
    FM_IN_PART     <441> ( L,U8b)[ 1, 1,    0, 1]:  L2( 0),   704,   704,   128, 90240,[  0,  0],     0 |||| FM_FULL        <440> ( L,U8b)[ 1, 1,    0, 1]: MSMC( 0),   704,   676,    64, 45056,[     0,     0], 20080
    COEFF_IN_FINAL  <443> ( L,S8b)[ 1, 1,    0, 1]: MSMC( 0),   192,   128,    64, 12672,[  0,  0], 2b080
    COEFF_IN_BIAS   <445> ( L,S8b)[ 1, 1,    0, 1]: MSMC( 0),     6,     6,    64,   384,[  0,  0], 2e080
     Src_Flow [     0,     1,     1,     1] [     0,     0,     0]***[   676,   128,     1,     1] [   704,   676,     0]***[     0,     1,     1,     1] [     0,     0,     0]***[2]
    Src2_Flow [     0,     1,     1,     1] [     0,     0,     0]***[   128,    64,     1,     1] [   192, 12288,     0]***[     0,     1,     1,     1] [     0,     0,     0]***[2]
    Src2_Flow [     0,     1,     1,     1] [     0,     0,     0]***[     6,    64,     1,     1] [     6,   384,     0]***[     0,     1,     1,     1] [     0,     0,     0]***[2]
     Snk_Flow [     0,     1,     1,     1] [     0,     0,     0]***[   676,    64,     1,     1] [   704,   676, 45056]***[     0,     1,     1,     1] [     0,     0,     0]***[2]
Padding Info [Row, Col]: Actual  IN -> OUT : [ 0,  0] -> [ 0,  0],  To fill zero OUT: [ 0,  0], Virtual Pad(T,L,B,R): [ 0,  0,  0,  0]

 ------------- 97( 0, 100, 0, 2, 0) [64 x 26 x  26] => [64 x 26 x  26] | TIDL_ConvolutionLayer
 LINK_X_FM_IN_FULL_TO_PART      52076480064 :  [0,1,1,1]
    FM_FULL        <440> ( L,U8b)[ 1, 1,    0, 1]: MSMC( 0),   704,   676,    64, 45056,[  0,  0], 20080 |||| FM_IN_PART     <447> ( L,U8b)[ 1, 1,    0, 1]:  L2( 0),   704,   704,    64, 45824,[   128,     0],     0
     Src_Flow [     0,     1,     1,     1] [     0,     0,     0]***[   676,    64,     1,     1] [   704,   676, 45056]***[     0,     1,     1,     1] [     0,     0,     0]***[2]
     Snk_Flow [     0,     1,     1,     1] [     0,     0,     0]***[   676,    64,     1,     1] [   704,   676,     0]***[     0,     1,     1,     1] [     0,     0,     0]***[2]
 LINK_X_COEFF_IN_ANY_TO_FINAL   52126811712 :  [0,1,1,1]
    COEFF_FULL     <448> ( L,S8b)[ 1, 1,    0, 1]: DDR_PERSIST( 0),   576,   576,    64, 37248,[  0,  0],16f280 |||| COEFF_IN_FINAL <449> ( L,S8b)[ 1, 1,    0, 1]: MSMC( 0),   576,   576,    64, 37248,[     0,     0], 2b080
     Src_Flow [     0,     1,     1,     1] [     0,     0,     0]***[   576,    64,     1,     1] [   576,   576, 36864]***[     0,     1,     1,     1] [     0,     0,     0]***[2]
     Snk_Flow [     0,     1,     1,     1] [     0,     0,     0]***[   576,    64,     1,     1] [   576,   576,     0]***[     0,     1,     1,     1] [     0,     0,     0]***[2]
 LINK_X_BIAS_IN_FULL_TO_FINAL   52143588928 :  [0,1,1,1]
    COEFF_BIAS_FULL <450> ( L,S8b)[ 1, 1,    0, 1]: DDR_PERSIST( 0),     6,     6,    64,   384,[  0,  0],178280 |||| COEFF_IN_BIAS  <451> ( L,S8b)[ 1, 1,    0, 1]: MSMC( 0),     6,     6,    64,   384,[     0,     0], 34080
     Src_Flow [     0,     1,     1,     1] [     0,     0,     0]***[     6,    64,     1,     1] [     6,     6,   384]***[     0,     1,     1,     1] [     0,     0,     0]***[2]
     Snk_Flow [     0,     1,     1,     1] [     0,     0,     0]***[     6,    64,     1,     1] [     6,     6,     0]***[     0,     1,     1,     1] [     0,     0,     0]***[2]
 LINK_P                         52210697792 :  [1,1,1,1]
    FM_IN_PART     <447> ( L,U8b)[ 1, 1,    0, 1]:  L2( 0),   704,   704,    64, 45824,[128,  0],     0 |||| FM_FULL        <446> ( L,U8b)[ 1, 1,    0, 1]: MSMC( 0),   704,   676,    64, 45056,[     0,     0], 34200
    COEFF_IN_FINAL  <449> ( L,S8b)[ 1, 1,    0, 1]: MSMC( 0),   576,   576,    64, 37248,[  0,  0], 2b080
    COEFF_IN_BIAS   <451> ( L,S8b)[ 1, 1,    0, 1]: MSMC( 0),     6,     6,    64,   384,[  0,  0], 34080
     Src_Flow [     0,     1,     1,     1] [     0,     0,     0]***[   676,    64,     1,     1] [   704,   676,     0]***[     0,     1,     1,     1] [     1,     1,     1]***[2]
    Src2_Flow [     0,     1,     1,     1] [     0,     0,     0]***[   576,    64,     1,     1] [   576, 36864,     0]***[     0,     1,     1,     1] [     0,     0,     0]***[2]
    Src2_Flow [     0,     1,     1,     1] [     0,     0,     0]***[     6,    64,     1,     1] [     6,   384,     0]***[     0,     1,     1,     1] [     0,     0,     0]***[2]
     Snk_Flow [     0,     1,     1,     1] [     0,     0,     0]***[   676,    64,     1,     1] [   704,   676, 45056]***[     0,     1,     1,     1] [     0,     0,     0]***[2]
Padding Info [Row, Col]: Actual  IN -> OUT : [ 0,  0] -> [ 0,  0],  To fill zero OUT: [ 0,  0], Virtual Pad(T,L,B,R): [ 1,  1,  1,  1]

 ------------- 98( 0, 104, 0, 2, 0) [64 x 26 x  26] => [64 x 26 x  26] | TIDL_ConvolutionLayer
 LINK_X_FM_IN_FULL_TO_PART      53687092864 :  [0,1,1,1]
    FM_FULL        <446> ( L,U8b)[ 1, 1,    0, 1]: MSMC( 0),   704,   676,    64, 45056,[  0,  0], 34200 |||| FM_IN_PART     <453> ( L,U8b)[ 1, 1,    0, 1]:  L2( 0),   704,   704,    64, 45824,[   128,     0],     0
     Src_Flow [     0,     1,     1,     1] [     0,     0,     0]***[   676,    64,     1,     1] [   704,   676, 45056]***[     0,     1,     1,     1] [     0,     0,     0]***[2]
     Snk_Flow [     0,     1,     1,     1] [     0,     0,     0]***[   676,    64,     1,     1] [   704,   676,     0]***[     0,     1,     1,     1] [     0,     0,     0]***[2]
 LINK_X_COEFF_IN_ANY_TO_FINAL   53737424512 :  [0,1,1,1]
    COEFF_FULL     <454> ( L,S8b)[ 1, 1,    0, 1]: DDR_PERSIST( 0),   576,   576,    64, 37248,[  0,  0],178400 |||| COEFF_IN_FINAL <455> ( L,S8b)[ 1, 1,    0, 1]: MSMC( 0),   576,   576,    64, 37248,[     0,     0], 2b080
     Src_Flow [     0,     1,     1,     1] [     0,     0,     0]***[   576,    64,     1,     1] [   576,   576, 36864]***[     0,     1,     1,     1] [     0,     0,     0]***[2]
     Snk_Flow [     0,     1,     1,     1] [     0,     0,     0]***[   576,    64,     1,     1] [   576,   576,     0]***[     0,     1,     1,     1] [     0,     0,     0]***[2]
 LINK_X_BIAS_IN_FULL_TO_FINAL   53754201728 :  [0,1,1,1]
    COEFF_BIAS_FULL <456> ( L,S8b)[ 1, 1,    0, 1]: DDR_PERSIST( 0),     6,     6,    64,   384,[  0,  0],181400 |||| COEFF_IN_BIAS  <457> ( L,S8b)[ 1, 1,    0, 1]: MSMC( 0),     6,     6,    64,   384,[     0,     0], 34080
     Src_Flow [     0,     1,     1,     1] [     0,     0,     0]***[     6,    64,     1,     1] [     6,     6,   384]***[     0,     1,     1,     1] [     0,     0,     0]***[2]
     Snk_Flow [     0,     1,     1,     1] [     0,     0,     0]***[     6,    64,     1,     1] [     6,     6,     0]***[     0,     1,     1,     1] [     0,     0,     0]***[2]
 LINK_P                         53821310592 :  [1,1,1,1]
    FM_IN_PART     <453> ( L,U8b)[ 1, 1,    0, 1]:  L2( 0),   704,   704,    64, 45824,[128,  0],     0 |||| FM_FULL        <452> ( L,U8b)[ 1, 1,    0, 1]: MSMC( 0),   704,   676,    64, 45056,[     0,     0], 34200
    COEFF_IN_FINAL  <455> ( L,S8b)[ 1, 1,    0, 1]: MSMC( 0),   576,   576,    64, 37248,[  0,  0], 2b080
    COEFF_IN_BIAS   <457> ( L,S8b)[ 1, 1,    0, 1]: MSMC( 0),     6,     6,    64,   384,[  0,  0], 34080
     Src_Flow [     0,     1,     1,     1] [     0,     0,     0]***[   676,    64,     1,     1] [   704,   676,     0]***[     0,     1,     1,     1] [     1,     1,     1]***[2]
    Src2_Flow [     0,     1,     1,     1] [     0,     0,     0]***[   576,    64,     1,     1] [   576, 36864,     0]***[     0,     1,     1,     1] [     0,     0,     0]***[2]
    Src2_Flow [     0,     1,     1,     1] [     0,     0,     0]***[     6,    64,     1,     1] [     6,   384,     0]***[     0,     1,     1,     1] [     0,     0,     0]***[2]
     Snk_Flow [     0,     1,     1,     1] [     0,     0,     0]***[   676,    64,     1,     1] [   704,   676, 45056]***[     0,     1,     1,     1] [     0,     0,     0]***[2]
Padding Info [Row, Col]: Actual  IN -> OUT : [ 0,  0] -> [ 0,  0],  To fill zero OUT: [ 0,  0], Virtual Pad(T,L,B,R): [ 1,  1,  1,  1]

 ------------- 99( 0, 108, 0, 2, 0) [64 x 26 x  26] => [1 x 26 x  26] | TIDL_ConvolutionLayer
 LINK_X_FM_IN_FULL_TO_PART      55834576576 :  [0,1,1,1]
    FM_FULL        <452> ( L,U8b)[ 1, 1,    0, 1]: MSMC( 0),   704,   676,    64, 45056,[  0,  0], 34200 |||| FM_IN_PART     <459> ( L,U16b)[ 1, 1,    0, 1]:  L2( 0),   736,   736,    64, 47168,[     0,     0],     0
     Src_Flow [     0,     1,     1,     1] [     0,     0,     0]***[   676,    64,     1,     1] [   704,   676, 45056]***[     0,     1,     1,     1] [     0,     0,     0]***[2]
     Snk_Flow [     0,     1,     1,     1] [     0,     0,     0]***[   676,    64,     1,     1] [   736,   676,     0]***[     0,     1,     1,     1] [     0,     0,     0]***[2]
 LINK_X_COEFF_IN_ANY_TO_FINAL   55884908224 :  [0,1,1,1]
    COEFF_FULL     <460> ( L,S16b)[ 1, 1,    0, 1]: DDR_PERSIST( 0),    64,    64,     1,   128,[  0,  0],181580 |||| COEFF_IN_FINAL <461> ( L,S16b)[ 1, 1,    0, 1]: MSMC( 0),    96,    64,     1,   128,[     0,     0], 2b080
     Src_Flow [     0,     1,     1,     1] [     0,     0,     0]***[    64,     1,     1,     1] [    64,    64,    64]***[     0,     1,     1,     1] [     0,     0,     0]***[2]
     Snk_Flow [     0,     1,     1,     1] [     0,     0,     0]***[    64,     1,     1,     1] [    96,    64,     0]***[     0,     1,     1,     1] [     0,     0,     0]***[2]
 LINK_X_BIAS_IN_FULL_TO_FINAL   55901685440 :  [0,1,1,1]
    COEFF_BIAS_FULL <462> ( L,S16b)[ 1, 1,    0, 1]: DDR_PERSIST( 0),     4,     4,    16,    64,[  0,  0],181600 |||| COEFF_IN_BIAS  <463> ( L,S16b)[ 1, 1,    0, 1]: MSMC( 0),     4,     4,     8,    32,[     0,     0], 2b140
     Src_Flow [     0,     1,     1,     1] [     0,     0,     0]***[     4,     1,     1,     1] [     4,     4,     4]***[     0,     1,     1,     1] [     0,     0,     0]***[2]
     Snk_Flow [     0,     1,     1,     1] [     0,     0,     0]***[     4,     1,     1,     1] [     4,     4,     0]***[     0,     1,     1,     1] [     0,     0,     0]***[2]
 LINK_P                         55968794304 :  [1,1,1,1]
    FM_IN_PART     <459> ( L,U16b)[ 1, 1,    0, 1]:  L2( 0),   736,   736,    64, 47168,[  0,  0],     0 |||| FM_FULL        <458> ( L,S16b)[ 1, 1,    0, 1]: MSMC( 0),   736,   676,     1,   768,[     0,     0], 2b180
    COEFF_IN_FINAL  <461> ( L,S16b)[ 1, 1,    0, 1]: MSMC( 0),    96,    64,     1,   128,[  0,  0], 2b080
    COEFF_IN_BIAS   <463> ( L,S16b)[ 1, 1,    0, 1]: MSMC( 0),     4,     4,     8,    32,[  0,  0], 2b140
     Src_Flow [     0,     1,     1,     1] [     0,     0,     0]***[   676,    64,     1,     1] [   736,   676,     0]***[     0,     1,     1,     1] [     0,     0,     0]***[2]
    Src2_Flow [     0,     1,     1,     1] [     0,     0,     0]***[    64,     1,     1,     1] [    96,    96,     0]***[     0,     1,     1,     1] [     0,     0,     0]***[2]
    Src2_Flow [     0,     1,     1,     1] [     0,     0,     0]***[     4,     1,     1,     1] [     4,     4,     0]***[     0,     1,     1,     1] [     0,     0,     0]***[2]
     Snk_Flow [     0,     1,     1,     1] [     0,     0,     0]***[   676,     1,     1,     1] [   736,   676,   736]***[     0,     1,     1,     1] [     0,     0,     0]***[2]
Padding Info [Row, Col]: Actual  IN -> OUT : [ 0,  0] -> [ 0,  0],  To fill zero OUT: [ 0,  0], Virtual Pad(T,L,B,R): [ 0,  0,  0,  0]

 ------------- 100( 0, 99, 0, 2, 0) [64 x 26 x  26] => [64 x 26 x  26] | TIDL_ConvolutionLayer
 LINK_X_FM_IN_FULL_TO_PART      52076480048 :  [0,1,1,1]
    FM_FULL        <440> ( L,U8b)[ 1, 1,    0, 1]: MSMC( 0),   704,   676,    64, 45056,[  0,  0], 20080 |||| FM_IN_PART     <465> ( L,U8b)[ 1, 1,    0, 1]:  L2( 0),   704,   704,    64, 45824,[   128,     0],     0
     Src_Flow [     0,     1,     1,     1] [     0,     0,     0]***[   676,    64,     1,     1] [   704,   676, 45056]***[     0,     1,     1,     1] [     0,     0,     0]***[2]
     Snk_Flow [     0,     1,     1,     1] [     0,     0,     0]***[   676,    64,     1,     1] [   704,   676,     0]***[     0,     1,     1,     1] [     0,     0,     0]***[2]
 LINK_X_COEFF_IN_ANY_TO_FINAL   52126811696 :  [0,1,1,1]
    COEFF_FULL     <466> ( L,S8b)[ 1, 1,    0, 1]: DDR_PERSIST( 0),   576,   576,    64, 37248,[  0,  0],181680 |||| COEFF_IN_FINAL <467> ( L,S8b)[ 1, 1,    0, 1]: MSMC( 0),   576,   576,    64, 37248,[     0,     0], 2b780
     Src_Flow [     0,     1,     1,     1] [     0,     0,     0]***[   576,    64,     1,     1] [   576,   576, 36864]***[     0,     1,     1,     1] [     0,     0,     0]***[2]
     Snk_Flow [     0,     1,     1,     1] [     0,     0,     0]***[   576,    64,     1,     1] [   576,   576,     0]***[     0,     1,     1,     1] [     0,     0,     0]***[2]
 LINK_X_BIAS_IN_FULL_TO_FINAL   52143588912 :  [0,1,1,1]
    COEFF_BIAS_FULL <468> ( L,S8b)[ 1, 1,    0, 1]: DDR_PERSIST( 0),     6,     6,    64,   384,[  0,  0],18a680 |||| COEFF_IN_BIAS  <469> ( L,S8b)[ 1, 1,    0, 1]: MSMC( 0),     6,     6,    64,   384,[     0,     0], 34780
     Src_Flow [     0,     1,     1,     1] [     0,     0,     0]***[     6,    64,     1,     1] [     6,     6,   384]***[     0,     1,     1,     1] [     0,     0,     0]***[2]
     Snk_Flow [     0,     1,     1,     1] [     0,     0,     0]***[     6,    64,     1,     1] [     6,     6,     0]***[     0,     1,     1,     1] [     0,     0,     0]***[2]
 LINK_P                         52210697776 :  [1,1,1,1]
    FM_IN_PART     <465> ( L,U8b)[ 1, 1,    0, 1]:  L2( 0),   704,   704,    64, 45824,[128,  0],     0 |||| FM_FULL        <464> ( L,U8b)[ 1, 1,    0, 1]: MSMC( 0),   704,   676,    64, 45056,[     0,     0], 20080
    COEFF_IN_FINAL  <467> ( L,S8b)[ 1, 1,    0, 1]: MSMC( 0),   576,   576,    64, 37248,[  0,  0], 2b780
    COEFF_IN_BIAS   <469> ( L,S8b)[ 1, 1,    0, 1]: MSMC( 0),     6,     6,    64,   384,[  0,  0], 34780
     Src_Flow [     0,     1,     1,     1] [     0,     0,     0]***[   676,    64,     1,     1] [   704,   676,     0]***[     0,     1,     1,     1] [     1,     1,     1]***[2]
    Src2_Flow [     0,     1,     1,     1] [     0,     0,     0]***[   576,    64,     1,     1] [   576, 36864,     0]***[     0,     1,     1,     1] [     0,     0,     0]***[2]
    Src2_Flow [     0,     1,     1,     1] [     0,     0,     0]***[     6,    64,     1,     1] [     6,   384,     0]***[     0,     1,     1,     1] [     0,     0,     0]***[2]
     Snk_Flow [     0,     1,     1,     1] [     0,     0,     0]***[   676,    64,     1,     1] [   704,   676, 45056]***[     0,     1,     1,     1] [     0,     0,     0]***[2]
Padding Info [Row, Col]: Actual  IN -> OUT : [ 0,  0] -> [ 0,  0],  To fill zero OUT: [ 0,  0], Virtual Pad(T,L,B,R): [ 1,  1,  1,  1]

 ------------- 101( 0, 103, 0, 2, 0) [64 x 26 x  26] => [64 x 26 x  26] | TIDL_ConvolutionLayer
 LINK_X_FM_IN_FULL_TO_PART      53150221936 :  [0,1,1,1]
    FM_FULL        <464> ( L,U8b)[ 1, 1,    0, 1]: MSMC( 0),   704,   676,    64, 45056,[  0,  0], 20080 |||| FM_IN_PART     <471> ( L,U8b)[ 1, 1,    0, 1]:  L2( 0),   704,   704,    64, 45824,[   128,     0],     0
     Src_Flow [     0,     1,     1,     1] [     0,     0,     0]***[   676,    64,     1,     1] [   704,   676, 45056]***[     0,     1,     1,     1] [     0,     0,     0]***[2]
     Snk_Flow [     0,     1,     1,     1] [     0,     0,     0]***[   676,    64,     1,     1] [   704,   676,     0]***[     0,     1,     1,     1] [     0,     0,     0]***[2]
 LINK_X_COEFF_IN_ANY_TO_FINAL   53200553584 :  [0,1,1,1]
    COEFF_FULL     <472> ( L,S8b)[ 1, 1,    0, 1]: DDR_PERSIST( 0),   576,   576,    64, 37248,[  0,  0],18a800 |||| COEFF_IN_FINAL <473> ( L,S8b)[ 1, 1,    0, 1]: MSMC( 0),   576,   576,    64, 37248,[     0,     0], 2b780
     Src_Flow [     0,     1,     1,     1] [     0,     0,     0]***[   576,    64,     1,     1] [   576,   576, 36864]***[     0,     1,     1,     1] [     0,     0,     0]***[2]
     Snk_Flow [     0,     1,     1,     1] [     0,     0,     0]***[   576,    64,     1,     1] [   576,   576,     0]***[     0,     1,     1,     1] [     0,     0,     0]***[2]
 LINK_X_BIAS_IN_FULL_TO_FINAL   53217330800 :  [0,1,1,1]
    COEFF_BIAS_FULL <474> ( L,S8b)[ 1, 1,    0, 1]: DDR_PERSIST( 0),     6,     6,    64,   384,[  0,  0],193800 |||| COEFF_IN_BIAS  <475> ( L,S8b)[ 1, 1,    0, 1]: MSMC( 0),     6,     6,    64,   384,[     0,     0], 34780
     Src_Flow [     0,     1,     1,     1] [     0,     0,     0]***[     6,    64,     1,     1] [     6,     6,   384]***[     0,     1,     1,     1] [     0,     0,     0]***[2]
     Snk_Flow [     0,     1,     1,     1] [     0,     0,     0]***[     6,    64,     1,     1] [     6,     6,     0]***[     0,     1,     1,     1] [     0,     0,     0]***[2]
 LINK_P                         53284439664 :  [1,1,1,1]
    FM_IN_PART     <471> ( L,U8b)[ 1, 1,    0, 1]:  L2( 0),   704,   704,    64, 45824,[128,  0],     0 |||| FM_FULL        <470> ( L,U8b)[ 1, 1,    0, 1]: MSMC( 0),   704,   676,    64, 45056,[     0,     0], 20080
    COEFF_IN_FINAL  <473> ( L,S8b)[ 1, 1,    0, 1]: MSMC( 0),   576,   576,    64, 37248,[  0,  0], 2b780
    COEFF_IN_BIAS   <475> ( L,S8b)[ 1, 1,    0, 1]: MSMC( 0),     6,     6,    64,   384,[  0,  0], 34780
     Src_Flow [     0,     1,     1,     1] [     0,     0,     0]***[   676,    64,     1,     1] [   704,   676,     0]***[     0,     1,     1,     1] [     1,     1,     1]***[2]
    Src2_Flow [     0,     1,     1,     1] [     0,     0,     0]***[   576,    64,     1,     1] [   576, 36864,     0]***[     0,     1,     1,     1] [     0,     0,     0]***[2]
    Src2_Flow [     0,     1,     1,     1] [     0,     0,     0]***[     6,    64,     1,     1] [     6,   384,     0]***[     0,     1,     1,     1] [     0,     0,     0]***[2]
     Snk_Flow [     0,     1,     1,     1] [     0,     0,     0]***[   676,    64,     1,     1] [   704,   676, 45056]***[     0,     1,     1,     1] [     0,     0,     0]***[2]
Padding Info [Row, Col]: Actual  IN -> OUT : [ 0,  0] -> [ 0,  0],  To fill zero OUT: [ 0,  0], Virtual Pad(T,L,B,R): [ 1,  1,  1,  1]

 ------------- 102( 0, 106, 0, 2, 0) [64 x 26 x  26] => [1 x 26 x  26] | TIDL_ConvolutionLayer
 LINK_X_FM_IN_FULL_TO_PART      55297705632 :  [0,1,1,1]
    FM_FULL        <470> ( L,U8b)[ 1, 1,    0, 1]: MSMC( 0),   704,   676,    64, 45056,[  0,  0], 20080 |||| FM_IN_PART     <477> ( L,U16b)[ 1, 1,    0, 1]:  L2( 0),   736,   736,    64, 47168,[     0,     0],     0
     Src_Flow [     0,     1,     1,     1] [     0,     0,     0]***[   676,    64,     1,     1] [   704,   676, 45056]***[     0,     1,     1,     1] [     0,     0,     0]***[2]
     Snk_Flow [     0,     1,     1,     1] [     0,     0,     0]***[   676,    64,     1,     1] [   736,   676,     0]***[     0,     1,     1,     1] [     0,     0,     0]***[2]
 LINK_X_COEFF_IN_ANY_TO_FINAL   55348037280 :  [0,1,1,1]
    COEFF_FULL     <478> ( L,S16b)[ 1, 1,    0, 1]: DDR_PERSIST( 0),    64,    64,     1,   128,[  0,  0],193980 |||| COEFF_IN_FINAL <479> ( L,S16b)[ 1, 1,    0, 1]: MSMC( 0),    96,    64,     1,   128,[     0,     0], 2b080
     Src_Flow [     0,     1,     1,     1] [     0,     0,     0]***[    64,     1,     1,     1] [    64,    64,    64]***[     0,     1,     1,     1] [     0,     0,     0]***[2]
     Snk_Flow [     0,     1,     1,     1] [     0,     0,     0]***[    64,     1,     1,     1] [    96,    64,     0]***[     0,     1,     1,     1] [     0,     0,     0]***[2]
 LINK_X_BIAS_IN_FULL_TO_FINAL   55364814496 :  [0,1,1,1]
    COEFF_BIAS_FULL <480> ( L,S16b)[ 1, 1,    0, 1]: DDR_PERSIST( 0),     4,     4,    16,    64,[  0,  0],193a00 |||| COEFF_IN_BIAS  <481> ( L,S16b)[ 1, 1,    0, 1]: MSMC( 0),     4,     4,     8,    32,[     0,     0], 2b140
     Src_Flow [     0,     1,     1,     1] [     0,     0,     0]***[     4,     1,     1,     1] [     4,     4,     4]***[     0,     1,     1,     1] [     0,     0,     0]***[2]
     Snk_Flow [     0,     1,     1,     1] [     0,     0,     0]***[     4,     1,     1,     1] [     4,     4,     0]***[     0,     1,     1,     1] [     0,     0,     0]***[2]
 LINK_P                         55431923360 :  [1,1,1,1]
    FM_IN_PART     <477> ( L,U16b)[ 1, 1,    0, 1]:  L2( 0),   736,   736,    64, 47168,[  0,  0],     0 |||| FM_FULL        <476> ( L,S16b)[ 1, 1,    0, 1]: MSMC( 0),   736,   676,     1,   768,[     0,     0], 2b780
    COEFF_IN_FINAL  <479> ( L,S16b)[ 1, 1,    0, 1]: MSMC( 0),    96,    64,     1,   128,[  0,  0], 2b080
    COEFF_IN_BIAS   <481> ( L,S16b)[ 1, 1,    0, 1]: MSMC( 0),     4,     4,     8,    32,[  0,  0], 2b140
     Src_Flow [     0,     1,     1,     1] [     0,     0,     0]***[   676,    64,     1,     1] [   736,   676,     0]***[     0,     1,     1,     1] [     0,     0,     0]***[2]
    Src2_Flow [     0,     1,     1,     1] [     0,     0,     0]***[    64,     1,     1,     1] [    96,    96,     0]***[     0,     1,     1,     1] [     0,     0,     0]***[2]
    Src2_Flow [     0,     1,     1,     1] [     0,     0,     0]***[     4,     1,     1,     1] [     4,     4,     0]***[     0,     1,     1,     1] [     0,     0,     0]***[2]
     Snk_Flow [     0,     1,     1,     1] [     0,     0,     0]***[   676,     1,     1,     1] [   736,   676,   736]***[     0,     1,     1,     1] [     0,     0,     0]***[2]
Padding Info [Row, Col]: Actual  IN -> OUT : [ 0,  0] -> [ 0,  0],  To fill zero OUT: [ 0,  0], Virtual Pad(T,L,B,R): [ 0,  0,  0,  0]

 ------------- 103( 0, 107, 0, 2, 0) [64 x 26 x  26] => [4 x 26 x  26] | TIDL_ConvolutionLayer
 LINK_X_FM_IN_FULL_TO_PART      55297705648 :  [0,1,1,1]
    FM_FULL        <470> ( L,U8b)[ 1, 1,    0, 1]: MSMC( 0),   704,   676,    64, 45056,[  0,  0], 20080 |||| FM_IN_PART     <483> ( L,U16b)[ 1, 1,    0, 1]:  L2( 0),   736,   736,    64, 47168,[     0,     0],     0
     Src_Flow [     0,     1,     1,     1] [     0,     0,     0]***[   676,    64,     1,     1] [   704,   676, 45056]***[     0,     1,     1,     1] [     0,     0,     0]***[2]
     Snk_Flow [     0,     1,     1,     1] [     0,     0,     0]***[   676,    64,     1,     1] [   736,   676,     0]***[     0,     1,     1,     1] [     0,     0,     0]***[2]
 LINK_X_COEFF_IN_ANY_TO_FINAL   55348037296 :  [0,1,1,1]
    COEFF_FULL     <484> ( L,S16b)[ 1, 1,    0, 1]: DDR_PERSIST( 0),    64,    64,     4,   320,[  0,  0],193a80 |||| COEFF_IN_FINAL <485> ( L,S16b)[ 1, 1,    0, 1]: MSMC( 0),    96,    64,     4,   448,[     0,     0], 2bd80
     Src_Flow [     0,     1,     1,     1] [     0,     0,     0]***[    64,     4,     1,     1] [    64,    64,   256]***[     0,     1,     1,     1] [     0,     0,     0]***[2]
     Snk_Flow [     0,     1,     1,     1] [     0,     0,     0]***[    64,     4,     1,     1] [    96,    64,     0]***[     0,     1,     1,     1] [     0,     0,     0]***[2]
 LINK_X_BIAS_IN_FULL_TO_FINAL   55364814512 :  [0,1,1,1]
    COEFF_BIAS_FULL <486> ( L,S16b)[ 1, 1,    0, 1]: DDR_PERSIST( 0),     4,     4,    16,    64,[  0,  0],193c80 |||| COEFF_IN_BIAS  <487> ( L,S16b)[ 1, 1,    0, 1]: MSMC( 0),     4,     4,    16,    64,[     0,     0], 2c080
     Src_Flow [     0,     1,     1,     1] [     0,     0,     0]***[     4,     4,     1,     1] [     4,     4,    16]***[     0,     1,     1,     1] [     0,     0,     0]***[2]
     Snk_Flow [     0,     1,     1,     1] [     0,     0,     0]***[     4,     4,     1,     1] [     4,     4,     0]***[     0,     1,     1,     1] [     0,     0,     0]***[2]
 LINK_P                         55431923376 :  [1,1,1,1]
    FM_IN_PART     <483> ( L,U16b)[ 1, 1,    0, 1]:  L2( 0),   736,   736,    64, 47168,[  0,  0],     0 |||| FM_FULL        <482> ( L,S16b)[ 1, 1,    0, 1]: MSMC( 0),   736,   676,     4,  2944,[     0,     0], 2c100
    COEFF_IN_FINAL  <485> ( L,S16b)[ 1, 1,    0, 1]: MSMC( 0),    96,    64,     4,   448,[  0,  0], 2bd80
    COEFF_IN_BIAS   <487> ( L,S16b)[ 1, 1,    0, 1]: MSMC( 0),     4,     4,    16,    64,[  0,  0], 2c080
     Src_Flow [     0,     1,     1,     1] [     0,     0,     0]***[   676,    64,     1,     1] [   736,   676,     0]***[     0,     1,     1,     1] [     0,     0,     0]***[2]
    Src2_Flow [     0,     1,     1,     1] [     0,     0,     0]***[    64,     4,     1,     1] [    96,   384,     0]***[     0,     1,     1,     1] [     0,     0,     0]***[2]
    Src2_Flow [     0,     1,     1,     1] [     0,     0,     0]***[     4,     4,     1,     1] [     4,    16,     0]***[     0,     1,     1,     1] [     0,     0,     0]***[2]
     Snk_Flow [     0,     1,     1,     1] [     0,     0,     0]***[   676,     4,     1,     1] [   736,   676,  2944]***[     0,     1,     1,     1] [     0,     0,     0]***[2]
Padding Info [Row, Col]: Actual  IN -> OUT : [ 0,  0] -> [ 0,  0],  To fill zero OUT: [ 0,  0], Virtual Pad(T,L,B,R): [ 0,  0,  0,  0]

 ------------- 104( 0, 110, 0, 7, 0) [6 x 26 x  26] => [6 x 26 x  26] | TIDL_ConcatLayer
 LINK_X_FM_IN_FULL_TO_PART      57445189344 :  [0,4,1,1]
    FM_FULL        <482> ( L,S16b)[ 4, 1,    0, 1]: MSMC( 0),   736,   676,     4,  2944,[  0,  0], 2c100 |||| FM_IN_PART     <489> (PP,S16b)[ 4, 1,    0, 1]:  L2( 0),   741,   741,     2,  1536,[     0,     0],     0
     Src_Flow [     0,     1,     1,     1] [     0,     0,     0]***[   676,     1,     4,     1] [   736,   736,   736]***[     0,     1,     1,     1] [     0,     0,     0]***[2]
     Snk_Flow [     0,     1,     1,     1] [     0,     0,     0]***[   676,     1,     2,     2] [   741,   741,     0]***[     0,     1,     1,     1] [     0,     0,     0]***[2]
 LINK_X_FM_IN_FULL_TO_PART      56908318432 :  [4,1,1,1]
    FM_FULL        <476> ( L,S16b)[ 1, 1,    0, 1]: MSMC( 0),   736,   676,     1,   768,[  0,  0], 2b780 |||| FM_IN_PART     <489> (PP,S16b)[ 1, 1,    0, 1]:  L2( 0),   741,   741,     2,  1536,[     0,     0],     0
     Src_Flow [     0,     1,     1,     1] [     0,     0,     0]***[   676,     1,     1,     1] [   736,   676,   736]***[     0,     1,     1,     1] [     0,     0,     0]***[2]
     Snk_Flow [     0,     1,     1,     1] [     0,     0,     0]***[   676,     1,     1,     1] [   741,   741,     0]***[     0,     1,     1,     1] [     0,     0,     0]***[2]
 LINK_X_FM_IN_FULL_TO_PART      57982060256 :  [5,1,1,1]
    FM_FULL        <458> ( L,S16b)[ 1, 1,    0, 1]: MSMC( 0),   736,   676,     1,   768,[  0,  0], 2b180 |||| FM_IN_PART     <489> (PP,S16b)[ 1, 1,    0, 1]:  L2( 0),   741,   741,     2,  1536,[   741,     0],     0
     Src_Flow [     0,     1,     1,     1] [     0,     0,     0]***[   676,     1,     1,     1] [   736,   676,   736]***[     0,     1,     1,     1] [     0,     0,     0]***[2]
     Snk_Flow [     0,     1,     1,     1] [     0,     0,     0]***[   676,     1,     1,     1] [   741,  -741,     0]***[     0,     1,     1,     1] [     0,     0,     0]***[2]
 LINK_P                         57579407072 :  [1,4,1,1]
    FM_IN_PART     <489> (PP,S16b)[ 4, 1,    0, 1]:  L2( 0),   741,   741,     2,  1536,[  0,  0],     0 |||| FM_FULL        <488> ( L,S16b)[ 4, 1,    0, 1]: MSMC( 0),   736,   676,     6,  4416,[     0,     0], 20080
     Src_Flow [     0,     1,     1,     1] [     0,     0,     0]***[   676,     1,     2,     2] [   741,   741,     0]***[     0,     1,     1,     1] [     0,     0,     0]***[2]
     Snk_Flow [     0,     1,     1,     1] [     0,     0,     0]***[   676,     1,     4,     1] [   736,   736,   736]***[     0,     1,     1,     1] [     0,     0,     0]***[2]
 LINK_P                         57042536160 :  [5,1,1,1]
    FM_IN_PART     <489> (PP,S16b)[ 1, 1,    0, 1]:  L2( 0),   741,   741,     2,  1536,[  0,  0],     0 |||| FM_FULL        <488> ( L,S16b)[ 1, 1,    0, 1]: MSMC( 0),   736,   676,     6,  4416,[  2944,     0], 20080
     Src_Flow [     0,     1,     1,     1] [     0,     0,     0]***[   676,     1,     1,     1] [   741,   741,     0]***[     0,     1,     1,     1] [     0,     0,     0]***[2]
     Snk_Flow [     0,     1,     1,     1] [     0,     0,     0]***[   676,     1,     1,     1] [   736,   676,   736]***[     0,     1,     1,     1] [     0,     0,     0]***[2]
 LINK_P                         58116277984 :  [6,1,1,1]
    FM_IN_PART     <489> (PP,S16b)[ 1, 1,    0, 1]:  L2( 0),   741,   741,     2,  1536,[741,  0],     0 |||| FM_FULL        <488> ( L,S16b)[ 1, 1,    0, 1]: MSMC( 0),   736,   676,     6,  4416,[  3680,     0], 20080
     Src_Flow [     0,     1,     1,     1] [     0,     0,     0]***[   676,     1,     1,     1] [   741,  -741,     0]***[     0,     1,     1,     1] [     0,     0,     0]***[2]
     Snk_Flow [     0,     1,     1,     1] [     0,     0,     0]***[   676,     1,     1,     1] [   736,   676,   736]***[     0,     1,     1,     1] [     0,     0,     0]***[2]
Padding Info [Row, Col]: Actual  IN -> OUT : [ 0,  0] -> [ 0,  0],  To fill zero OUT: [ 0,  0], Virtual Pad(T,L,B,R): [ 0,  0,  0,  0]

 ------------- 105( 0, 96, 0, 2, 0) [128 x 26 x  26] => [128 x 13 x  13] | TIDL_ConvolutionLayer
 LINK_X_FM_IN_FULL_TO_PART      51002738176 :  [0,1,1,1]
    FM_FULL        <434> ( L,U8b)[ 1, 1,    0, 1]: MSMC( 0),   704,   676,   128, 90112,[  0,  0],  a080 |||| FM_IN_PART     <491> ( L,U8b)[ 1, 1,    0, 1]:  L2( 0),   704,   704,   128, 90880,[   128,     0],     0
     Src_Flow [     0,     1,     1,     1] [     0,     0,     0]***[   676,   128,     1,     1] [   704,   676, 90112]***[     0,     1,     1,     1] [     0,     0,     0]***[2]
     Snk_Flow [     0,     1,     1,     1] [     0,     0,     0]***[   676,   128,     1,     1] [   704,   676,     0]***[     0,     1,     1,     1] [     0,     0,     0]***[2]
 LINK_X_COEFF_IN_ANY_TO_FINAL   51053069824 :  [0,1,1,1]
    COEFF_FULL     <492> ( L,S8b)[ 1, 1,    0, 1]: DDR_PERSIST( 0),  1152,  1152,   128,148224,[  0,  0],193d00 |||| COEFF_IN_FINAL <493> ( L,S8b)[ 1, 1,    0, 1]: MSMC( 0),  1216,  1152,   128,156416,[     0,     0], 4a080
     Src_Flow [     0,     1,     1,     1] [     0,     0,     0]***[  1152,   128,     1,     1] [  1152,  1152,147456]***[     0,     1,     1,     1] [     0,     0,     0]***[2]
     Snk_Flow [     0,     1,     1,     1] [     0,     0,     0]***[  1152,   128,     1,     1] [  1216,  1152,     0]***[     0,     1,     1,     1] [     0,     0,     0]***[2]
 LINK_X_BIAS_IN_FULL_TO_FINAL   51069847040 :  [0,1,1,1]
    COEFF_BIAS_FULL <494> ( L,S8b)[ 1, 1,    0, 1]: DDR_PERSIST( 0),     6,     6,   128,   768,[  0,  0],1b7d00 |||| COEFF_IN_BIAS  <495> ( L,S8b)[ 1, 1,    0, 1]: MSMC( 0),     6,     6,   128,   768,[     0,     0], 70080
     Src_Flow [     0,     1,     1,     1] [     0,     0,     0]***[     6,   128,     1,     1] [     6,     6,   768]***[     0,     1,     1,     1] [     0,     0,     0]***[2]
     Snk_Flow [     0,     1,     1,     1] [     0,     0,     0]***[     6,   128,     1,     1] [     6,     6,     0]***[     0,     1,     1,     1] [     0,     0,     0]***[2]
 LINK_P                         51136955904 :  [1,1,1,1]
    FM_IN_PART     <491> ( L,U8b)[ 1, 1,    0, 1]:  L2( 0),   704,   704,   128, 90880,[128,  0],     0 |||| FM_FULL        <490> ( L,U8b)[ 1, 1,    0, 1]: MSMC( 0),   192,   169,   128, 24576,[     0,     0], 22300
    COEFF_IN_FINAL  <493> ( L,S8b)[ 1, 1,    0, 1]: MSMC( 0),  1216,  1152,   128,156416,[  0,  0], 4a080
    COEFF_IN_BIAS   <495> ( L,S8b)[ 1, 1,    0, 1]: MSMC( 0),     6,     6,   128,   768,[  0,  0], 70080
     Src_Flow [     0,     1,     1,     1] [     0,     0,     0]***[   676,   128,     1,     1] [   704,   676,     0]***[     0,     1,     1,     1] [     1,     1,     1]***[2]
    Src2_Flow [     0,     1,     1,     1] [     0,     0,     0]***[  1152,   128,     1,     1] [  1216,155648,     0]***[     0,     1,     1,     1] [     0,     0,     0]***[2]
    Src2_Flow [     0,     1,     1,     1] [     0,     0,     0]***[     6,   128,     1,     1] [     6,   768,     0]***[     0,     1,     1,     1] [     0,     0,     0]***[2]
     Snk_Flow [     0,     1,     1,     1] [     0,     0,     0]***[   169,   128,     1,     1] [   192,   169, 24576]***[     0,     1,     1,     1] [     0,     0,     0]***[2]
Padding Info [Row, Col]: Actual  IN -> OUT : [ 0,  0] -> [ 0,  0],  To fill zero OUT: [ 0,  0], Virtual Pad(T,L,B,R): [ 1,  1,  1,  1]

 ------------- 106( 0, 98, 0, 3, 0) [256 x 13 x  13] => [256 x 13 x  13] | TIDL_ConcatLayer
 LINK_X_FM_IN_FULL_TO_PART      51539609120 :  [0,1,1,1]
    FM_FULL        <490> ( L,U8b)[ 1, 1,    0, 1]: MSMC( 0),   192,   169,   128, 24576,[  0,  0], 22300 |||| FM_IN_PART     <497> (PP,U8b)[ 1, 1,    0, 1]:  L2( 0),   325,   325,   256, 83200,[     0,     0],     0
     Src_Flow [     0,     1,     1,     1] [     0,     0,     0]***[   169,   128,     1,     1] [   192,   169, 24576]***[     0,     1,     1,     1] [     0,     0,     0]***[2]
     Snk_Flow [     0,     1,     1,     1] [     0,     0,     0]***[   169,   128,     1,     1] [   325, 41600,     0]***[     0,     1,     1,     1] [     0,     0,     0]***[2]
 LINK_X_FM_IN_FULL_TO_PART      32749127200 :  [1,1,1,1]
    FM_FULL        <266> ( L,U8b)[ 1, 1,    0, 1]: MSMC( 0),   320,   195,   128, 40973,[ 13,  0],    73 |||| FM_IN_PART     <497> (PP,U8b)[ 1, 1,    0, 1]:  L2( 0),   325,   325,   256, 83200,[ 41600,     0],     0
     Src_Flow [     0,     1,     1,     1] [     0,     0,     0]***[   169,   128,     1,     1] [   320,   169, 40960]***[     0,     1,     1,     1] [     0,     0,     0]***[2]
     Snk_Flow [     0,     1,     1,     1] [     0,     0,     0]***[   169,   128,     1,     1] [   325,-41600,     0]***[     0,     1,     1,     1] [     0,     0,     0]***[2]
 LINK_P                         51673826848 :  [1,1,1,1]
    FM_IN_PART     <497> (PP,U8b)[ 1, 1,    0, 1]:  L2( 0),   325,   325,   256, 83200,[  0,  0],     0 |||| FM_FULL        <496> ( L,S8b)[ 1, 1,    0, 1]: MSMC( 0),   192,   169,   256, 49152,[     0,     0],  a080
     Src_Flow [     0,     1,     1,     1] [     0,     0,     0]***[   169,   128,     1,     1] [   325, 41600,     0]***[     0,     1,     1,     1] [     0,     0,     0]***[2]
     Snk_Flow [     0,     1,     1,     1] [     0,     0,     0]***[   169,   128,     1,     1] [   192,   169, 24576]***[     0,     1,     1,     1] [     0,     0,     0]***[2]
 LINK_P                         32883344928 :  [2,1,1,1]
    FM_IN_PART     <497> (PP,U8b)[ 1, 1,    0, 1]:  L2( 0),   325,   325,   256, 83200,[41600,  0],     0 |||| FM_FULL        <496> ( L,S8b)[ 1, 1,    0, 1]: MSMC( 0),   192,   169,   256, 49152,[ 24576,     0],  a080
     Src_Flow [     0,     1,     1,     1] [     0,     0,     0]***[   169,   128,     1,     1] [   325,-41600,     0]***[     0,     1,     1,     1] [     0,     0,     0]***[2]
     Snk_Flow [     0,     1,     1,     1] [     0,     0,     0]***[   169,   128,     1,     1] [   192,   169, 24576]***[     0,     1,     1,     1] [     0,     0,     0]***[2]
Padding Info [Row, Col]: Actual  IN -> OUT : [ 1,  0] -> [ 0,  0],  To fill zero OUT: [ 0,  0], Virtual Pad(T,L,B,R): [ 0,  0,  0,  0]

 ------------- 107( 0, 101, 0, 2, 0) [256 x 13 x  13] => [128 x 13 x  13] | TIDL_ConvolutionLayer
 LINK_X_FM_IN_FULL_TO_PART      52613350992 :  [0,1,1,1]
    FM_FULL        <496> ( L,S8b)[ 1, 1,    0, 1]: MSMC( 0),   192,   169,   256, 49152,[  0,  0],  a080 |||| FM_IN_PART     <499> ( L,S8b)[ 1, 1,    0, 1]:  L2( 0),   192,   192,   256, 49280,[     0,     0],     0
     Src_Flow [     0,     1,     1,     1] [     0,     0,     0]***[   169,   256,     1,     1] [   192,   169, 49152]***[     0,     1,     1,     1] [     0,     0,     0]***[2]
     Snk_Flow [     0,     1,     1,     1] [     0,     0,     0]***[   169,   256,     1,     1] [   192,   169,     0]***[     0,     1,     1,     1] [     0,     0,     0]***[2]
 LINK_X_COEFF_IN_ANY_TO_FINAL   52663682640 :  [0,1,1,1]
    COEFF_FULL     <500> ( L,S8b)[ 1, 1,    0, 1]: DDR_PERSIST( 0),   256,   256,   128, 33536,[  0,  0],1b8000 |||| COEFF_IN_FINAL <501> ( L,S8b)[ 1, 1,    0, 1]: MSMC( 0),   320,   256,   128, 41728,[     0,     0], 22300
     Src_Flow [     0,     1,     1,     1] [     0,     0,     0]***[   256,   128,     1,     1] [   256,   256, 32768]***[     0,     1,     1,     1] [     0,     0,     0]***[2]
     Snk_Flow [     0,     1,     1,     1] [     0,     0,     0]***[   256,   128,     1,     1] [   320,   256,     0]***[     0,     1,     1,     1] [     0,     0,     0]***[2]
 LINK_X_BIAS_IN_FULL_TO_FINAL   52680459856 :  [0,1,1,1]
    COEFF_BIAS_FULL <502> ( L,S8b)[ 1, 1,    0, 1]: DDR_PERSIST( 0),     6,     6,   128,   768,[  0,  0],1c0000 |||| COEFF_IN_BIAS  <503> ( L,S8b)[ 1, 1,    0, 1]: MSMC( 0),     6,     6,   128,   768,[     0,     0], 2c300
     Src_Flow [     0,     1,     1,     1] [     0,     0,     0]***[     6,   128,     1,     1] [     6,     6,   768]***[     0,     1,     1,     1] [     0,     0,     0]***[2]
     Snk_Flow [     0,     1,     1,     1] [     0,     0,     0]***[     6,   128,     1,     1] [     6,     6,     0]***[     0,     1,     1,     1] [     0,     0,     0]***[2]
 LINK_P                         52747568720 :  [1,1,1,1]
    FM_IN_PART     <499> ( L,S8b)[ 1, 1,    0, 1]:  L2( 0),   192,   192,   256, 49280,[  0,  0],     0 |||| FM_FULL        <498> ( L,U8b)[ 1, 1,    0, 1]: MSMC( 0),   192,   169,   128, 24576,[     0,     0],     0
    COEFF_IN_FINAL  <501> ( L,S8b)[ 1, 1,    0, 1]: MSMC( 0),   320,   256,   128, 41728,[  0,  0], 22300
    COEFF_IN_BIAS   <503> ( L,S8b)[ 1, 1,    0, 1]: MSMC( 0),     6,     6,   128,   768,[  0,  0], 2c300
     Src_Flow [     0,     1,     1,     1] [     0,     0,     0]***[   169,   256,     1,     1] [   192,   169,     0]***[     0,     1,     1,     1] [     0,     0,     0]***[2]
    Src2_Flow [     0,     1,     1,     1] [     0,     0,     0]***[   256,   128,     1,     1] [   320, 40960,     0]***[     0,     1,     1,     1] [     0,     0,     0]***[2]
    Src2_Flow [     0,     1,     1,     1] [     0,     0,     0]***[     6,   128,     1,     1] [     6,   768,     0]***[     0,     1,     1,     1] [     0,     0,     0]***[2]
     Snk_Flow [     0,     1,     1,     1] [     0,     0,     0]***[   169,   128,     1,     1] [   192,   169, 24576]***[     0,     1,     1,     1] [     0,     0,     0]***[2]
Padding Info [Row, Col]: Actual  IN -> OUT : [ 0,  0] -> [ 0,  0],  To fill zero OUT: [ 0,  0], Virtual Pad(T,L,B,R): [ 0,  0,  0,  0]

 ------------- 108( 0, 105, 0, 2, 0) [128 x 13 x  13] => [128 x 13 x  13] | TIDL_ConvolutionLayer
 LINK_X_FM_IN_FULL_TO_PART      54223963792 :  [0,1,1,1]
    FM_FULL        <498> ( L,U8b)[ 1, 1,    0, 1]: MSMC( 0),   192,   169,   128, 24576,[  0,  0],     0 |||| FM_IN_PART     <505> ( L,U8b)[ 1, 1,    0, 1]:  L2( 0),   192,   192,   128, 24704,[     0,     0],     0
     Src_Flow [     0,     1,     1,     1] [     0,     0,     0]***[   169,   128,     1,     1] [   192,   169, 24576]***[     0,     1,     1,     1] [     0,     0,     0]***[2]
     Snk_Flow [     0,     1,     1,     1] [     0,     0,     0]***[   169,   128,     1,     1] [   192,   169,     0]***[     0,     1,     1,     1] [     0,     0,     0]***[2]
 LINK_X_COEFF_IN_ANY_TO_FINAL   54274295440 :  [0,1,1,1]
    COEFF_FULL     <506> ( L,S8b)[ 1, 1,    0, 1]: DDR_PERSIST( 0),   128,   128,   128, 17152,[  0,  0],1c0300 |||| COEFF_IN_FINAL <507> ( L,S8b)[ 1, 1,    0, 1]: MSMC( 0),   192,   128,   128, 25344,[     0,     0], 16080
     Src_Flow [     0,     1,     1,     1] [     0,     0,     0]***[   128,   128,     1,     1] [   128,   128, 16384]***[     0,     1,     1,     1] [     0,     0,     0]***[2]
     Snk_Flow [     0,     1,     1,     1] [     0,     0,     0]***[   128,   128,     1,     1] [   192,   128,     0]***[     0,     1,     1,     1] [     0,     0,     0]***[2]
 LINK_X_BIAS_IN_FULL_TO_FINAL   54291072656 :  [0,1,1,1]
    COEFF_BIAS_FULL <508> ( L,S8b)[ 1, 1,    0, 1]: DDR_PERSIST( 0),     6,     6,   128,   768,[  0,  0],1c4300 |||| COEFF_IN_BIAS  <509> ( L,S8b)[ 1, 1,    0, 1]: MSMC( 0),     6,     6,   128,   768,[     0,     0], 1c080
     Src_Flow [     0,     1,     1,     1] [     0,     0,     0]***[     6,   128,     1,     1] [     6,     6,   768]***[     0,     1,     1,     1] [     0,     0,     0]***[2]
     Snk_Flow [     0,     1,     1,     1] [     0,     0,     0]***[     6,   128,     1,     1] [     6,     6,     0]***[     0,     1,     1,     1] [     0,     0,     0]***[2]
 LINK_P                         54358181520 :  [1,1,1,1]
    FM_IN_PART     <505> ( L,U8b)[ 1, 1,    0, 1]:  L2( 0),   192,   192,   128, 24704,[  0,  0],     0 |||| FM_FULL        <504> ( L,U8b)[ 1, 1,    0, 1]: MSMC( 0),   192,   169,   128, 24576,[     0,     0],     0
    COEFF_IN_FINAL  <507> ( L,S8b)[ 1, 1,    0, 1]: MSMC( 0),   192,   128,   128, 25344,[  0,  0], 16080
    COEFF_IN_BIAS   <509> ( L,S8b)[ 1, 1,    0, 1]: MSMC( 0),     6,     6,   128,   768,[  0,  0], 1c080
     Src_Flow [     0,     1,     1,     1] [     0,     0,     0]***[   169,   128,     1,     1] [   192,   169,     0]***[     0,     1,     1,     1] [     0,     0,     0]***[2]
    Src2_Flow [     0,     1,     1,     1] [     0,     0,     0]***[   128,   128,     1,     1] [   192, 24576,     0]***[     0,     1,     1,     1] [     0,     0,     0]***[2]
    Src2_Flow [     0,     1,     1,     1] [     0,     0,     0]***[     6,   128,     1,     1] [     6,   768,     0]***[     0,     1,     1,     1] [     0,     0,     0]***[2]
     Snk_Flow [     0,     1,     1,     1] [     0,     0,     0]***[   169,   128,     1,     1] [   192,   169, 24576]***[     0,     1,     1,     1] [     0,     0,     0]***[2]
Padding Info [Row, Col]: Actual  IN -> OUT : [ 0,  0] -> [ 0,  0],  To fill zero OUT: [ 0,  0], Virtual Pad(T,L,B,R): [ 0,  0,  0,  0]

 ------------- 109( 0, 109, 0, 2, 0) [128 x 13 x  13] => [128 x 13 x  13] | TIDL_ConvolutionLayer
 LINK_X_FM_IN_FULL_TO_PART      56371447504 :  [0,1,1,1]
    FM_FULL        <504> ( L,U8b)[ 1, 1,    0, 1]: MSMC( 0),   192,   169,   128, 24576,[  0,  0],     0 |||| FM_IN_PART     <511> ( L,U8b)[ 1, 1,    0, 1]:  L2( 0),   192,   192,   128, 24832,[   128,     0],     0
     Src_Flow [     0,     1,     1,     1] [     0,     0,     0]***[   169,   128,     1,     1] [   192,   169, 24576]***[     0,     1,     1,     1] [     0,     0,     0]***[2]
     Snk_Flow [     0,     1,     1,     1] [     0,     0,     0]***[   169,   128,     1,     1] [   192,   169,     0]***[     0,     1,     1,     1] [     0,     0,     0]***[2]
 LINK_X_COEFF_IN_ANY_TO_FINAL   56421779152 :  [0,1,1,1]
    COEFF_FULL     <512> ( L,S8b)[ 1, 1,    0, 1]: DDR_PERSIST( 0),  1152,  1152,   128,148224,[  0,  0],1c4600 |||| COEFF_IN_FINAL <513> ( L,S8b)[ 1, 1,    0, 1]: MSMC( 0),  1216,  1152,   128,156416,[     0,     0], 4a080
     Src_Flow [     0,     1,     1,     1] [     0,     0,     0]***[  1152,   128,     1,     1] [  1152,  1152,147456]***[     0,     1,     1,     1] [     0,     0,     0]***[2]
     Snk_Flow [     0,     1,     1,     1] [     0,     0,     0]***[  1152,   128,     1,     1] [  1216,  1152,     0]***[     0,     1,     1,     1] [     0,     0,     0]***[2]
 LINK_X_BIAS_IN_FULL_TO_FINAL   56438556368 :  [0,1,1,1]
    COEFF_BIAS_FULL <514> ( L,S8b)[ 1, 1,    0, 1]: DDR_PERSIST( 0),     6,     6,   128,   768,[  0,  0],1e8600 |||| COEFF_IN_BIAS  <515> ( L,S8b)[ 1, 1,    0, 1]: MSMC( 0),     6,     6,   128,   768,[     0,     0], 70080
     Src_Flow [     0,     1,     1,     1] [     0,     0,     0]***[     6,   128,     1,     1] [     6,     6,   768]***[     0,     1,     1,     1] [     0,     0,     0]***[2]
     Snk_Flow [     0,     1,     1,     1] [     0,     0,     0]***[     6,   128,     1,     1] [     6,     6,     0]***[     0,     1,     1,     1] [     0,     0,     0]***[2]
 LINK_P                         56505665232 :  [1,1,1,1]
    FM_IN_PART     <511> ( L,U8b)[ 1, 1,    0, 1]:  L2( 0),   192,   192,   128, 24832,[128,  0],     0 |||| FM_FULL        <510> ( L,U8b)[ 1, 1,    0, 1]: MSMC( 0),   192,   169,   128, 24576,[     0,     0],     0
    COEFF_IN_FINAL  <513> ( L,S8b)[ 1, 1,    0, 1]: MSMC( 0),  1216,  1152,   128,156416,[  0,  0], 4a080
    COEFF_IN_BIAS   <515> ( L,S8b)[ 1, 1,    0, 1]: MSMC( 0),     6,     6,   128,   768,[  0,  0], 70080
     Src_Flow [     0,     1,     1,     1] [     0,     0,     0]***[   169,   128,     1,     1] [   192,   169,     0]***[     0,     1,     1,     1] [     1,     1,     1]***[2]
    Src2_Flow [     0,     1,     1,     1] [     0,     0,     0]***[  1152,   128,     1,     1] [  1216,155648,     0]***[     0,     1,     1,     1] [     0,     0,     0]***[2]
    Src2_Flow [     0,     1,     1,     1] [     0,     0,     0]***[     6,   128,     1,     1] [     6,   768,     0]***[     0,     1,     1,     1] [     0,     0,     0]***[2]
     Snk_Flow [     0,     1,     1,     1] [     0,     0,     0]***[   169,   128,     1,     1] [   192,   169, 24576]***[     0,     1,     1,     1] [     0,     0,     0]***[2]
Padding Info [Row, Col]: Actual  IN -> OUT : [ 0,  0] -> [ 0,  0],  To fill zero OUT: [ 0,  0], Virtual Pad(T,L,B,R): [ 1,  1,  1,  1]

 ------------- 110( 0, 102, 0, 2, 0) [256 x 13 x  13] => [128 x 13 x  13] | TIDL_ConvolutionLayer
 LINK_X_FM_IN_FULL_TO_PART      52613351008 :  [0,1,1,1]
    FM_FULL        <496> ( L,S8b)[ 1, 1,    0, 1]: MSMC( 0),   192,   169,   256, 49152,[  0,  0],  a080 |||| FM_IN_PART     <517> ( L,S8b)[ 1, 1,    0, 1]:  L2( 0),   192,   192,   256, 49280,[     0,     0],     0
     Src_Flow [     0,     1,     1,     1] [     0,     0,     0]***[   169,   256,     1,     1] [   192,   169, 49152]***[     0,     1,     1,     1] [     0,     0,     0]***[2]
     Snk_Flow [     0,     1,     1,     1] [     0,     0,     0]***[   169,   256,     1,     1] [   192,   169,     0]***[     0,     1,     1,     1] [     0,     0,     0]***[2]
 LINK_X_COEFF_IN_ANY_TO_FINAL   52663682656 :  [0,1,1,1]
    COEFF_FULL     <518> ( L,S8b)[ 1, 1,    0, 1]: DDR_PERSIST( 0),   256,   256,   128, 33536,[  0,  0],1e8900 |||| COEFF_IN_FINAL <519> ( L,S8b)[ 1, 1,    0, 1]: MSMC( 0),   320,   256,   128, 41728,[     0,     0], 22300
     Src_Flow [     0,     1,     1,     1] [     0,     0,     0]***[   256,   128,     1,     1] [   256,   256, 32768]***[     0,     1,     1,     1] [     0,     0,     0]***[2]
     Snk_Flow [     0,     1,     1,     1] [     0,     0,     0]***[   256,   128,     1,     1] [   320,   256,     0]***[     0,     1,     1,     1] [     0,     0,     0]***[2]
 LINK_X_BIAS_IN_FULL_TO_FINAL   52680459872 :  [0,1,1,1]
    COEFF_BIAS_FULL <520> ( L,S8b)[ 1, 1,    0, 1]: DDR_PERSIST( 0),     6,     6,   128,   768,[  0,  0],1f0900 |||| COEFF_IN_BIAS  <521> ( L,S8b)[ 1, 1,    0, 1]: MSMC( 0),     6,     6,   128,   768,[     0,     0], 2c300
     Src_Flow [     0,     1,     1,     1] [     0,     0,     0]***[     6,   128,     1,     1] [     6,     6,   768]***[     0,     1,     1,     1] [     0,     0,     0]***[2]
     Snk_Flow [     0,     1,     1,     1] [     0,     0,     0]***[     6,   128,     1,     1] [     6,     6,     0]***[     0,     1,     1,     1] [     0,     0,     0]***[2]
 LINK_P                         52747568736 :  [1,1,1,1]
    FM_IN_PART     <517> ( L,S8b)[ 1, 1,    0, 1]:  L2( 0),   192,   192,   256, 49280,[  0,  0],     0 |||| FM_FULL        <516> ( L,U8b)[ 1, 1,    0, 1]: MSMC( 0),   192,   169,   128, 24576,[     0,     0],  c000
    COEFF_IN_FINAL  <519> ( L,S8b)[ 1, 1,    0, 1]: MSMC( 0),   320,   256,   128, 41728,[  0,  0], 22300
    COEFF_IN_BIAS   <521> ( L,S8b)[ 1, 1,    0, 1]: MSMC( 0),     6,     6,   128,   768,[  0,  0], 2c300
     Src_Flow [     0,     1,     1,     1] [     0,     0,     0]***[   169,   256,     1,     1] [   192,   169,     0]***[     0,     1,     1,     1] [     0,     0,     0]***[2]
    Src2_Flow [     0,     1,     1,     1] [     0,     0,     0]***[   256,   128,     1,     1] [   320, 40960,     0]***[     0,     1,     1,     1] [     0,     0,     0]***[2]
    Src2_Flow [     0,     1,     1,     1] [     0,     0,     0]***[     6,   128,     1,     1] [     6,   768,     0]***[     0,     1,     1,     1] [     0,     0,     0]***[2]
     Snk_Flow [     0,     1,     1,     1] [     0,     0,     0]***[   169,   128,     1,     1] [   192,   169, 24576]***[     0,     1,     1,     1] [     0,     0,     0]***[2]
Padding Info [Row, Col]: Actual  IN -> OUT : [ 0,  0] -> [ 0,  0],  To fill zero OUT: [ 0,  0], Virtual Pad(T,L,B,R): [ 0,  0,  0,  0]

 ------------- 111( 0, 111, 0, 3, 0) [256 x 13 x  13] => [256 x 13 x  13] | TIDL_ConcatLayer
 LINK_X_FM_IN_FULL_TO_PART      58518931184 :  [0,1,1,1]
    FM_FULL        <510> ( L,U8b)[ 1, 1,    0, 1]: MSMC( 0),   192,   169,   128, 24576,[  0,  0],     0 |||| FM_IN_PART     <523> (PP,U8b)[ 1, 1,    0, 1]:  L2( 0),   195,   195,   256, 49920,[     0,     0],     0
     Src_Flow [     0,     1,     1,     1] [     0,     0,     0]***[   169,   128,     1,     1] [   192,   169, 24576]***[     0,     1,     1,     1] [     0,     0,     0]***[2]
     Snk_Flow [     0,     1,     1,     1] [     0,     0,     0]***[   169,   128,     1,     1] [   195, 24960,     0]***[     0,     1,     1,     1] [     0,     0,     0]***[2]
 LINK_X_FM_IN_FULL_TO_PART      54760834800 :  [1,1,1,1]
    FM_FULL        <516> ( L,U8b)[ 1, 1,    0, 1]: MSMC( 0),   192,   169,   128, 24576,[  0,  0],  c000 |||| FM_IN_PART     <523> (PP,U8b)[ 1, 1,    0, 1]:  L2( 0),   195,   195,   256, 49920,[ 24960,     0],     0
     Src_Flow [     0,     1,     1,     1] [     0,     0,     0]***[   169,   128,     1,     1] [   192,   169, 24576]***[     0,     1,     1,     1] [     0,     0,     0]***[2]
     Snk_Flow [     0,     1,     1,     1] [     0,     0,     0]***[   169,   128,     1,     1] [   195,-24960,     0]***[     0,     1,     1,     1] [     0,     0,     0]***[2]
 LINK_P                         58653148912 :  [1,1,1,1]
    FM_IN_PART     <523> (PP,U8b)[ 1, 1,    0, 1]:  L2( 0),   195,   195,   256, 49920,[  0,  0],     0 |||| FM_FULL        <522> ( L,S8b)[ 1, 1,    0, 1]: MSMC( 0),   192,   169,   256, 49152,[     0,     0],     0
     Src_Flow [     0,     1,     1,     1] [     0,     0,     0]***[   169,   128,     1,     1] [   195, 24960,     0]***[     0,     1,     1,     1] [     0,     0,     0]***[2]
     Snk_Flow [     0,     1,     1,     1] [     0,     0,     0]***[   169,   128,     1,     1] [   192,   169, 24576]***[     0,     1,     1,     1] [     0,     0,     0]***[2]
 LINK_P                         54895052528 :  [2,1,1,1]
    FM_IN_PART     <523> (PP,U8b)[ 1, 1,    0, 1]:  L2( 0),   195,   195,   256, 49920,[24960,  0],     0 |||| FM_FULL        <522> ( L,S8b)[ 1, 1,    0, 1]: MSMC( 0),   192,   169,   256, 49152,[ 24576,     0],     0
     Src_Flow [     0,     1,     1,     1] [     0,     0,     0]***[   169,   128,     1,     1] [   195,-24960,     0]***[     0,     1,     1,     1] [     0,     0,     0]***[2]
     Snk_Flow [     0,     1,     1,     1] [     0,     0,     0]***[   169,   128,     1,     1] [   192,   169, 24576]***[     0,     1,     1,     1] [     0,     0,     0]***[2]
Padding Info [Row, Col]: Actual  IN -> OUT : [ 0,  0] -> [ 0,  0],  To fill zero OUT: [ 0,  0], Virtual Pad(T,L,B,R): [ 0,  0,  0,  0]

 ------------- 112( 0, 112, 0, 2, 0) [256 x 13 x  13] => [256 x 13 x  13] | TIDL_ConvolutionLayer
 LINK_X_FM_IN_FULL_TO_PART      59592673024 :  [0,1,1,1]
    FM_FULL        <522> ( L,S8b)[ 1, 1,    0, 1]: MSMC( 0),   192,   169,   256, 49152,[  0,  0],     0 |||| FM_IN_PART     <525> ( L,S8b)[ 1, 1,    0, 1]:  L2( 0),   192,   192,   256, 49280,[     0,     0],     0
     Src_Flow [     0,     1,     1,     1] [     0,     0,     0]***[   169,   256,     1,     1] [   192,   169, 49152]***[     0,     1,     1,     1] [     0,     0,     0]***[2]
     Snk_Flow [     0,     1,     1,     1] [     0,     0,     0]***[   169,   256,     1,     1] [   192,   169,     0]***[     0,     1,     1,     1] [     0,     0,     0]***[2]
 LINK_X_COEFF_IN_ANY_TO_FINAL   59643004672 :  [0,1,1,1]
    COEFF_FULL     <526> ( L,S8b)[ 1, 1,    0, 1]: DDR_PERSIST( 0),   256,   256,   256, 67072,[  0,  0],1f0c00 |||| COEFF_IN_FINAL <527> ( L,S8b)[ 1, 1,    0, 1]: MSMC( 0),   320,   256,   256, 83456,[     0,     0], 22300
     Src_Flow [     0,     1,     1,     1] [     0,     0,     0]***[   256,   256,     1,     1] [   256,   256, 65536]***[     0,     1,     1,     1] [     0,     0,     0]***[2]
     Snk_Flow [     0,     1,     1,     1] [     0,     0,     0]***[   256,   256,     1,     1] [   320,   256,     0]***[     0,     1,     1,     1] [     0,     0,     0]***[2]
 LINK_X_BIAS_IN_FULL_TO_FINAL   59659781888 :  [0,1,1,1]
    COEFF_BIAS_FULL <528> ( L,S8b)[ 1, 1,    0, 1]: DDR_PERSIST( 0),     6,     6,   256,  1536,[  0,  0],200c00 |||| COEFF_IN_BIAS  <529> ( L,S8b)[ 1, 1,    0, 1]: MSMC( 0),     6,     6,   256,  1536,[     0,     0], 36300
     Src_Flow [     0,     1,     1,     1] [     0,     0,     0]***[     6,   256,     1,     1] [     6,     6,  1536]***[     0,     1,     1,     1] [     0,     0,     0]***[2]
     Snk_Flow [     0,     1,     1,     1] [     0,     0,     0]***[     6,   256,     1,     1] [     6,     6,     0]***[     0,     1,     1,     1] [     0,     0,     0]***[2]
 LINK_P                         59726890752 :  [1,1,1,1]
    FM_IN_PART     <525> ( L,S8b)[ 1, 1,    0, 1]:  L2( 0),   192,   192,   256, 49280,[  0,  0],     0 |||| FM_FULL        <524> ( L,U8b)[ 1, 1,    0, 1]: MSMC( 0),   192,   169,   256, 49152,[     0,     0],     0
    COEFF_IN_FINAL  <527> ( L,S8b)[ 1, 1,    0, 1]: MSMC( 0),   320,   256,   256, 83456,[  0,  0], 22300
    COEFF_IN_BIAS   <529> ( L,S8b)[ 1, 1,    0, 1]: MSMC( 0),     6,     6,   256,  1536,[  0,  0], 36300
     Src_Flow [     0,     1,     1,     1] [     0,     0,     0]***[   169,   256,     1,     1] [   192,   169,     0]***[     0,     1,     1,     1] [     0,     0,     0]***[2]
    Src2_Flow [     0,     1,     1,     1] [     0,     0,     0]***[   256,   256,     1,     1] [   320, 81920,     0]***[     0,     1,     1,     1] [     0,     0,     0]***[2]
    Src2_Flow [     0,     1,     1,     1] [     0,     0,     0]***[     6,   256,     1,     1] [     6,  1536,     0]***[     0,     1,     1,     1] [     0,     0,     0]***[2]
     Snk_Flow [     0,     1,     1,     1] [     0,     0,     0]***[   169,   256,     1,     1] [   192,   169, 49152]***[     0,     1,     1,     1] [     0,     0,     0]***[2]
Padding Info [Row, Col]: Actual  IN -> OUT : [ 0,  0] -> [ 0,  0],  To fill zero OUT: [ 0,  0], Virtual Pad(T,L,B,R): [ 0,  0,  0,  0]

 ------------- 113( 0, 113, 0, 2, 0) [256 x 13 x  13] => [64 x 13 x  13] | TIDL_ConvolutionLayer
 LINK_X_FM_IN_FULL_TO_PART      60129543952 :  [0,1,1,1]
    FM_FULL        <524> ( L,U8b)[ 1, 1,    0, 1]: MSMC( 0),   192,   169,   256, 49152,[  0,  0],     0 |||| FM_IN_PART     <531> ( L,U8b)[ 1, 1,    0, 1]:  L2( 0),   192,   192,   256, 49280,[     0,     0],     0
     Src_Flow [     0,     1,     1,     1] [     0,     0,     0]***[   169,   256,     1,     1] [   192,   169, 49152]***[     0,     1,     1,     1] [     0,     0,     0]***[2]
     Snk_Flow [     0,     1,     1,     1] [     0,     0,     0]***[   169,   256,     1,     1] [   192,   169,     0]***[     0,     1,     1,     1] [     0,     0,     0]***[2]
 LINK_X_COEFF_IN_ANY_TO_FINAL   60179875600 :  [0,1,1,1]
    COEFF_FULL     <532> ( L,S8b)[ 1, 1,    0, 1]: DDR_PERSIST( 0),   256,   256,    64, 16768,[  0,  0],201200 |||| COEFF_IN_FINAL <533> ( L,S8b)[ 1, 1,    0, 1]: MSMC( 0),   320,   256,    64, 20864,[     0,     0],  c000
     Src_Flow [     0,     1,     1,     1] [     0,     0,     0]***[   256,    64,     1,     1] [   256,   256, 16384]***[     0,     1,     1,     1] [     0,     0,     0]***[2]
     Snk_Flow [     0,     1,     1,     1] [     0,     0,     0]***[   256,    64,     1,     1] [   320,   256,     0]***[     0,     1,     1,     1] [     0,     0,     0]***[2]
 LINK_X_BIAS_IN_FULL_TO_FINAL   60196652816 :  [0,1,1,1]
    COEFF_BIAS_FULL <534> ( L,S8b)[ 1, 1,    0, 1]: DDR_PERSIST( 0),     6,     6,    64,   384,[  0,  0],205200 |||| COEFF_IN_BIAS  <535> ( L,S8b)[ 1, 1,    0, 1]: MSMC( 0),     6,     6,    64,   384,[     0,     0], 11000
     Src_Flow [     0,     1,     1,     1] [     0,     0,     0]***[     6,    64,     1,     1] [     6,     6,   384]***[     0,     1,     1,     1] [     0,     0,     0]***[2]
     Snk_Flow [     0,     1,     1,     1] [     0,     0,     0]***[     6,    64,     1,     1] [     6,     6,     0]***[     0,     1,     1,     1] [     0,     0,     0]***[2]
 LINK_P                         60263761680 :  [1,1,1,1]
    FM_IN_PART     <531> ( L,U8b)[ 1, 1,    0, 1]:  L2( 0),   192,   192,   256, 49280,[  0,  0],     0 |||| FM_FULL        <530> ( L,U8b)[ 1, 1,    0, 1]: MSMC( 0),   192,   169,    64, 12288,[     0,     0],     0
    COEFF_IN_FINAL  <533> ( L,S8b)[ 1, 1,    0, 1]: MSMC( 0),   320,   256,    64, 20864,[  0,  0],  c000
    COEFF_IN_BIAS   <535> ( L,S8b)[ 1, 1,    0, 1]: MSMC( 0),     6,     6,    64,   384,[  0,  0], 11000
     Src_Flow [     0,     1,     1,     1] [     0,     0,     0]***[   169,   256,     1,     1] [   192,   169,     0]***[     0,     1,     1,     1] [     0,     0,     0]***[2]
    Src2_Flow [     0,     1,     1,     1] [     0,     0,     0]***[   256,    64,     1,     1] [   320, 20480,     0]***[     0,     1,     1,     1] [     0,     0,     0]***[2]
    Src2_Flow [     0,     1,     1,     1] [     0,     0,     0]***[     6,    64,     1,     1] [     6,   384,     0]***[     0,     1,     1,     1] [     0,     0,     0]***[2]
     Snk_Flow [     0,     1,     1,     1] [     0,     0,     0]***[   169,    64,     1,     1] [   192,   169, 12288]***[     0,     1,     1,     1] [     0,     0,     0]***[2]
Padding Info [Row, Col]: Actual  IN -> OUT : [ 0,  0] -> [ 0,  0],  To fill zero OUT: [ 0,  0], Virtual Pad(T,L,B,R): [ 0,  0,  0,  0]

 ------------- 114( 0, 115, 0, 2, 0) [64 x 13 x  13] => [64 x 13 x  13] | TIDL_ConvolutionLayer
 LINK_X_FM_IN_FULL_TO_PART      60666414896 :  [0,1,1,1]
    FM_FULL        <530> ( L,U8b)[ 1, 1,    0, 1]: MSMC( 0),   192,   169,    64, 12288,[  0,  0],     0 |||| FM_IN_PART     <537> ( L,U8b)[ 1, 1,    0, 1]:  L2( 0),   192,   192,    64, 12544,[   128,     0],     0
     Src_Flow [     0,     1,     1,     1] [     0,     0,     0]***[   169,    64,     1,     1] [   192,   169, 12288]***[     0,     1,     1,     1] [     0,     0,     0]***[2]
     Snk_Flow [     0,     1,     1,     1] [     0,     0,     0]***[   169,    64,     1,     1] [   192,   169,     0]***[     0,     1,     1,     1] [     0,     0,     0]***[2]
 LINK_X_COEFF_IN_ANY_TO_FINAL   60716746544 :  [0,1,1,1]
    COEFF_FULL     <538> ( L,S8b)[ 1, 1,    0, 1]: DDR_PERSIST( 0),   576,   576,    64, 37248,[  0,  0],205380 |||| COEFF_IN_FINAL <539> ( L,S8b)[ 1, 1,    0, 1]: MSMC( 0),   576,   576,    64, 37248,[     0,     0],  3000
     Src_Flow [     0,     1,     1,     1] [     0,     0,     0]***[   576,    64,     1,     1] [   576,   576, 36864]***[     0,     1,     1,     1] [     0,     0,     0]***[2]
     Snk_Flow [     0,     1,     1,     1] [     0,     0,     0]***[   576,    64,     1,     1] [   576,   576,     0]***[     0,     1,     1,     1] [     0,     0,     0]***[2]
 LINK_X_BIAS_IN_FULL_TO_FINAL   60733523760 :  [0,1,1,1]
    COEFF_BIAS_FULL <540> ( L,S8b)[ 1, 1,    0, 1]: DDR_PERSIST( 0),     6,     6,    64,   384,[  0,  0],20e380 |||| COEFF_IN_BIAS  <541> ( L,S8b)[ 1, 1,    0, 1]: MSMC( 0),     6,     6,    64,   384,[     0,     0],  c000
     Src_Flow [     0,     1,     1,     1] [     0,     0,     0]***[     6,    64,     1,     1] [     6,     6,   384]***[     0,     1,     1,     1] [     0,     0,     0]***[2]
     Snk_Flow [     0,     1,     1,     1] [     0,     0,     0]***[     6,    64,     1,     1] [     6,     6,     0]***[     0,     1,     1,     1] [     0,     0,     0]***[2]
 LINK_P                         60800632624 :  [1,1,1,1]
    FM_IN_PART     <537> ( L,U8b)[ 1, 1,    0, 1]:  L2( 0),   192,   192,    64, 12544,[128,  0],     0 |||| FM_FULL        <536> ( L,U8b)[ 1, 1,    0, 1]: MSMC( 0),   192,   169,    64, 12288,[     0,     0],  c180
    COEFF_IN_FINAL  <539> ( L,S8b)[ 1, 1,    0, 1]: MSMC( 0),   576,   576,    64, 37248,[  0,  0],  3000
    COEFF_IN_BIAS   <541> ( L,S8b)[ 1, 1,    0, 1]: MSMC( 0),     6,     6,    64,   384,[  0,  0],  c000
     Src_Flow [     0,     1,     1,     1] [     0,     0,     0]***[   169,    64,     1,     1] [   192,   169,     0]***[     0,     1,     1,     1] [     1,     1,     1]***[2]
    Src2_Flow [     0,     1,     1,     1] [     0,     0,     0]***[   576,    64,     1,     1] [   576, 36864,     0]***[     0,     1,     1,     1] [     0,     0,     0]***[2]
    Src2_Flow [     0,     1,     1,     1] [     0,     0,     0]***[     6,    64,     1,     1] [     6,   384,     0]***[     0,     1,     1,     1] [     0,     0,     0]***[2]
     Snk_Flow [     0,     1,     1,     1] [     0,     0,     0]***[   169,    64,     1,     1] [   192,   169, 12288]***[     0,     1,     1,     1] [     0,     0,     0]***[2]
Padding Info [Row, Col]: Actual  IN -> OUT : [ 0,  0] -> [ 0,  0],  To fill zero OUT: [ 0,  0], Virtual Pad(T,L,B,R): [ 1,  1,  1,  1]

 ------------- 115( 0, 117, 0, 2, 0) [64 x 13 x  13] => [64 x 13 x  13] | TIDL_ConvolutionLayer
 LINK_X_FM_IN_FULL_TO_PART      61740156752 :  [0,1,1,1]
    FM_FULL        <536> ( L,U8b)[ 1, 1,    0, 1]: MSMC( 0),   192,   169,    64, 12288,[  0,  0],  c180 |||| FM_IN_PART     <543> ( L,U8b)[ 1, 1,    0, 1]:  L2( 0),   192,   192,    64, 12544,[   128,     0],     0
     Src_Flow [     0,     1,     1,     1] [     0,     0,     0]***[   169,    64,     1,     1] [   192,   169, 12288]***[     0,     1,     1,     1] [     0,     0,     0]***[2]
     Snk_Flow [     0,     1,     1,     1] [     0,     0,     0]***[   169,    64,     1,     1] [   192,   169,     0]***[     0,     1,     1,     1] [     0,     0,     0]***[2]
 LINK_X_COEFF_IN_ANY_TO_FINAL   61790488400 :  [0,1,1,1]
    COEFF_FULL     <544> ( L,S8b)[ 1, 1,    0, 1]: DDR_PERSIST( 0),   576,   576,    64, 37248,[  0,  0],20e500 |||| COEFF_IN_FINAL <545> ( L,S8b)[ 1, 1,    0, 1]: MSMC( 0),   576,   576,    64, 37248,[     0,     0],  3000
     Src_Flow [     0,     1,     1,     1] [     0,     0,     0]***[   576,    64,     1,     1] [   576,   576, 36864]***[     0,     1,     1,     1] [     0,     0,     0]***[2]
     Snk_Flow [     0,     1,     1,     1] [     0,     0,     0]***[   576,    64,     1,     1] [   576,   576,     0]***[     0,     1,     1,     1] [     0,     0,     0]***[2]
 LINK_X_BIAS_IN_FULL_TO_FINAL   61807265616 :  [0,1,1,1]
    COEFF_BIAS_FULL <546> ( L,S8b)[ 1, 1,    0, 1]: DDR_PERSIST( 0),     6,     6,    64,   384,[  0,  0],217500 |||| COEFF_IN_BIAS  <547> ( L,S8b)[ 1, 1,    0, 1]: MSMC( 0),     6,     6,    64,   384,[     0,     0],  c000
     Src_Flow [     0,     1,     1,     1] [     0,     0,     0]***[     6,    64,     1,     1] [     6,     6,   384]***[     0,     1,     1,     1] [     0,     0,     0]***[2]
     Snk_Flow [     0,     1,     1,     1] [     0,     0,     0]***[     6,    64,     1,     1] [     6,     6,     0]***[     0,     1,     1,     1] [     0,     0,     0]***[2]
 LINK_P                         61874374480 :  [1,1,1,1]
    FM_IN_PART     <543> ( L,U8b)[ 1, 1,    0, 1]:  L2( 0),   192,   192,    64, 12544,[128,  0],     0 |||| FM_FULL        <542> ( L,U8b)[ 1, 1,    0, 1]: MSMC( 0),   192,   169,    64, 12288,[     0,     0],  c180
    COEFF_IN_FINAL  <545> ( L,S8b)[ 1, 1,    0, 1]: MSMC( 0),   576,   576,    64, 37248,[  0,  0],  3000
    COEFF_IN_BIAS   <547> ( L,S8b)[ 1, 1,    0, 1]: MSMC( 0),     6,     6,    64,   384,[  0,  0],  c000
     Src_Flow [     0,     1,     1,     1] [     0,     0,     0]***[   169,    64,     1,     1] [   192,   169,     0]***[     0,     1,     1,     1] [     1,     1,     1]***[2]
    Src2_Flow [     0,     1,     1,     1] [     0,     0,     0]***[   576,    64,     1,     1] [   576, 36864,     0]***[     0,     1,     1,     1] [     0,     0,     0]***[2]
    Src2_Flow [     0,     1,     1,     1] [     0,     0,     0]***[     6,    64,     1,     1] [     6,   384,     0]***[     0,     1,     1,     1] [     0,     0,     0]***[2]
     Snk_Flow [     0,     1,     1,     1] [     0,     0,     0]***[   169,    64,     1,     1] [   192,   169, 12288]***[     0,     1,     1,     1] [     0,     0,     0]***[2]
Padding Info [Row, Col]: Actual  IN -> OUT : [ 0,  0] -> [ 0,  0],  To fill zero OUT: [ 0,  0], Virtual Pad(T,L,B,R): [ 1,  1,  1,  1]

 ------------- 116( 0, 120, 0, 2, 0) [64 x 13 x  13] => [1 x 13 x  13] | TIDL_ConvolutionLayer
 LINK_X_FM_IN_FULL_TO_PART      62813898624 :  [0,1,1,1]
    FM_FULL        <542> ( L,U8b)[ 1, 1,    0, 1]: MSMC( 0),   192,   169,    64, 12288,[  0,  0],  c180 |||| FM_IN_PART     <549> ( L,U16b)[ 1, 1,    0, 1]:  L2( 0),   224,   224,    64, 14400,[     0,     0],     0
     Src_Flow [     0,     1,     1,     1] [     0,     0,     0]***[   169,    64,     1,     1] [   192,   169, 12288]***[     0,     1,     1,     1] [     0,     0,     0]***[2]
     Snk_Flow [     0,     1,     1,     1] [     0,     0,     0]***[   169,    64,     1,     1] [   224,   169,     0]***[     0,     1,     1,     1] [     0,     0,     0]***[2]
 LINK_X_COEFF_IN_ANY_TO_FINAL   62864230272 :  [0,1,1,1]
    COEFF_FULL     <550> ( L,S16b)[ 1, 1,    0, 1]: DDR_PERSIST( 0),    64,    64,     1,   128,[  0,  0],217680 |||| COEFF_IN_FINAL <551> ( L,S16b)[ 1, 1,    0, 1]: MSMC( 0),    96,    64,     1,   128,[     0,     0],  3200
     Src_Flow [     0,     1,     1,     1] [     0,     0,     0]***[    64,     1,     1,     1] [    64,    64,    64]***[     0,     1,     1,     1] [     0,     0,     0]***[2]
     Snk_Flow [     0,     1,     1,     1] [     0,     0,     0]***[    64,     1,     1,     1] [    96,    64,     0]***[     0,     1,     1,     1] [     0,     0,     0]***[2]
 LINK_X_BIAS_IN_FULL_TO_FINAL   62881007488 :  [0,1,1,1]
    COEFF_BIAS_FULL <552> ( L,S16b)[ 1, 1,    0, 1]: DDR_PERSIST( 0),     4,     4,    16,    64,[  0,  0],217700 |||| COEFF_IN_BIAS  <553> ( L,S16b)[ 1, 1,    0, 1]: MSMC( 0),     4,     4,     8,    32,[     0,     0],  32c0
     Src_Flow [     0,     1,     1,     1] [     0,     0,     0]***[     4,     1,     1,     1] [     4,     4,     4]***[     0,     1,     1,     1] [     0,     0,     0]***[2]
     Snk_Flow [     0,     1,     1,     1] [     0,     0,     0]***[     4,     1,     1,     1] [     4,     4,     0]***[     0,     1,     1,     1] [     0,     0,     0]***[2]
 LINK_P                         62948116352 :  [1,1,1,1]
    FM_IN_PART     <549> ( L,U16b)[ 1, 1,    0, 1]:  L2( 0),   224,   224,    64, 14400,[  0,  0],     0 |||| FM_FULL        <548> ( L,S16b)[ 1, 1,    0, 1]: MSMC( 0),   224,   169,     1,   256,[     0,     0],  3000
    COEFF_IN_FINAL  <551> ( L,S16b)[ 1, 1,    0, 1]: MSMC( 0),    96,    64,     1,   128,[  0,  0],  3200
    COEFF_IN_BIAS   <553> ( L,S16b)[ 1, 1,    0, 1]: MSMC( 0),     4,     4,     8,    32,[  0,  0],  32c0
     Src_Flow [     0,     1,     1,     1] [     0,     0,     0]***[   169,    64,     1,     1] [   224,   169,     0]***[     0,     1,     1,     1] [     0,     0,     0]***[2]
    Src2_Flow [     0,     1,     1,     1] [     0,     0,     0]***[    64,     1,     1,     1] [    96,    96,     0]***[     0,     1,     1,     1] [     0,     0,     0]***[2]
    Src2_Flow [     0,     1,     1,     1] [     0,     0,     0]***[     4,     1,     1,     1] [     4,     4,     0]***[     0,     1,     1,     1] [     0,     0,     0]***[2]
     Snk_Flow [     0,     1,     1,     1] [     0,     0,     0]***[   169,     1,     1,     1] [   224,   169,   224]***[     0,     1,     1,     1] [     0,     0,     0]***[2]
Padding Info [Row, Col]: Actual  IN -> OUT : [ 0,  0] -> [ 0,  0],  To fill zero OUT: [ 0,  0], Virtual Pad(T,L,B,R): [ 0,  0,  0,  0]

 ------------- 117( 0, 114, 0, 2, 0) [64 x 13 x  13] => [64 x 13 x  13] | TIDL_ConvolutionLayer
 LINK_X_FM_IN_FULL_TO_PART      60666414880 :  [0,1,1,1]
    FM_FULL        <530> ( L,U8b)[ 1, 1,    0, 1]: MSMC( 0),   192,   169,    64, 12288,[  0,  0],     0 |||| FM_IN_PART     <555> ( L,U8b)[ 1, 1,    0, 1]:  L2( 0),   192,   192,    64, 12544,[   128,     0],     0
     Src_Flow [     0,     1,     1,     1] [     0,     0,     0]***[   169,    64,     1,     1] [   192,   169, 12288]***[     0,     1,     1,     1] [     0,     0,     0]***[2]
     Snk_Flow [     0,     1,     1,     1] [     0,     0,     0]***[   169,    64,     1,     1] [   192,   169,     0]***[     0,     1,     1,     1] [     0,     0,     0]***[2]
 LINK_X_COEFF_IN_ANY_TO_FINAL   60716746528 :  [0,1,1,1]
    COEFF_FULL     <556> ( L,S8b)[ 1, 1,    0, 1]: DDR_PERSIST( 0),   576,   576,    64, 37248,[  0,  0],217780 |||| COEFF_IN_FINAL <557> ( L,S8b)[ 1, 1,    0, 1]: MSMC( 0),   576,   576,    64, 37248,[     0,     0],  3200
     Src_Flow [     0,     1,     1,     1] [     0,     0,     0]***[   576,    64,     1,     1] [   576,   576, 36864]***[     0,     1,     1,     1] [     0,     0,     0]***[2]
     Snk_Flow [     0,     1,     1,     1] [     0,     0,     0]***[   576,    64,     1,     1] [   576,   576,     0]***[     0,     1,     1,     1] [     0,     0,     0]***[2]
 LINK_X_BIAS_IN_FULL_TO_FINAL   60733523744 :  [0,1,1,1]
    COEFF_BIAS_FULL <558> ( L,S8b)[ 1, 1,    0, 1]: DDR_PERSIST( 0),     6,     6,    64,   384,[  0,  0],220780 |||| COEFF_IN_BIAS  <559> ( L,S8b)[ 1, 1,    0, 1]: MSMC( 0),     6,     6,    64,   384,[     0,     0],  c200
     Src_Flow [     0,     1,     1,     1] [     0,     0,     0]***[     6,    64,     1,     1] [     6,     6,   384]***[     0,     1,     1,     1] [     0,     0,     0]***[2]
     Snk_Flow [     0,     1,     1,     1] [     0,     0,     0]***[     6,    64,     1,     1] [     6,     6,     0]***[     0,     1,     1,     1] [     0,     0,     0]***[2]
 LINK_P                         60800632608 :  [1,1,1,1]
    FM_IN_PART     <555> ( L,U8b)[ 1, 1,    0, 1]:  L2( 0),   192,   192,    64, 12544,[128,  0],     0 |||| FM_FULL        <554> ( L,U8b)[ 1, 1,    0, 1]: MSMC( 0),   192,   169,    64, 12288,[     0,     0],     0
    COEFF_IN_FINAL  <557> ( L,S8b)[ 1, 1,    0, 1]: MSMC( 0),   576,   576,    64, 37248,[  0,  0],  3200
    COEFF_IN_BIAS   <559> ( L,S8b)[ 1, 1,    0, 1]: MSMC( 0),     6,     6,    64,   384,[  0,  0],  c200
     Src_Flow [     0,     1,     1,     1] [     0,     0,     0]***[   169,    64,     1,     1] [   192,   169,     0]***[     0,     1,     1,     1] [     1,     1,     1]***[2]
    Src2_Flow [     0,     1,     1,     1] [     0,     0,     0]***[   576,    64,     1,     1] [   576, 36864,     0]***[     0,     1,     1,     1] [     0,     0,     0]***[2]
    Src2_Flow [     0,     1,     1,     1] [     0,     0,     0]***[     6,    64,     1,     1] [     6,   384,     0]***[     0,     1,     1,     1] [     0,     0,     0]***[2]
     Snk_Flow [     0,     1,     1,     1] [     0,     0,     0]***[   169,    64,     1,     1] [   192,   169, 12288]***[     0,     1,     1,     1] [     0,     0,     0]***[2]
Padding Info [Row, Col]: Actual  IN -> OUT : [ 0,  0] -> [ 0,  0],  To fill zero OUT: [ 0,  0], Virtual Pad(T,L,B,R): [ 1,  1,  1,  1]

 ------------- 118( 0, 116, 0, 2, 0) [64 x 13 x  13] => [64 x 13 x  13] | TIDL_ConvolutionLayer
 LINK_X_FM_IN_FULL_TO_PART      61203285824 :  [0,1,1,1]
    FM_FULL        <554> ( L,U8b)[ 1, 1,    0, 1]: MSMC( 0),   192,   169,    64, 12288,[  0,  0],     0 |||| FM_IN_PART     <561> ( L,U8b)[ 1, 1,    0, 1]:  L2( 0),   192,   192,    64, 12544,[   128,     0],     0
     Src_Flow [     0,     1,     1,     1] [     0,     0,     0]***[   169,    64,     1,     1] [   192,   169, 12288]***[     0,     1,     1,     1] [     0,     0,     0]***[2]
     Snk_Flow [     0,     1,     1,     1] [     0,     0,     0]***[   169,    64,     1,     1] [   192,   169,     0]***[     0,     1,     1,     1] [     0,     0,     0]***[2]
 LINK_X_COEFF_IN_ANY_TO_FINAL   61253617472 :  [0,1,1,1]
    COEFF_FULL     <562> ( L,S8b)[ 1, 1,    0, 1]: DDR_PERSIST( 0),   576,   576,    64, 37248,[  0,  0],220900 |||| COEFF_IN_FINAL <563> ( L,S8b)[ 1, 1,    0, 1]: MSMC( 0),   576,   576,    64, 37248,[     0,     0],  3200
     Src_Flow [     0,     1,     1,     1] [     0,     0,     0]***[   576,    64,     1,     1] [   576,   576, 36864]***[     0,     1,     1,     1] [     0,     0,     0]***[2]
     Snk_Flow [     0,     1,     1,     1] [     0,     0,     0]***[   576,    64,     1,     1] [   576,   576,     0]***[     0,     1,     1,     1] [     0,     0,     0]***[2]
 LINK_X_BIAS_IN_FULL_TO_FINAL   61270394688 :  [0,1,1,1]
    COEFF_BIAS_FULL <564> ( L,S8b)[ 1, 1,    0, 1]: DDR_PERSIST( 0),     6,     6,    64,   384,[  0,  0],229900 |||| COEFF_IN_BIAS  <565> ( L,S8b)[ 1, 1,    0, 1]: MSMC( 0),     6,     6,    64,   384,[     0,     0],  c200
     Src_Flow [     0,     1,     1,     1] [     0,     0,     0]***[     6,    64,     1,     1] [     6,     6,   384]***[     0,     1,     1,     1] [     0,     0,     0]***[2]
     Snk_Flow [     0,     1,     1,     1] [     0,     0,     0]***[     6,    64,     1,     1] [     6,     6,     0]***[     0,     1,     1,     1] [     0,     0,     0]***[2]
 LINK_P                         61337503552 :  [1,1,1,1]
    FM_IN_PART     <561> ( L,U8b)[ 1, 1,    0, 1]:  L2( 0),   192,   192,    64, 12544,[128,  0],     0 |||| FM_FULL        <560> ( L,U8b)[ 1, 1,    0, 1]: MSMC( 0),   192,   169,    64, 12288,[     0,     0],     0
    COEFF_IN_FINAL  <563> ( L,S8b)[ 1, 1,    0, 1]: MSMC( 0),   576,   576,    64, 37248,[  0,  0],  3200
    COEFF_IN_BIAS   <565> ( L,S8b)[ 1, 1,    0, 1]: MSMC( 0),     6,     6,    64,   384,[  0,  0],  c200
     Src_Flow [     0,     1,     1,     1] [     0,     0,     0]***[   169,    64,     1,     1] [   192,   169,     0]***[     0,     1,     1,     1] [     1,     1,     1]***[2]
    Src2_Flow [     0,     1,     1,     1] [     0,     0,     0]***[   576,    64,     1,     1] [   576, 36864,     0]***[     0,     1,     1,     1] [     0,     0,     0]***[2]
    Src2_Flow [     0,     1,     1,     1] [     0,     0,     0]***[     6,    64,     1,     1] [     6,   384,     0]***[     0,     1,     1,     1] [     0,     0,     0]***[2]
     Snk_Flow [     0,     1,     1,     1] [     0,     0,     0]***[   169,    64,     1,     1] [   192,   169, 12288]***[     0,     1,     1,     1] [     0,     0,     0]***[2]
Padding Info [Row, Col]: Actual  IN -> OUT : [ 0,  0] -> [ 0,  0],  To fill zero OUT: [ 0,  0], Virtual Pad(T,L,B,R): [ 1,  1,  1,  1]

 ------------- 119( 0, 118, 0, 2, 0) [64 x 13 x  13] => [1 x 13 x  13] | TIDL_ConvolutionLayer
 LINK_X_FM_IN_FULL_TO_PART      62277027680 :  [0,1,1,1]
    FM_FULL        <560> ( L,U8b)[ 1, 1,    0, 1]: MSMC( 0),   192,   169,    64, 12288,[  0,  0],     0 |||| FM_IN_PART     <567> ( L,U16b)[ 1, 1,    0, 1]:  L2( 0),   224,   224,    64, 14400,[     0,     0],     0
     Src_Flow [     0,     1,     1,     1] [     0,     0,     0]***[   169,    64,     1,     1] [   192,   169, 12288]***[     0,     1,     1,     1] [     0,     0,     0]***[2]
     Snk_Flow [     0,     1,     1,     1] [     0,     0,     0]***[   169,    64,     1,     1] [   224,   169,     0]***[     0,     1,     1,     1] [     0,     0,     0]***[2]
 LINK_X_COEFF_IN_ANY_TO_FINAL   62327359328 :  [0,1,1,1]
    COEFF_FULL     <568> ( L,S16b)[ 1, 1,    0, 1]: DDR_PERSIST( 0),    64,    64,     1,   128,[  0,  0],229a80 |||| COEFF_IN_FINAL <569> ( L,S16b)[ 1, 1,    0, 1]: MSMC( 0),    96,    64,     1,   128,[     0,     0],  3400
     Src_Flow [     0,     1,     1,     1] [     0,     0,     0]***[    64,     1,     1,     1] [    64,    64,    64]***[     0,     1,     1,     1] [     0,     0,     0]***[2]
     Snk_Flow [     0,     1,     1,     1] [     0,     0,     0]***[    64,     1,     1,     1] [    96,    64,     0]***[     0,     1,     1,     1] [     0,     0,     0]***[2]
 LINK_X_BIAS_IN_FULL_TO_FINAL   62344136544 :  [0,1,1,1]
    COEFF_BIAS_FULL <570> ( L,S16b)[ 1, 1,    0, 1]: DDR_PERSIST( 0),     4,     4,    16,    64,[  0,  0],229b00 |||| COEFF_IN_BIAS  <571> ( L,S16b)[ 1, 1,    0, 1]: MSMC( 0),     4,     4,     8,    32,[     0,     0],  34c0
     Src_Flow [     0,     1,     1,     1] [     0,     0,     0]***[     4,     1,     1,     1] [     4,     4,     4]***[     0,     1,     1,     1] [     0,     0,     0]***[2]
     Snk_Flow [     0,     1,     1,     1] [     0,     0,     0]***[     4,     1,     1,     1] [     4,     4,     0]***[     0,     1,     1,     1] [     0,     0,     0]***[2]
 LINK_P                         62411245408 :  [1,1,1,1]
    FM_IN_PART     <567> ( L,U16b)[ 1, 1,    0, 1]:  L2( 0),   224,   224,    64, 14400,[  0,  0],     0 |||| FM_FULL        <566> ( L,S16b)[ 1, 1,    0, 1]: MSMC( 0),   224,   169,     1,   256,[     0,     0],  3200
    COEFF_IN_FINAL  <569> ( L,S16b)[ 1, 1,    0, 1]: MSMC( 0),    96,    64,     1,   128,[  0,  0],  3400
    COEFF_IN_BIAS   <571> ( L,S16b)[ 1, 1,    0, 1]: MSMC( 0),     4,     4,     8,    32,[  0,  0],  34c0
     Src_Flow [     0,     1,     1,     1] [     0,     0,     0]***[   169,    64,     1,     1] [   224,   169,     0]***[     0,     1,     1,     1] [     0,     0,     0]***[2]
    Src2_Flow [     0,     1,     1,     1] [     0,     0,     0]***[    64,     1,     1,     1] [    96,    96,     0]***[     0,     1,     1,     1] [     0,     0,     0]***[2]
    Src2_Flow [     0,     1,     1,     1] [     0,     0,     0]***[     4,     1,     1,     1] [     4,     4,     0]***[     0,     1,     1,     1] [     0,     0,     0]***[2]
     Snk_Flow [     0,     1,     1,     1] [     0,     0,     0]***[   169,     1,     1,     1] [   224,   169,   224]***[     0,     1,     1,     1] [     0,     0,     0]***[2]
Padding Info [Row, Col]: Actual  IN -> OUT : [ 0,  0] -> [ 0,  0],  To fill zero OUT: [ 0,  0], Virtual Pad(T,L,B,R): [ 0,  0,  0,  0]

 ------------- 120( 0, 119, 0, 2, 0) [64 x 13 x  13] => [4 x 13 x  13] | TIDL_ConvolutionLayer
 LINK_X_FM_IN_FULL_TO_PART      62277027696 :  [0,1,1,1]
    FM_FULL        <560> ( L,U8b)[ 1, 1,    0, 1]: MSMC( 0),   192,   169,    64, 12288,[  0,  0],     0 |||| FM_IN_PART     <573> ( L,U16b)[ 1, 1,    0, 1]:  L2( 0),   224,   224,    64, 14400,[     0,     0],     0
     Src_Flow [     0,     1,     1,     1] [     0,     0,     0]***[   169,    64,     1,     1] [   192,   169, 12288]***[     0,     1,     1,     1] [     0,     0,     0]***[2]
     Snk_Flow [     0,     1,     1,     1] [     0,     0,     0]***[   169,    64,     1,     1] [   224,   169,     0]***[     0,     1,     1,     1] [     0,     0,     0]***[2]
 LINK_X_COEFF_IN_ANY_TO_FINAL   62327359344 :  [0,1,1,1]
    COEFF_FULL     <574> ( L,S16b)[ 1, 1,    0, 1]: DDR_PERSIST( 0),    64,    64,     4,   320,[  0,  0],229b80 |||| COEFF_IN_FINAL <575> ( L,S16b)[ 1, 1,    0, 1]: MSMC( 0),    96,    64,     4,   448,[     0,     0],  3400
     Src_Flow [     0,     1,     1,     1] [     0,     0,     0]***[    64,     4,     1,     1] [    64,    64,   256]***[     0,     1,     1,     1] [     0,     0,     0]***[2]
     Snk_Flow [     0,     1,     1,     1] [     0,     0,     0]***[    64,     4,     1,     1] [    96,    64,     0]***[     0,     1,     1,     1] [     0,     0,     0]***[2]
 LINK_X_BIAS_IN_FULL_TO_FINAL   62344136560 :  [0,1,1,1]
    COEFF_BIAS_FULL <576> ( L,S16b)[ 1, 1,    0, 1]: DDR_PERSIST( 0),     4,     4,    16,    64,[  0,  0],229d80 |||| COEFF_IN_BIAS  <577> ( L,S16b)[ 1, 1,    0, 1]: MSMC( 0),     4,     4,    16,    64,[     0,     0],  3700
     Src_Flow [     0,     1,     1,     1] [     0,     0,     0]***[     4,     4,     1,     1] [     4,     4,    16]***[     0,     1,     1,     1] [     0,     0,     0]***[2]
     Snk_Flow [     0,     1,     1,     1] [     0,     0,     0]***[     4,     4,     1,     1] [     4,     4,     0]***[     0,     1,     1,     1] [     0,     0,     0]***[2]
 LINK_P                         62411245424 :  [1,1,1,1]
    FM_IN_PART     <573> ( L,U16b)[ 1, 1,    0, 1]:  L2( 0),   224,   224,    64, 14400,[  0,  0],     0 |||| FM_FULL        <572> ( L,S16b)[ 1, 1,    0, 1]: MSMC( 0),   224,   169,     4,   896,[     0,     0],  3780
    COEFF_IN_FINAL  <575> ( L,S16b)[ 1, 1,    0, 1]: MSMC( 0),    96,    64,     4,   448,[  0,  0],  3400
    COEFF_IN_BIAS   <577> ( L,S16b)[ 1, 1,    0, 1]: MSMC( 0),     4,     4,    16,    64,[  0,  0],  3700
     Src_Flow [     0,     1,     1,     1] [     0,     0,     0]***[   169,    64,     1,     1] [   224,   169,     0]***[     0,     1,     1,     1] [     0,     0,     0]***[2]
    Src2_Flow [     0,     1,     1,     1] [     0,     0,     0]***[    64,     4,     1,     1] [    96,   384,     0]***[     0,     1,     1,     1] [     0,     0,     0]***[2]
    Src2_Flow [     0,     1,     1,     1] [     0,     0,     0]***[     4,     4,     1,     1] [     4,    16,     0]***[     0,     1,     1,     1] [     0,     0,     0]***[2]
     Snk_Flow [     0,     1,     1,     1] [     0,     0,     0]***[   169,     4,     1,     1] [   224,   169,   896]***[     0,     1,     1,     1] [     0,     0,     0]***[2]
Padding Info [Row, Col]: Actual  IN -> OUT : [ 0,  0] -> [ 0,  0],  To fill zero OUT: [ 0,  0], Virtual Pad(T,L,B,R): [ 0,  0,  0,  0]

 ------------- 121( 0, 121, 0, 7, 0) [6 x 13 x  13] => [6 x 13 x  13] | TIDL_ConcatLayer
 LINK_X_FM_IN_FULL_TO_PART      63887640464 :  [0,4,1,1]
    FM_FULL        <572> ( L,S16b)[ 4, 1,    0, 1]: MSMC( 0),   224,   169,     4,   896,[  0,  0],  3780 |||| FM_IN_PART     <579> (PP,S16b)[ 4, 1,    0, 1]:  L2( 0),   227,   227,     2,   512,[     0,     0],     0
     Src_Flow [     0,     1,     1,     1] [     0,     0,     0]***[   169,     1,     4,     1] [   224,   224,   224]***[     0,     1,     1,     1] [     0,     0,     0]***[2]
     Snk_Flow [     0,     1,     1,     1] [     0,     0,     0]***[   169,     1,     2,     2] [   227,   227,     0]***[     0,     1,     1,     1] [     0,     0,     0]***[2]
 LINK_X_FM_IN_FULL_TO_PART      63350769552 :  [4,1,1,1]
    FM_FULL        <566> ( L,S16b)[ 1, 1,    0, 1]: MSMC( 0),   224,   169,     1,   256,[  0,  0],  3200 |||| FM_IN_PART     <579> (PP,S16b)[ 1, 1,    0, 1]:  L2( 0),   227,   227,     2,   512,[     0,     0],     0
     Src_Flow [     0,     1,     1,     1] [     0,     0,     0]***[   169,     1,     1,     1] [   224,   169,   224]***[     0,     1,     1,     1] [     0,     0,     0]***[2]
     Snk_Flow [     0,     1,     1,     1] [     0,     0,     0]***[   169,     1,     1,     1] [   227,   227,     0]***[     0,     1,     1,     1] [     0,     0,     0]***[2]
 LINK_X_FM_IN_FULL_TO_PART      64424511376 :  [5,1,1,1]
    FM_FULL        <548> ( L,S16b)[ 1, 1,    0, 1]: MSMC( 0),   224,   169,     1,   256,[  0,  0],  3000 |||| FM_IN_PART     <579> (PP,S16b)[ 1, 1,    0, 1]:  L2( 0),   227,   227,     2,   512,[   227,     0],     0
     Src_Flow [     0,     1,     1,     1] [     0,     0,     0]***[   169,     1,     1,     1] [   224,   169,   224]***[     0,     1,     1,     1] [     0,     0,     0]***[2]
     Snk_Flow [     0,     1,     1,     1] [     0,     0,     0]***[   169,     1,     1,     1] [   227,  -227,     0]***[     0,     1,     1,     1] [     0,     0,     0]***[2]
 LINK_P                         64021858192 :  [1,4,1,1]
    FM_IN_PART     <579> (PP,S16b)[ 4, 1,    0, 1]:  L2( 0),   227,   227,     2,   512,[  0,  0],     0 |||| FM_FULL        <578> ( L,S16b)[ 4, 1,    0, 1]: MSMC( 0),   224,   169,     6,  1344,[     0,     0],     0
     Src_Flow [     0,     1,     1,     1] [     0,     0,     0]***[   169,     1,     2,     2] [   227,   227,     0]***[     0,     1,     1,     1] [     0,     0,     0]***[2]
     Snk_Flow [     0,     1,     1,     1] [     0,     0,     0]***[   169,     1,     4,     1] [   224,   224,   224]***[     0,     1,     1,     1] [     0,     0,     0]***[2]
 LINK_P                         63484987280 :  [5,1,1,1]
    FM_IN_PART     <579> (PP,S16b)[ 1, 1,    0, 1]:  L2( 0),   227,   227,     2,   512,[  0,  0],     0 |||| FM_FULL        <578> ( L,S16b)[ 1, 1,    0, 1]: MSMC( 0),   224,   169,     6,  1344,[   896,     0],     0
     Src_Flow [     0,     1,     1,     1] [     0,     0,     0]***[   169,     1,     1,     1] [   227,   227,     0]***[     0,     1,     1,     1] [     0,     0,     0]***[2]
     Snk_Flow [     0,     1,     1,     1] [     0,     0,     0]***[   169,     1,     1,     1] [   224,   169,   224]***[     0,     1,     1,     1] [     0,     0,     0]***[2]
 LINK_P                         64558729104 :  [6,1,1,1]
    FM_IN_PART     <579> (PP,S16b)[ 1, 1,    0, 1]:  L2( 0),   227,   227,     2,   512,[227,  0],     0 |||| FM_FULL        <578> ( L,S16b)[ 1, 1,    0, 1]: MSMC( 0),   224,   169,     6,  1344,[  1120,     0],     0
     Src_Flow [     0,     1,     1,     1] [     0,     0,     0]***[   169,     1,     1,     1] [   227,  -227,     0]***[     0,     1,     1,     1] [     0,     0,     0]***[2]
     Snk_Flow [     0,     1,     1,     1] [     0,     0,     0]***[   169,     1,     1,     1] [   224,   169,   224]***[     0,     1,     1,     1] [     0,     0,     0]***[2]
Padding Info [Row, Col]: Actual  IN -> OUT : [ 0,  0] -> [ 0,  0],  To fill zero OUT: [ 0,  0], Virtual Pad(T,L,B,R): [ 0,  0,  0,  0]

 ------------- 122( 0, 122, 0, 4, 0) [6 x 52 x  52] => [1 x 1405 x  1] | TIDL_DetectionOutputLayer
 LINK_X_FM_IN_FULL_TO_PART      49928996768 :  [0,3,1,1]
    FM_FULL        <398> ( L,S16b)[ 3, 1,    0, 1]: MSMC( 0),  2720,  2704,     6, 16320,[  0,  0], 42100 |||| FM_IN_PART     <581> (PP,S16b)[ 3, 1,    0, 1]:  L2( 0),  2730,  2730,     4, 10944,[     0,     0],     0
     Src_Flow [     0,     1,     1,     1] [     0,     0,     0]***[  2704,     2,     3,     1] [  2720,  5440,  5440]***[     0,     1,     1,     1] [     0,     0,     0]***[2]
     Snk_Flow [     0,     1,     1,     1] [     0,     0,     0]***[  2704,     2,     2,     2] [  2730,  5460,     0]***[     0,     1,     1,     1] [     0,     0,     0]***[2]
 LINK_X_FM_IN_FULL_TO_PART      49928996768 :  [0,3,1,1]
    FM_FULL        <488> ( L,S16b)[ 3, 1,    0, 1]: MSMC( 0),   736,   676,     6,  4416,[  0,  0], 20080 |||| FM_IN_PART     <581> (PP,S16b)[ 3, 1,    0, 1]:  L2( 0),  2730,  2730,     4, 10944,[     0,     0],     0
     Src_Flow [     0,     1,     1,     1] [     0,     0,     0]***[  2704,     2,     3,     1] [   736,  1472,  1472]***[     0,     1,     1,     1] [     0,     0,     0]***[2]
     Snk_Flow [     0,     1,     1,     1] [     0,     0,     0]***[  2704,     2,     2,     2] [  2730,  5460,     0]***[     0,     1,     1,     1] [     0,     0,     0]***[2]
 LINK_X_FM_IN_FULL_TO_PART      49928996768 :  [0,3,1,1]
    FM_FULL        <578> ( L,S16b)[ 3, 1,    0, 1]: MSMC( 0),   224,   169,     6,  1344,[  0,  0],     0 |||| FM_IN_PART     <581> (PP,S16b)[ 3, 1,    0, 1]:  L2( 0),  2730,  2730,     4, 10944,[     0,     0],     0
     Src_Flow [     0,     1,     1,     1] [     0,     0,     0]***[  2704,     2,     3,     1] [   224,   448,   448]***[     0,     1,     1,     1] [     0,     0,     0]***[2]
     Snk_Flow [     0,     1,     1,     1] [     0,     0,     0]***[  2704,     2,     2,     2] [  2730,  5460,     0]***[     0,     1,     1,     1] [     0,     0,     0]***[2]
 LINK_P                         50063214496 :  [1,3,1,1]
    FM_IN_PART     <581> (PP,S16b)[ 3, 1,    0, 1]:  L2( 0),  2730,  2730,     4, 10944,[  0,  0],     0 |||| FM_FULL        <580> ( L,F32b)[ 3, 1,    0, 1]: MSMC( 0),  1424,  1405,     1,  1440,[     0,     0],   a80
     Src_Flow [     0,     1,     1,     1] [     0,     0,     0]***[  2704,     2,     2,     2] [  2730,  5460,     0]***[     0,     1,     1,     1] [     0,     0,     0]***[2]
     Snk_Flow [     0,     1,     1,     1] [     0,     0,     0]***[ 36530,     2,     3,     1] [  1424,  2848,  2848]***[     0,     1,     1,     1] [     0,     0,     0]***[2]
Padding Info [Row, Col]: Actual  IN -> OUT : [ 0,  0] -> [ 0,  0],  To fill zero OUT: [ 0,  0], Virtual Pad(T,L,B,R): [ 0,  0,  0,  0]

 ------------- 123( 0, 123, 0, 4, 0) [1 x 1405 x  1] => [1 x 5 x  200] | TIDL_OdOutputReformatLayer
 LINK_X_FM_IN_FULL_TO_PART      65498253232 :  [0,1,1,1]
    FM_FULL        <580> ( L,F32b)[ 1, 1,    0, 1]: MSMC( 0),  1424,  1405,     1,  1440,[  0,  0],   a80 |||| FM_IN_PART     <583> (PP,S16b)[ 1, 1,    0, 1]:  L2( 0),  1405,  1405,     1,  1408,[     0,     0],     0
     Src_Flow [     0,     1,     1,     1] [     0,     0,     0]***[  1405,     1,     1,     1] [  1424,  1405,  1424]***[     0,     1,     1,     1] [     0,     0,     0]***[2]
     Snk_Flow [     0,     1,     1,     1] [     0,     0,     0]***[  1405,     1,     1,     1] [  1405,   702,     0]***[     0,     1,     1,     1] [     0,     0,     0]***[2]
 LINK_X_FM_OUT_PART_TO_FULL     65582139312 :  [2,1,1,1]
    FM_OUT_PART    <584> (PP,S16b)[ 1, 1,    0, 1]: MSMC( 0),  1000,  1000,     2,  2048,[  0,  0],  2100 |||| FM_FULL        <582> ( L,F32b)[ 1, 1,    0, 1]: DDR( 0),  1000,  1000,     1,  1280,[     0,     0],     0
     Src_Flow [     0,     1,     1,     1] [     0,     0,     0]***[     5,     1,     1,     1] [  1000,   500,     0]***[     0,     1,     1,     1] [     0,     0,     0]***[2]
     Snk_Flow [     0,     1,     1,     1] [     0,     0,     0]***[     5,     1,     1,     1] [  1000,     5,  1000]***[     0,     1,     1,     1] [     0,     0,     0]***[2]
 LINK_P                         65632470960 :  [1,1,1,1]
    FM_IN_PART     <583> (PP,S16b)[ 1, 1,    0, 1]:  L2( 0),  1405,  1405,     1,  1408,[  0,  0],     0 |||| FM_OUT_PART    <584> (PP,S16b)[ 1, 1,    0, 1]: MSMC( 0),  1000,  1000,     2,  2048,[     0,     0],  2100
     Src_Flow [     0,     1,     1,     1] [     0,     0,     0]***[  1405,     1,     1,     1] [  1405,   702,     0]***[     0,     1,     1,     1] [     0,     0,     0]***[2]
     Snk_Flow [     0,     1,     1,     1] [     0,     0,     0]***[     5,     1,     1,     1] [  1000,     5,     0]***[     0,     1,     1,     1] [     0,     0,     0]***[2]
Padding Info [Row, Col]: Actual  IN -> OUT : [ 0,  0] -> [ 0,  0],  To fill zero OUT: [ 0,  0], Virtual Pad(T,L,B,R): [ 0,  0,  0,  0]

 ------------- 124( 0, 124, 0, 4, 0) [1 x 1405 x  1] => [1 x 200 x  1] | TIDL_OdOutputReformatLayer
 LINK_X_FM_IN_FULL_TO_PART      65498253248 :  [0,1,1,1]
    FM_FULL        <580> ( L,F32b)[ 1, 1,    0, 1]: MSMC( 0),  1424,  1405,     1,  1440,[  0,  0],   a80 |||| FM_IN_PART     <587> (PP,S16b)[ 1, 1,    0, 1]:  L2( 0),  1405,  1405,     1,  1408,[     0,     0],     0
     Src_Flow [     0,     1,     1,     1] [     0,     0,     0]***[  1405,     1,     1,     1] [  1424,  1405,  1424]***[     0,     1,     1,     1] [     0,     0,     0]***[2]
     Snk_Flow [     0,     1,     1,     1] [     0,     0,     0]***[  1405,     1,     1,     1] [  1405,   702,     0]***[     0,     1,     1,     1] [     0,     0,     0]***[2]
 LINK_X_FM_OUT_PART_TO_FULL     65582139328 :  [2,1,1,1]
    FM_OUT_PART    <588> (PP,S16b)[ 1, 1,    0, 1]: MSMC( 0),   200,   200,     2,   448,[  0,  0],     0 |||| FM_FULL        <586> ( L,F32b)[ 1, 1,    0, 1]: DDR( 0),   200,   200,     1,   480,[     0,     0],     0
     Src_Flow [     0,     1,     1,     1] [     0,     0,     0]***[   200,     1,     1,     1] [   200,   100,     0]***[     0,     1,     1,     1] [     0,     0,     0]***[2]
     Snk_Flow [     0,     1,     1,     1] [     0,     0,     0]***[   200,     1,     1,     1] [   200,   200,   200]***[     0,     1,     1,     1] [     0,     0,     0]***[2]
 LINK_P                         65632470976 :  [1,1,1,1]
    FM_IN_PART     <587> (PP,S16b)[ 1, 1,    0, 1]:  L2( 0),  1405,  1405,     1,  1408,[  0,  0],     0 |||| FM_OUT_PART    <588> (PP,S16b)[ 1, 1,    0, 1]: MSMC( 0),   200,   200,     2,   448,[     0,     0],     0
     Src_Flow [     0,     1,     1,     1] [     0,     0,     0]***[  1405,     1,     1,     1] [  1405,   702,     0]***[     0,     1,     1,     1] [     0,     0,     0]***[2]
     Snk_Flow [     0,     1,     1,     1] [     0,     0,     0]***[   200,     1,     1,     1] [   200,   200,     0]***[     0,     1,     1,     1] [     0,     0,     0]***[2]
Padding Info [Row, Col]: Actual  IN -> OUT : [ 0,  0] -> [ 0,  0],  To fill zero OUT: [ 0,  0], Virtual Pad(T,L,B,R): [ 0,  0,  0,  0]

 ------------- 125 [Persistent Links WL]
 layer ID :1
 LINK_X_COEFF_IN_ANY_TO_FINAL   50331664    :  [0,1,1,1]
    COEFF_FULL     <3> ( L,S8b)[ 1, 1,    0, 1]: DDR_PERSIST( 0),    27,    27,    12,   512,[  0,  0],     0 |||| COEFF_IN_FINAL <4> ( L,S8b)[ 1, 1,    0, 1]: MSMC( 0),    27,    27,    12,   512,[     0,     0], f1e00
     Src_Flow [     0,     1,     1,     1] [     0,     0,     0]***[    27,    12,     1,     1] [    27,    27,   324]***[     0,     1,     1,     1] [     0,     0,     0]***[2]
     Snk_Flow [     0,     1,     1,     1] [     0,     0,     0]***[    27,    12,     1,     1] [    27,    27,     0]***[     0,     1,     1,     1] [     0,     0,     0]***[2]
 layer ID :7
 LINK_X_COEFF_IN_ANY_TO_FINAL   3271557232  :  [0,1,1,1]
    COEFF_FULL     <40> ( L,S8b)[ 1, 1,    0, 1]: DDR_PERSIST( 0),   144,   144,    16,  2432,[  0,  0],  2300 |||| COEFF_IN_FINAL <41> ( L,S8b)[ 1, 1,    0, 1]: MSMC( 0),   192,   144,    16,  3200,[     0,     0], f1180
     Src_Flow [     0,     1,     1,     1] [     0,     0,     0]***[   144,    16,     1,     1] [   144,   144,  2304]***[     0,     1,     1,     1] [     0,     0,     0]***[2]
     Snk_Flow [     0,     1,     1,     1] [     0,     0,     0]***[   144,    16,     1,     1] [   192,   144,     0]***[     0,     1,     1,     1] [     0,     0,     0]***[2]
 layer ID :58
 LINK_X_COEFF_IN_ANY_TO_FINAL   30651974560 :  [0,1,1,1]
    COEFF_FULL     <248> ( L,S8b)[ 1, 1,    0, 1]: DDR_PERSIST( 0),  1152,  1152,   128,148224,[  0,  0], c8380 |||| COEFF_IN_FINAL <249> ( L,S8b)[ 1, 1,    0, 1]: MSMC( 0),  1216,  1152,   128,156416,[     0,     0], c1d00
     Src_Flow [     0,     1,     1,     1] [     0,     0,     0]***[  1152,   128,     1,     1] [  1152,  1152,147456]***[     0,     1,     1,     1] [     0,     0,     0]***[2]
     Snk_Flow [     0,     1,     1,     1] [     0,     0,     0]***[  1152,   128,     1,     1] [  1216,  1152,     0]***[     0,     1,     1,     1] [     0,     0,     0]***[2]
 layer ID :87
 LINK_X_COEFF_IN_ANY_TO_FINAL   44610618736 :  [0,1,1,1]
    COEFF_FULL     <364> ( L,S8b)[ 1, 1,    0, 1]: DDR_PERSIST( 0),   576,   576,    64, 37248,[  0,  0],135d80 |||| COEFF_IN_FINAL <365> ( L,S8b)[ 1, 1,    0, 1]: MSMC( 0),   576,   576,    64, 37248,[     0,     0], e8000
     Src_Flow [     0,     1,     1,     1] [     0,     0,     0]***[   576,    64,     1,     1] [   576,   576, 36864]***[     0,     1,     1,     1] [     0,     0,     0]***[2]
     Snk_Flow [     0,     1,     1,     1] [     0,     0,     0]***[   576,    64,     1,     1] [   576,   576,     0]***[     0,     1,     1,     1] [     0,     0,     0]***[2]
